[
  {
    "order_id": "O202503270001",
    "customer_id": "C0095",
    "channel": "app",
    "created_at": "2025-03-27 15:31:33",
    "payment_status": "paid",
    "items": [
      {
        "sku": "SKU022",
        "qty": 4,
        "unit_price": 19.9
      },
      {
        "sku": "SKU042",
        "qty": 2,
        "unit_price": 15.0
      },
      {
        "sku": "SKU009",
        "qty": 3,
        "unit_price": 5.0
      },
      {
        "sku": "SKU010",
        "qty": 2,
        "unit_price": 9.9
      }
    ]
  },
  {
    "order_id": "O202503270002",
    "customer_id": "C0108",
    "channel": "app",
    "created_at": "2025-03-27 22:33:41",
    "payment_status": "paid",
    "items": [
      {
        "sku": "SKU021",
        "qty": 3,
        "unit_price": 8.0
      }
    ]
  },
  {
    "order_id": "O202503270003",
    "customer_id": "C0546",
    "channel": "web",
    "created_at": "2025-03-27 15:31:15",
    "payment_status": "failed",
    "items": [
      {
        "sku": "SKU029",
        "qty": 4,
        "unit_price": 15.0
      },
      {
        "sku": "SKU043",
        "qty": 1,
        "unit_price": 2.5
      },
      {
        "sku": "SKU031",
        "qty": 4,
        "unit_price": 9.9
      }
    ]
  },
  {
    "order_id": "O202503270004",
    "customer_id": "C0134",
    "channel": "web",
    "created_at": "2025-03-27 18:35:04",
    "payment_status": "paid",
    "items": [
      {
        "sku": "SKU021",
        "qty": 3,
        "unit_price": 8.0
      },
      {
        "sku": "SKU029",
        "qty": 4,
        "unit_price": 5.0
      },
      {
        "sku": "SKU001",
        "qty": 2,
        "unit_price": 9.9
      },
      {
        "sku": "SKU025",
        "qty": 2,
        "unit_price": 19.9
      }
    ]
  },
  {
    "order_id": "O202503270005",
    "customer_id": "C0337",
    "channel": "web",
    "created_at": "2025-03-27 18:17:46",
    "payment_status": "paid",
    "items": [
      {
        "sku": "SKU002",
        "qty": 3,
        "unit_price": 4.0
      },
      {
        "sku": "SKU013",
        "qty": 2,
        "unit_price": 12.5
      },
      {
        "sku": "SKU041",
        "qty": 2,
        "unit_price": 9.9
      }
    ]
  },
  {
    "order_id": "O202503270006",
    "customer_id": "C0087",
    "channel": "app",
    "created_at": "2025-03-27 07:01:12",
    "payment_status": "paid",
    "items": [
      {
        "sku": "SKU013",
        "qty": 3,
        "unit_price": 15.0
      },
      {
        "sku": "SKU010",
        "qty": 5,
        "unit_price": 7.5
      }
    ]
  },
  {
    "order_id": "O202503270007",
    "customer_id": "C0150",
    "channel": "app",
    "created_at": "2025-03-27 17:33:18",
    "payment_status": "paid",
    "items": [
      {
        "sku": "SKU029",
        "qty": 1,
        "unit_price": 9.9
      },
      {
        "sku": "SKU002",
        "qty": 1,
        "unit_price": 24.9
      },
      {
        "sku": "SKU039",
        "qty": 5,
        "unit_price": 2.5
      },
      {
        "sku": "SKU010",
        "qty": 3,
        "unit_price": 8.0
      }
    ]
  },
  {
    "order_id": "O202503270008",
    "customer_id": "C0676",
    "channel": "app",
    "created_at": "2025-03-27 11:54:44",
    "payment_status": "paid",
    "items": [
      {
        "sku": "SKU009",
        "qty": 4,
        "unit_price": 8.0
      },
      {
        "sku": "SKU041",
        "qty": 5,
        "unit_price": 15.0
      },
      {
        "sku": "SKU035",
        "qty": 3,
        "unit_price": 24.9
      },
      {
        "sku": "SKU050",
        "qty": 1,
        "unit_price": 2.5
      }
    ]
  },
  {
    "order_id": "O202503270009",
    "customer_id": "C0158",
    "channel": "app",
    "created_at": "2025-03-27 16:19:37",
    "payment_status": "paid",
    "items": [
      {
        "sku": "SKU019",
        "qty": 5,
        "unit_price": 5.0
      }
    ]
  },
  {
    "order_id": "O202503270010",
    "customer_id": "C0386",
    "channel": "web",
    "created_at": "2025-03-27 08:18:19",
    "payment_status": "paid",
    "items": [
      {
        "sku": "SKU044",
        "qty": 2,
        "unit_price": 19.9
      },
      {
        "sku": "SKU026",
        "qty": 1,
        "unit_price": 2.5
      }
    ]
  },
  {
    "order_id": "O202503270011",
    "customer_id": "C0589",
    "channel": "web",
    "created_at": "2025-03-27 12:30:55",
    "payment_status": "paid",
    "items": [
      {
        "sku": "SKU035",
        "qty": 4,
        "unit_price": 7.5
      },
      {
        "sku": "SKU033",
        "qty": 3,
        "unit_price": 7.5
      },
      {
        "sku": "SKU004",
        "qty": 1,
        "unit_price": 4.0
      }
    ]
  },
  {
    "order_id": "O202503270012",
    "customer_id": "C0542",
    "channel": "web",
    "created_at": "2025-03-27 20:38:01",
    "payment_status": "paid",
    "items": [
      {
        "sku": "SKU033",
        "qty": 4,
        "unit_price": 5.0
      },
      {
        "sku": "SKU018",
        "qty": 5,
        "unit_price": 15.0
      },
      {
        "sku": "SKU045",
        "qty": 5,
        "unit_price": 19.9
      }
    ]
  },
  {
    "order_id": "O202503270013",
    "customer_id": "C0317",
    "channel": "web",
    "created_at": "2025-03-27 13:47:31",
    "payment_status": "paid",
    "items": [
      {
        "sku": "SKU044",
        "qty": 2,
        "unit_price": 12.5
      },
      {
        "sku": "SKU022",
        "qty": 2,
        "unit_price": 7.5
      }
    ]
  },
  {
    "order_id": "O202503270014",
    "customer_id": "C0457",
    "channel": "app",
    "created_at": "2025-03-27 13:25:01",
    "payment_status": "paid",
    "items": [
      {
        "sku": "SKU035",
        "qty": 1,
        "unit_price": 9.9
      },
      {
        "sku": "SKU023",
        "qty": 2,
        "unit_price": 19.9
      },
      {
        "sku": "SKU021",
        "qty": 3,
        "unit_price": 5.0
      }
    ]
  },
  {
    "order_id": "O202503270015",
    "customer_id": "C0324",
    "channel": "app",
    "created_at": "2025-03-27 20:32:24",
    "payment_status": "paid",
    "items": [
      {
        "sku": "SKU026",
        "qty": 4,
        "unit_price": 12.5
      },
      {
        "sku": "SKU042",
        "qty": 5,
        "unit_price": 24.9
      }
    ]
  },
  {
    "order_id": "O202503270016",
    "customer_id": "C0218",
    "channel": "app",
    "created_at": "2025-03-27 16:24:53",
    "payment_status": "paid",
    "items": [
      {
        "sku": "SKU004",
        "qty": 1,
        "unit_price": 12.5
      }
    ]
  },
  {
    "order_id": "O202503270017",
    "customer_id": "C0214",
    "channel": "app",
    "created_at": "2025-03-27 09:28:30",
    "payment_status": "paid",
    "items": [
      {
        "sku": "SKU039",
        "qty": 2,
        "unit_price": 4.0
      },
      {
        "sku": "SKU017",
        "qty": 4,
        "unit_price": 2.5
      }
    ]
  },
  {
    "order_id": "O202503270018",
    "customer_id": "C0518",
    "channel": "app",
    "created_at": "2025-03-27 15:35:28",
    "payment_status": "paid",
    "items": [
      {
        "sku": "SKU024",
        "qty": 5,
        "unit_price": 8.0
      },
      {
        "sku": "SKU021",
        "qty": 3,
        "unit_price": 12.5
      },
      {
        "sku": "SKU024",
        "qty": 3,
        "unit_price": 8.0
      }
    ]
  },
  {
    "order_id": "O202503270019",
    "customer_id": "C0459",
    "channel": "app",
    "created_at": "2025-03-27 12:52:06",
    "payment_status": "paid",
    "items": [
      {
        "sku": "SKU005",
        "qty": 5,
        "unit_price": 7.5
      },
      {
        "sku": "SKU007",
        "qty": 2,
        "unit_price": 19.9
      }
    ]
  },
  {
    "order_id": "O202503270020",
    "customer_id": "C0124",
    "channel": "app",
    "created_at": "2025-03-27 13:37:05",
    "payment_status": "paid",
    "items": [
      {
        "sku": "SKU040",
        "qty": 3,
        "unit_price": 24.9
      },
      {
        "sku": "SKU012",
        "qty": 2,
        "unit_price": 15.0
      },
      {
        "sku": "SKU005",
        "qty": 1,
        "unit_price": 4.0
      }
    ]
  },
  {
    "order_id": "O202503270021",
    "customer_id": "C0577",
    "channel": "app",
    "created_at": "2025-03-27 07:41:55",
    "payment_status": "paid",
    "items": [
      {
        "sku": "SKU011",
        "qty": 5,
        "unit_price": 12.5
      },
      {
        "sku": "SKU029",
        "qty": 3,
        "unit_price": 15.0
      },
      {
        "sku": "SKU014",
        "qty": 3,
        "unit_price": 2.5
      },
      {
        "sku": "SKU032",
        "qty": 2,
        "unit_price": 15.0
      }
    ]
  },
  {
    "order_id": "O202503270022",
    "customer_id": "C0666",
    "channel": "web",
    "created_at": "2025-03-27 09:53:32",
    "payment_status": "paid",
    "items": [
      {
        "sku": "SKU022",
        "qty": 3,
        "unit_price": 19.9
      }
    ]
  },
  {
    "order_id": "O202503270023",
    "customer_id": "C0442",
    "channel": "web",
    "created_at": "2025-03-27 17:30:22",
    "payment_status": "paid",
    "items": [
      {
        "sku": "SKU037",
        "qty": 4,
        "unit_price": 7.5
      }
    ]
  },
  {
    "order_id": "O202503270024",
    "customer_id": "C0446",
    "channel": "app",
    "created_at": "2025-03-27 13:28:57",
    "payment_status": "paid",
    "items": [
      {
        "sku": "SKU009",
        "qty": 3,
        "unit_price": 8.0
      },
      {
        "sku": "SKU001",
        "qty": 1,
        "unit_price": 12.5
      },
      {
        "sku": "SKU029",
        "qty": 1,
        "unit_price": 4.0
      }
    ]
  },
  {
    "order_id": "O202503270025",
    "customer_id": "C0047",
    "channel": "app",
    "created_at": "2025-03-27 18:46:15",
    "payment_status": "paid",
    "items": [
      {
        "sku": "SKU007",
        "qty": 3,
        "unit_price": 15.0
      },
      {
        "sku": "SKU003",
        "qty": 5,
        "unit_price": 24.9
      }
    ]
  },
  {
    "order_id": "O202503270026",
    "customer_id": "C0713",
    "channel": "app",
    "created_at": "2025-03-27 22:08:35",
    "payment_status": "paid",
    "items": [
      {
        "sku": "SKU037",
        "qty": 2,
        "unit_price": 7.5
      }
    ]
  },
  {
    "order_id": "O202503270027",
    "customer_id": "C0239",
    "channel": "app",
    "created_at": "2025-03-27 18:17:44",
    "payment_status": "failed",
    "items": [
      {
        "sku": "SKU048",
        "qty": 2,
        "unit_price": 5.0
      }
    ]
  },
  {
    "order_id": "O202503270028",
    "customer_id": "C0284",
    "channel": "app",
    "created_at": "2025-03-27 20:56:17",
    "payment_status": "paid",
    "items": [
      {
        "sku": "SKU003",
        "qty": 3,
        "unit_price": 2.5
      },
      {
        "sku": "SKU035",
        "qty": 5,
        "unit_price": 8.0
      }
    ]
  },
  {
    "order_id": "O202503270029",
    "customer_id": "C0467",
    "channel": "app",
    "created_at": "2025-03-27 22:42:13",
    "payment_status": "paid",
    "items": [
      {
        "sku": "SKU004",
        "qty": 2,
        "unit_price": 7.5
      }
    ]
  },
  {
    "order_id": "O202503270030",
    "customer_id": "C0761",
    "channel": "web",
    "created_at": "2025-03-27 10:00:41",
    "payment_status": "paid",
    "items": [
      {
        "sku": "SKU022",
        "qty": 5,
        "unit_price": 12.5
      },
      {
        "sku": "SKU043",
        "qty": 1,
        "unit_price": 15.0
      },
      {
        "sku": "SKU008",
        "qty": 5,
        "unit_price": 4.0
      }
    ]
  },
  {
    "order_id": "O202503270031",
    "customer_id": "C0002",
    "channel": "app",
    "created_at": "2025-03-27 08:37:41",
    "payment_status": "paid",
    "items": [
      {
        "sku": "SKU037",
        "qty": 1,
        "unit_price": 5.0
      },
      {
        "sku": "SKU011",
        "qty": 4,
        "unit_price": 15.0
      }
    ]
  },
  {
    "order_id": "O202503270032",
    "customer_id": "C0712",
    "channel": "app",
    "created_at": "2025-03-27 14:18:57",
    "payment_status": "paid",
    "items": [
      {
        "sku": "SKU050",
        "qty": 5,
        "unit_price": 4.0
      }
    ]
  },
  {
    "order_id": "O202503270033",
    "customer_id": "C0787",
    "channel": "app",
    "created_at": "2025-03-27 21:36:45",
    "payment_status": "paid",
    "items": [
      {
        "sku": "SKU005",
        "qty": 1,
        "unit_price": 9.9
      }
    ]
  },
  {
    "order_id": "O202503270034",
    "customer_id": "C0258",
    "channel": "app",
    "created_at": "2025-03-27 12:18:24",
    "payment_status": "paid",
    "items": [
      {
        "sku": "SKU020",
        "qty": 4,
        "unit_price": 2.5
      }
    ]
  },
  {
    "order_id": "O202503270035",
    "customer_id": "C0015",
    "channel": "web",
    "created_at": "2025-03-27 10:36:51",
    "payment_status": "paid",
    "items": [
      {
        "sku": "SKU001",
        "qty": 5,
        "unit_price": 15.0
      }
    ]
  },
  {
    "order_id": "O202503270036",
    "customer_id": "C0070",
    "channel": "app",
    "created_at": "2025-03-27 16:10:55",
    "payment_status": "paid",
    "items": [
      {
        "sku": "SKU018",
        "qty": 2,
        "unit_price": 7.5
      },
      {
        "sku": "SKU013",
        "qty": 3,
        "unit_price": 19.9
      },
      {
        "sku": "SKU035",
        "qty": 1,
        "unit_price": 9.9
      },
      {
        "sku": "SKU042",
        "qty": 1,
        "unit_price": 7.5
      }
    ]
  },
  {
    "order_id": "O202503270037",
    "customer_id": "C0166",
    "channel": "web",
    "created_at": "2025-03-27 07:28:42",
    "payment_status": "paid",
    "items": [
      {
        "sku": "SKU004",
        "qty": 1,
        "unit_price": 8.0
      },
      {
        "sku": "SKU021",
        "qty": 3,
        "unit_price": 4.0
      },
      {
        "sku": "SKU013",
        "qty": 2,
        "unit_price": 12.5
      },
      {
        "sku": "SKU050",
        "qty": 4,
        "unit_price": 8.0
      }
    ]
  },
  {
    "order_id": "O202503270038",
    "customer_id": "C0123",
    "channel": "app",
    "created_at": "2025-03-27 20:29:35",
    "payment_status": "paid",
    "items": [
      {
        "sku": "SKU009",
        "qty": 5,
        "unit_price": 8.0
      }
    ]
  },
  {
    "order_id": "O202503270039",
    "customer_id": "C0063",
    "channel": "web",
    "created_at": "2025-03-27 20:12:29",
    "payment_status": "failed",
    "items": [
      {
        "sku": "SKU003",
        "qty": 2,
        "unit_price": 9.9
      },
      {
        "sku": "SKU040",
        "qty": 2,
        "unit_price": 19.9
      },
      {
        "sku": "SKU036",
        "qty": 5,
        "unit_price": 9.9
      }
    ]
  },
  {
    "order_id": "O202503270040",
    "customer_id": "C0334",
    "channel": "app",
    "created_at": "2025-03-27 07:54:32",
    "payment_status": "paid",
    "items": [
      {
        "sku": "SKU009",
        "qty": 3,
        "unit_price": 12.5
      },
      {
        "sku": "SKU046",
        "qty": 3,
        "unit_price": 7.5
      }
    ]
  },
  {
    "order_id": "O202503270041",
    "customer_id": "C0526",
    "channel": "app",
    "created_at": "2025-03-27 19:54:26",
    "payment_status": "paid",
    "items": [
      {
        "sku": "SKU046",
        "qty": 4,
        "unit_price": 7.5
      },
      {
        "sku": "SKU042",
        "qty": 5,
        "unit_price": 4.0
      },
      {
        "sku": "SKU010",
        "qty": 1,
        "unit_price": 2.5
      }
    ]
  },
  {
    "order_id": "O202503270042",
    "customer_id": "C0153",
    "channel": "app",
    "created_at": "2025-03-27 10:13:19",
    "payment_status": "paid",
    "items": [
      {
        "sku": "SKU050",
        "qty": 3,
        "unit_price": 4.0
      },
      {
        "sku": "SKU012",
        "qty": 4,
        "unit_price": 8.0
      },
      {
        "sku": "SKU002",
        "qty": 3,
        "unit_price": 7.5
      }
    ]
  },
  {
    "order_id": "O202503270043",
    "customer_id": "C0454",
    "channel": "app",
    "created_at": "2025-03-27 08:31:56",
    "payment_status": "paid",
    "items": [
      {
        "sku": "SKU038",
        "qty": 5,
        "unit_price": 15.0
      },
      {
        "sku": "SKU049",
        "qty": 4,
        "unit_price": 24.9
      }
    ]
  },
  {
    "order_id": "O202503270044",
    "customer_id": "C0119",
    "channel": "web",
    "created_at": "2025-03-27 14:58:19",
    "payment_status": "paid",
    "items": [
      {
        "sku": "SKU002",
        "qty": 3,
        "unit_price": 4.0
      }
    ]
  },
  {
    "order_id": "O202503270045",
    "customer_id": "C0051",
    "channel": "app",
    "created_at": "2025-03-27 08:52:41",
    "payment_status": "paid",
    "items": [
      {
        "sku": "SKU050",
        "qty": 5,
        "unit_price": 24.9
      },
      {
        "sku": "SKU049",
        "qty": 5,
        "unit_price": 7.5
      },
      {
        "sku": "SKU040",
        "qty": 1,
        "unit_price": 24.9
      }
    ]
  },
  {
    "order_id": "O202503270046",
    "customer_id": "C0542",
    "channel": "app",
    "created_at": "2025-03-27 13:10:36",
    "payment_status": "paid",
    "items": [
      {
        "sku": "SKU049",
        "qty": 5,
        "unit_price": 4.0
      },
      {
        "sku": "SKU015",
        "qty": 2,
        "unit_price": 12.5
      },
      {
        "sku": "SKU003",
        "qty": 4,
        "unit_price": 15.0
      }
    ]
  },
  {
    "order_id": "O202503270047",
    "customer_id": "C0078",
    "channel": "app",
    "created_at": "2025-03-27 07:41:51",
    "payment_status": "failed",
    "items": [
      {
        "sku": "SKU002",
        "qty": 2,
        "unit_price": 9.9
      },
      {
        "sku": "SKU017",
        "qty": 4,
        "unit_price": 8.0
      },
      {
        "sku": "SKU009",
        "qty": 4,
        "unit_price": 2.5
      }
    ]
  },
  {
    "order_id": "O202503270048",
    "customer_id": "C0006",
    "channel": "app",
    "created_at": "2025-03-27 10:29:52",
    "payment_status": "paid",
    "items": [
      {
        "sku": "SKU013",
        "qty": 2,
        "unit_price": 19.9
      },
      {
        "sku": "SKU043",
        "qty": 2,
        "unit_price": 8.0
      },
      {
        "sku": "SKU016",
        "qty": 1,
        "unit_price": 8.0
      },
      {
        "sku": "SKU002",
        "qty": 2,
        "unit_price": 7.5
      }
    ]
  },
  {
    "order_id": "O202503270049",
    "customer_id": "C0590",
    "channel": "web",
    "created_at": "2025-03-27 15:43:24",
    "payment_status": "paid",
    "items": [
      {
        "sku": "SKU044",
        "qty": 4,
        "unit_price": 2.5
      },
      {
        "sku": "SKU020",
        "qty": 2,
        "unit_price": 12.5
      },
      {
        "sku": "SKU028",
        "qty": 2,
        "unit_price": 12.5
      },
      {
        "sku": "SKU026",
        "qty": 3,
        "unit_price": 12.5
      }
    ]
  },
  {
    "order_id": "O202503270050",
    "customer_id": "C0147",
    "channel": "web",
    "created_at": "2025-03-27 10:59:50",
    "payment_status": "paid",
    "items": [
      {
        "sku": "SKU014",
        "qty": 5,
        "unit_price": 15.0
      },
      {
        "sku": "SKU029",
        "qty": 2,
        "unit_price": 9.9
      }
    ]
  },
  {
    "order_id": "O202503270051",
    "customer_id": "C0667",
    "channel": "app",
    "created_at": "2025-03-27 13:56:40",
    "payment_status": "paid",
    "items": [
      {
        "sku": "SKU004",
        "qty": 1,
        "unit_price": 24.9
      },
      {
        "sku": "SKU043",
        "qty": 4,
        "unit_price": 7.5
      },
      {
        "sku": "SKU019",
        "qty": 2,
        "unit_price": 2.5
      },
      {
        "sku": "SKU035",
        "qty": 5,
        "unit_price": 5.0
      }
    ]
  },
  {
    "order_id": "O202503270052",
    "customer_id": "C0745",
    "channel": "web",
    "created_at": "2025-03-27 07:26:47",
    "payment_status": "paid",
    "items": [
      {
        "sku": "SKU023",
        "qty": 3,
        "unit_price": 5.0
      },
      {
        "sku": "SKU022",
        "qty": 4,
        "unit_price": 5.0
      }
    ]
  },
  {
    "order_id": "O202503270053",
    "customer_id": "C0244",
    "channel": "web",
    "created_at": "2025-03-27 09:45:34",
    "payment_status": "paid",
    "items": [
      {
        "sku": "SKU013",
        "qty": 3,
        "unit_price": 12.5
      },
      {
        "sku": "SKU010",
        "qty": 5,
        "unit_price": 19.9
      },
      {
        "sku": "SKU025",
        "qty": 2,
        "unit_price": 19.9
      },
      {
        "sku": "SKU028",
        "qty": 4,
        "unit_price": 9.9
      }
    ]
  },
  {
    "order_id": "O202503270054",
    "customer_id": "C0376",
    "channel": "app",
    "created_at": "2025-03-27 21:29:07",
    "payment_status": "paid",
    "items": [
      {
        "sku": "SKU035",
        "qty": 2,
        "unit_price": 4.0
      }
    ]
  },
  {
    "order_id": "O202503270055",
    "customer_id": "C0167",
    "channel": "web",
    "created_at": "2025-03-27 10:35:04",
    "payment_status": "paid",
    "items": [
      {
        "sku": "SKU006",
        "qty": 4,
        "unit_price": 24.9
      },
      {
        "sku": "SKU016",
        "qty": 4,
        "unit_price": 12.5
      },
      {
        "sku": "SKU031",
        "qty": 3,
        "unit_price": 8.0
      },
      {
        "sku": "SKU046",
        "qty": 3,
        "unit_price": 5.0
      }
    ]
  },
  {
    "order_id": "O202503270056",
    "customer_id": "C0292",
    "channel": "app",
    "created_at": "2025-03-27 18:43:47",
    "payment_status": "paid",
    "items": [
      {
        "sku": "SKU047",
        "qty": 5,
        "unit_price": 5.0
      },
      {
        "sku": "SKU030",
        "qty": 3,
        "unit_price": 4.0
      },
      {
        "sku": "SKU001",
        "qty": 3,
        "unit_price": 4.0
      }
    ]
  },
  {
    "order_id": "O202503270057",
    "customer_id": "C0607",
    "channel": "app",
    "created_at": "2025-03-27 19:13:14",
    "payment_status": "paid",
    "items": [
      {
        "sku": "SKU026",
        "qty": 2,
        "unit_price": 19.9
      }
    ]
  },
  {
    "order_id": "O202503270058",
    "customer_id": "C0637",
    "channel": "web",
    "created_at": "2025-03-27 07:02:49",
    "payment_status": "paid",
    "items": [
      {
        "sku": "SKU014",
        "qty": 5,
        "unit_price": 24.9
      },
      {
        "sku": "SKU017",
        "qty": 2,
        "unit_price": 4.0
      }
    ]
  },
  {
    "order_id": "O202503270059",
    "customer_id": "C0261",
    "channel": "app",
    "created_at": "2025-03-27 07:41:34",
    "payment_status": "paid",
    "items": [
      {
        "sku": "SKU001",
        "qty": 5,
        "unit_price": 24.9
      },
      {
        "sku": "SKU002",
        "qty": 2,
        "unit_price": 19.9
      },
      {
        "sku": "SKU039",
        "qty": 1,
        "unit_price": 5.0
      },
      {
        "sku": "SKU033",
        "qty": 3,
        "unit_price": 19.9
      }
    ]
  },
  {
    "order_id": "O202503270060",
    "customer_id": "C0375",
    "channel": "web",
    "created_at": "2025-03-27 18:59:17",
    "payment_status": "paid",
    "items": [
      {
        "sku": "SKU007",
        "qty": 3,
        "unit_price": 12.5
      },
      {
        "sku": "SKU021",
        "qty": 5,
        "unit_price": 2.5
      },
      {
        "sku": "SKU016",
        "qty": 1,
        "unit_price": 15.0
      },
      {
        "sku": "SKU009",
        "qty": 4,
        "unit_price": 2.5
      }
    ]
  },
  {
    "order_id": "O202503270061",
    "customer_id": "C0569",
    "channel": "app",
    "created_at": "2025-03-27 20:48:56",
    "payment_status": "paid",
    "items": [
      {
        "sku": "SKU038",
        "qty": 1,
        "unit_price": 12.5
      },
      {
        "sku": "SKU018",
        "qty": 2,
        "unit_price": 7.5
      }
    ]
  },
  {
    "order_id": "O202503270062",
    "customer_id": "C0784",
    "channel": "app",
    "created_at": "2025-03-27 21:06:13",
    "payment_status": "paid",
    "items": [
      {
        "sku": "SKU003",
        "qty": 5,
        "unit_price": 12.5
      },
      {
        "sku": "SKU008",
        "qty": 3,
        "unit_price": 8.0
      }
    ]
  },
  {
    "order_id": "O202503270063",
    "customer_id": "C0331",
    "channel": "web",
    "created_at": "2025-03-27 22:49:58",
    "payment_status": "paid",
    "items": [
      {
        "sku": "SKU004",
        "qty": 5,
        "unit_price": 12.5
      },
      {
        "sku": "SKU047",
        "qty": 5,
        "unit_price": 5.0
      }
    ]
  },
  {
    "order_id": "O202503270064",
    "customer_id": "C0516",
    "channel": "app",
    "created_at": "2025-03-27 18:25:01",
    "payment_status": "pending",
    "items": [
      {
        "sku": "SKU002",
        "qty": 1,
        "unit_price": 24.9
      }
    ]
  },
  {
    "order_id": "O202503270065",
    "customer_id": "C0393",
    "channel": "web",
    "created_at": "2025-03-27 07:14:36",
    "payment_status": "paid",
    "items": [
      {
        "sku": "SKU012",
        "qty": 4,
        "unit_price": 2.5
      }
    ]
  },
  {
    "order_id": "O202503270066",
    "customer_id": "C0420",
    "channel": "web",
    "created_at": "2025-03-27 16:20:10",
    "payment_status": "paid",
    "items": [
      {
        "sku": "SKU001",
        "qty": 3,
        "unit_price": 7.5
      }
    ]
  },
  {
    "order_id": "O202503270067",
    "customer_id": "C0221",
    "channel": "app",
    "created_at": "2025-03-27 20:29:20",
    "payment_status": "paid",
    "items": [
      {
        "sku": "SKU016",
        "qty": 1,
        "unit_price": 8.0
      },
      {
        "sku": "SKU039",
        "qty": 1,
        "unit_price": 9.9
      }
    ]
  },
  {
    "order_id": "O202503270068",
    "customer_id": "C0088",
    "channel": "app",
    "created_at": "2025-03-27 20:58:45",
    "payment_status": "paid",
    "items": [
      {
        "sku": "SKU022",
        "qty": 2,
        "unit_price": 9.9
      },
      {
        "sku": "SKU045",
        "qty": 4,
        "unit_price": 7.5
      }
    ]
  },
  {
    "order_id": "O202503270069",
    "customer_id": "C0063",
    "channel": "app",
    "created_at": "2025-03-27 19:29:01",
    "payment_status": "paid",
    "items": [
      {
        "sku": "SKU015",
        "qty": 5,
        "unit_price": 8.0
      },
      {
        "sku": "SKU004",
        "qty": 5,
        "unit_price": 19.9
      },
      {
        "sku": "SKU047",
        "qty": 5,
        "unit_price": 4.0
      }
    ]
  },
  {
    "order_id": "O202503270070",
    "customer_id": "C0307",
    "channel": "app",
    "created_at": "2025-03-27 08:01:57",
    "payment_status": "paid",
    "items": [
      {
        "sku": "SKU025",
        "qty": 3,
        "unit_price": 19.9
      },
      {
        "sku": "SKU015",
        "qty": 3,
        "unit_price": 15.0
      }
    ]
  },
  {
    "order_id": "O202503270071",
    "customer_id": "C0061",
    "channel": "web",
    "created_at": "2025-03-27 17:26:28",
    "payment_status": "paid",
    "items": [
      {
        "sku": "SKU008",
        "qty": 3,
        "unit_price": 7.5
      },
      {
        "sku": "SKU035",
        "qty": 1,
        "unit_price": 7.5
      }
    ]
  },
  {
    "order_id": "O202503270072",
    "customer_id": "C0550",
    "channel": "app",
    "created_at": "2025-03-27 13:10:55",
    "payment_status": "paid",
    "items": [
      {
        "sku": "SKU003",
        "qty": 1,
        "unit_price": 19.9
      },
      {
        "sku": "SKU006",
        "qty": 4,
        "unit_price": 19.9
      }
    ]
  },
  {
    "order_id": "O202503270073",
    "customer_id": "C0279",
    "channel": "web",
    "created_at": "2025-03-27 18:25:06",
    "payment_status": "paid",
    "items": [
      {
        "sku": "SKU003",
        "qty": 1,
        "unit_price": 7.5
      },
      {
        "sku": "SKU030",
        "qty": 1,
        "unit_price": 12.5
      }
    ]
  },
  {
    "order_id": "O202503270074",
    "customer_id": "C0653",
    "channel": "web",
    "created_at": "2025-03-27 11:10:08",
    "payment_status": "paid",
    "items": [
      {
        "sku": "SKU045",
        "qty": 3,
        "unit_price": 4.0
      },
      {
        "sku": "SKU030",
        "qty": 4,
        "unit_price": 4.0
      }
    ]
  },
  {
    "order_id": "O202503270075",
    "customer_id": "C0290",
    "channel": "app",
    "created_at": "2025-03-27 19:33:47",
    "payment_status": "pending",
    "items": [
      {
        "sku": "SKU001",
        "qty": 5,
        "unit_price": 7.5
      },
      {
        "sku": "SKU023",
        "qty": 1,
        "unit_price": 19.9
      },
      {
        "sku": "SKU044",
        "qty": 4,
        "unit_price": 8.0
      },
      {
        "sku": "SKU047",
        "qty": 5,
        "unit_price": 15.0
      }
    ]
  },
  {
    "order_id": "O202503270076",
    "customer_id": "C0063",
    "channel": "web",
    "created_at": "2025-03-27 22:30:24",
    "payment_status": "paid",
    "items": [
      {
        "sku": "SKU040",
        "qty": 3,
        "unit_price": 2.5
      },
      {
        "sku": "SKU040",
        "qty": 3,
        "unit_price": 5.0
      }
    ]
  },
  {
    "order_id": "O202503270077",
    "customer_id": "C0542",
    "channel": "app",
    "created_at": "2025-03-27 13:13:24",
    "payment_status": "paid",
    "items": [
      {
        "sku": "SKU013",
        "qty": 4,
        "unit_price": 8.0
      },
      {
        "sku": "SKU020",
        "qty": 2,
        "unit_price": 12.5
      },
      {
        "sku": "SKU030",
        "qty": 4,
        "unit_price": 8.0
      },
      {
        "sku": "SKU046",
        "qty": 5,
        "unit_price": 24.9
      }
    ]
  },
  {
    "order_id": "O202503270078",
    "customer_id": "C0539",
    "channel": "web",
    "created_at": "2025-03-27 11:14:55",
    "payment_status": "paid",
    "items": [
      {
        "sku": "SKU003",
        "qty": 1,
        "unit_price": 7.5
      },
      {
        "sku": "SKU047",
        "qty": 1,
        "unit_price": 4.0
      },
      {
        "sku": "SKU003",
        "qty": 3,
        "unit_price": 8.0
      }
    ]
  },
  {
    "order_id": "O202503270079",
    "customer_id": "C0331",
    "channel": "web",
    "created_at": "2025-03-27 13:37:55",
    "payment_status": "paid",
    "items": [
      {
        "sku": "SKU022",
        "qty": 2,
        "unit_price": 8.0
      },
      {
        "sku": "SKU016",
        "qty": 4,
        "unit_price": 5.0
      }
    ]
  },
  {
    "order_id": "O202503270080",
    "customer_id": "C0138",
    "channel": "app",
    "created_at": "2025-03-27 17:40:51",
    "payment_status": "paid",
    "items": [
      {
        "sku": "SKU018",
        "qty": 5,
        "unit_price": 7.5
      },
      {
        "sku": "SKU027",
        "qty": 2,
        "unit_price": 12.5
      },
      {
        "sku": "SKU009",
        "qty": 5,
        "unit_price": 7.5
      }
    ]
  },
  {
    "order_id": "O202503270081",
    "customer_id": "C0092",
    "channel": "web",
    "created_at": "2025-03-27 20:06:12",
    "payment_status": "paid",
    "items": [
      {
        "sku": "SKU048",
        "qty": 4,
        "unit_price": 12.5
      },
      {
        "sku": "SKU042",
        "qty": 3,
        "unit_price": 7.5
      },
      {
        "sku": "SKU032",
        "qty": 1,
        "unit_price": 19.9
      }
    ]
  },
  {
    "order_id": "O202503270082",
    "customer_id": "C0494",
    "channel": "web",
    "created_at": "2025-03-27 15:50:34",
    "payment_status": "paid",
    "items": [
      {
        "sku": "SKU027",
        "qty": 2,
        "unit_price": 4.0
      },
      {
        "sku": "SKU046",
        "qty": 3,
        "unit_price": 7.5
      },
      {
        "sku": "SKU008",
        "qty": 5,
        "unit_price": 7.5
      }
    ]
  },
  {
    "order_id": "O202503270083",
    "customer_id": "C0444",
    "channel": "web",
    "created_at": "2025-03-27 15:24:36",
    "payment_status": "paid",
    "items": [
      {
        "sku": "SKU044",
        "qty": 5,
        "unit_price": 5.0
      },
      {
        "sku": "SKU021",
        "qty": 2,
        "unit_price": 4.0
      },
      {
        "sku": "SKU020",
        "qty": 2,
        "unit_price": 8.0
      }
    ]
  },
  {
    "order_id": "O202503270084",
    "customer_id": "C0078",
    "channel": "app",
    "created_at": "2025-03-27 07:25:03",
    "payment_status": "pending",
    "items": [
      {
        "sku": "SKU005",
        "qty": 2,
        "unit_price": 15.0
      },
      {
        "sku": "SKU011",
        "qty": 5,
        "unit_price": 7.5
      }
    ]
  },
  {
    "order_id": "O202503270085",
    "customer_id": "C0342",
    "channel": "app",
    "created_at": "2025-03-27 10:19:31",
    "payment_status": "paid",
    "items": [
      {
        "sku": "SKU008",
        "qty": 1,
        "unit_price": 4.0
      }
    ]
  },
  {
    "order_id": "O202503270086",
    "customer_id": "C0681",
    "channel": "web",
    "created_at": "2025-03-27 18:10:19",
    "payment_status": "paid",
    "items": [
      {
        "sku": "SKU044",
        "qty": 3,
        "unit_price": 7.5
      }
    ]
  },
  {
    "order_id": "O202503270087",
    "customer_id": "C0216",
    "channel": "app",
    "created_at": "2025-03-27 14:15:19",
    "payment_status": "paid",
    "items": [
      {
        "sku": "SKU016",
        "qty": 2,
        "unit_price": 4.0
      },
      {
        "sku": "SKU036",
        "qty": 4,
        "unit_price": 9.9
      },
      {
        "sku": "SKU020",
        "qty": 3,
        "unit_price": 8.0
      },
      {
        "sku": "SKU030",
        "qty": 2,
        "unit_price": 7.5
      }
    ]
  },
  {
    "order_id": "O202503270088",
    "customer_id": "C0183",
    "channel": "app",
    "created_at": "2025-03-27 07:43:28",
    "payment_status": "paid",
    "items": [
      {
        "sku": "SKU031",
        "qty": 3,
        "unit_price": 8.0
      },
      {
        "sku": "SKU039",
        "qty": 2,
        "unit_price": 12.5
      },
      {
        "sku": "SKU041",
        "qty": 5,
        "unit_price": 12.5
      }
    ]
  },
  {
    "order_id": "O202503270089",
    "customer_id": "C0401",
    "channel": "web",
    "created_at": "2025-03-27 16:32:13",
    "payment_status": "paid",
    "items": [
      {
        "sku": "SKU003",
        "qty": 4,
        "unit_price": 2.5
      },
      {
        "sku": "SKU002",
        "qty": 1,
        "unit_price": 4.0
      },
      {
        "sku": "SKU010",
        "qty": 5,
        "unit_price": 15.0
      },
      {
        "sku": "SKU020",
        "qty": 5,
        "unit_price": 15.0
      }
    ]
  },
  {
    "order_id": "O202503270090",
    "customer_id": "C0472",
    "channel": "web",
    "created_at": "2025-03-27 08:29:41",
    "payment_status": "paid",
    "items": [
      {
        "sku": "SKU034",
        "qty": 1,
        "unit_price": 5.0
      },
      {
        "sku": "SKU021",
        "qty": 3,
        "unit_price": 19.9
      },
      {
        "sku": "SKU042",
        "qty": 1,
        "unit_price": 15.0
      },
      {
        "sku": "SKU018",
        "qty": 3,
        "unit_price": 12.5
      }
    ]
  },
  {
    "order_id": "O202503270091",
    "customer_id": "C0361",
    "channel": "web",
    "created_at": "2025-03-27 19:13:22",
    "payment_status": "paid",
    "items": [
      {
        "sku": "SKU002",
        "qty": 1,
        "unit_price": 15.0
      },
      {
        "sku": "SKU031",
        "qty": 3,
        "unit_price": 9.9
      }
    ]
  },
  {
    "order_id": "O202503270092",
    "customer_id": "C0572",
    "channel": "app",
    "created_at": "2025-03-27 19:13:45",
    "payment_status": "paid",
    "items": [
      {
        "sku": "SKU001",
        "qty": 1,
        "unit_price": 5.0
      },
      {
        "sku": "SKU036",
        "qty": 4,
        "unit_price": 15.0
      },
      {
        "sku": "SKU011",
        "qty": 4,
        "unit_price": 19.9
      },
      {
        "sku": "SKU011",
        "qty": 3,
        "unit_price": 12.5
      }
    ]
  },
  {
    "order_id": "O202503270093",
    "customer_id": "C0417",
    "channel": "app",
    "created_at": "2025-03-27 11:38:26",
    "payment_status": "paid",
    "items": [
      {
        "sku": "SKU008",
        "qty": 2,
        "unit_price": 19.9
      },
      {
        "sku": "SKU039",
        "qty": 5,
        "unit_price": 8.0
      },
      {
        "sku": "SKU027",
        "qty": 4,
        "unit_price": 19.9
      }
    ]
  },
  {
    "order_id": "O202503270094",
    "customer_id": "C0275",
    "channel": "app",
    "created_at": "2025-03-27 14:48:56",
    "payment_status": "paid",
    "items": [
      {
        "sku": "SKU021",
        "qty": 1,
        "unit_price": 7.5
      }
    ]
  },
  {
    "order_id": "O202503270095",
    "customer_id": "C0694",
    "channel": "web",
    "created_at": "2025-03-27 10:58:48",
    "payment_status": "pending",
    "items": [
      {
        "sku": "SKU024",
        "qty": 5,
        "unit_price": 5.0
      },
      {
        "sku": "SKU031",
        "qty": 5,
        "unit_price": 2.5
      }
    ]
  },
  {
    "order_id": "O202503270096",
    "customer_id": "C0721",
    "channel": "app",
    "created_at": "2025-03-27 20:41:11",
    "payment_status": "paid",
    "items": [
      {
        "sku": "SKU013",
        "qty": 2,
        "unit_price": 7.5
      }
    ]
  },
  {
    "order_id": "O202503270097",
    "customer_id": "C0547",
    "channel": "app",
    "created_at": "2025-03-27 08:53:40",
    "payment_status": "paid",
    "items": [
      {
        "sku": "SKU018",
        "qty": 1,
        "unit_price": 7.5
      }
    ]
  },
  {
    "order_id": "O202503270098",
    "customer_id": "C0221",
    "channel": "web",
    "created_at": "2025-03-27 16:07:28",
    "payment_status": "paid",
    "items": [
      {
        "sku": "SKU015",
        "qty": 1,
        "unit_price": 8.0
      },
      {
        "sku": "SKU001",
        "qty": 4,
        "unit_price": 19.9
      }
    ]
  },
  {
    "order_id": "O202503270099",
    "customer_id": "C0314",
    "channel": "web",
    "created_at": "2025-03-27 10:04:55",
    "payment_status": "paid",
    "items": [
      {
        "sku": "SKU017",
        "qty": 2,
        "unit_price": 12.5
      }
    ]
  },
  {
    "order_id": "O202503270100",
    "customer_id": "C0659",
    "channel": "app",
    "created_at": "2025-03-27 15:00:06",
    "payment_status": "paid",
    "items": [
      {
        "sku": "SKU042",
        "qty": 3,
        "unit_price": 19.9
      },
      {
        "sku": "SKU023",
        "qty": 1,
        "unit_price": 9.9
      }
    ]
  },
  {
    "order_id": "O202503270066",
    "customer_id": "C0420",
    "channel": "web",
    "created_at": "2025-03-27 16:20:10",
    "payment_status": "paid",
    "items": [
      {
        "sku": "SKU001",
        "qty": 3,
        "unit_price": 7.5
      }
    ]
  },
  {
    "order_id": "O202503270006",
    "customer_id": "C0087",
    "channel": "app",
    "created_at": "2025-03-27 07:01:12",
    "payment_status": "paid",
    "items": [
      {
        "sku": "SKU013",
        "qty": 3,
        "unit_price": 15.0
      },
      {
        "sku": "SKU010",
        "qty": 5,
        "unit_price": 7.5
      }
    ]
  },
  {
    "order_id": "O202503270045",
    "customer_id": "C0051",
    "channel": "app",
    "created_at": "2025-03-27 08:52:41",
    "payment_status": "paid",
    "items": [
      {
        "sku": "SKU050",
        "qty": 5,
        "unit_price": 24.9
      },
      {
        "sku": "SKU049",
        "qty": 5,
        "unit_price": 7.5
      },
      {
        "sku": "SKU040",
        "qty": 1,
        "unit_price": 24.9
      }
    ]
  }
]