[
  {
    "order_id": "O202503300001",
    "customer_id": "C0129",
    "channel": "app",
    "created_at": "2025-03-30 17:14:42",
    "payment_status": "paid",
    "items": [
      {
        "sku": "SKU046",
        "qty": 2,
        "unit_price": 15.0
      },
      {
        "sku": "SKU016",
        "qty": 1,
        "unit_price": 5.0
      },
      {
        "sku": "SKU011",
        "qty": 1,
        "unit_price": 2.5
      }
    ]
  },
  {
    "order_id": "O202503300002",
    "customer_id": "C0154",
    "channel": "app",
    "created_at": "2025-03-30 10:00:52",
    "payment_status": "paid",
    "items": [
      {
        "sku": "SKU010",
        "qty": 3,
        "unit_price": 12.5
      }
    ]
  },
  {
    "order_id": "O202503300003",
    "customer_id": "C0042",
    "channel": "web",
    "created_at": "2025-03-30 16:21:19",
    "payment_status": "paid",
    "items": [
      {
        "sku": "SKU041",
        "qty": 2,
        "unit_price": 12.5
      },
      {
        "sku": "SKU050",
        "qty": 2,
        "unit_price": 12.5
      },
      {
        "sku": "SKU047",
        "qty": 3,
        "unit_price": 15.0
      }
    ]
  },
  {
    "order_id": "O202503300004",
    "customer_id": "C0428",
    "channel": "app",
    "created_at": "2025-03-30 21:12:36",
    "payment_status": "paid",
    "items": [
      {
        "sku": "SKU043",
        "qty": 3,
        "unit_price": 19.9
      },
      {
        "sku": "SKU039",
        "qty": 3,
        "unit_price": 5.0
      },
      {
        "sku": "SKU029",
        "qty": 1,
        "unit_price": 19.9
      }
    ]
  },
  {
    "order_id": "O202503300005",
    "customer_id": "C0772",
    "channel": "app",
    "created_at": "2025-03-30 20:22:12",
    "payment_status": "paid",
    "items": [
      {
        "sku": "SKU021",
        "qty": 4,
        "unit_price": 15.0
      },
      {
        "sku": "SKU021",
        "qty": 1,
        "unit_price": 8.0
      },
      {
        "sku": "SKU017",
        "qty": 2,
        "unit_price": 12.5
      }
    ]
  },
  {
    "order_id": "O202503300006",
    "customer_id": "C0786",
    "channel": "web",
    "created_at": "2025-03-30 14:39:12",
    "payment_status": "paid",
    "items": [
      {
        "sku": "SKU046",
        "qty": 3,
        "unit_price": 12.5
      }
    ]
  },
  {
    "order_id": "O202503300007",
    "customer_id": "C0426",
    "channel": "app",
    "created_at": "2025-03-30 13:39:59",
    "payment_status": "paid",
    "items": [
      {
        "sku": "SKU011",
        "qty": 2,
        "unit_price": 12.5
      },
      {
        "sku": "SKU037",
        "qty": 5,
        "unit_price": 7.5
      },
      {
        "sku": "SKU043",
        "qty": 4,
        "unit_price": 4.0
      },
      {
        "sku": "SKU029",
        "qty": 4,
        "unit_price": 7.5
      }
    ]
  },
  {
    "order_id": "O202503300008",
    "customer_id": "C0041",
    "channel": "web",
    "created_at": "2025-03-30 22:04:28",
    "payment_status": "paid",
    "items": [
      {
        "sku": "SKU027",
        "qty": 1,
        "unit_price": 7.5
      },
      {
        "sku": "SKU027",
        "qty": 3,
        "unit_price": 5.0
      },
      {
        "sku": "SKU039",
        "qty": 1,
        "unit_price": 24.9
      }
    ]
  },
  {
    "order_id": "O202503300009",
    "customer_id": "C0583",
    "channel": "app",
    "created_at": "2025-03-30 11:11:14",
    "payment_status": "paid",
    "items": [
      {
        "sku": "SKU027",
        "qty": 1,
        "unit_price": 2.5
      },
      {
        "sku": "SKU001",
        "qty": 3,
        "unit_price": 15.0
      },
      {
        "sku": "SKU005",
        "qty": 4,
        "unit_price": 9.9
      },
      {
        "sku": "SKU044",
        "qty": 2,
        "unit_price": 15.0
      }
    ]
  },
  {
    "order_id": "O202503300010",
    "customer_id": "C0617",
    "channel": "app",
    "created_at": "2025-03-30 20:35:52",
    "payment_status": "failed",
    "items": [
      {
        "sku": "SKU031",
        "qty": 3,
        "unit_price": 8.0
      }
    ]
  },
  {
    "order_id": "O202503300011",
    "customer_id": "C0183",
    "channel": "web",
    "created_at": "2025-03-30 07:45:52",
    "payment_status": "paid",
    "items": [
      {
        "sku": "SKU012",
        "qty": 2,
        "unit_price": 24.9
      },
      {
        "sku": "SKU023",
        "qty": 4,
        "unit_price": 9.9
      }
    ]
  },
  {
    "order_id": "O202503300012",
    "customer_id": "C0345",
    "channel": "web",
    "created_at": "2025-03-30 10:00:33",
    "payment_status": "paid",
    "items": [
      {
        "sku": "SKU047",
        "qty": 2,
        "unit_price": 2.5
      },
      {
        "sku": "SKU047",
        "qty": 4,
        "unit_price": 5.0
      }
    ]
  },
  {
    "order_id": "O202503300013",
    "customer_id": "C0625",
    "channel": "app",
    "created_at": "2025-03-30 15:50:23",
    "payment_status": "pending",
    "items": [
      {
        "sku": "SKU031",
        "qty": 2,
        "unit_price": 15.0
      },
      {
        "sku": "SKU024",
        "qty": 5,
        "unit_price": 15.0
      },
      {
        "sku": "SKU009",
        "qty": 4,
        "unit_price": 15.0
      },
      {
        "sku": "SKU019",
        "qty": 2,
        "unit_price": 5.0
      }
    ]
  },
  {
    "order_id": "O202503300014",
    "customer_id": "C0413",
    "channel": "app",
    "created_at": "2025-03-30 18:39:17",
    "payment_status": "paid",
    "items": [
      {
        "sku": "SKU015",
        "qty": 5,
        "unit_price": 9.9
      },
      {
        "sku": "SKU027",
        "qty": 5,
        "unit_price": 12.5
      }
    ]
  },
  {
    "order_id": "O202503300015",
    "customer_id": "C0313",
    "channel": "web",
    "created_at": "2025-03-30 22:41:42",
    "payment_status": "paid",
    "items": [
      {
        "sku": "SKU049",
        "qty": 4,
        "unit_price": 24.9
      },
      {
        "sku": "SKU005",
        "qty": 5,
        "unit_price": 12.5
      }
    ]
  },
  {
    "order_id": "O202503300016",
    "customer_id": "C0349",
    "channel": "web",
    "created_at": "2025-03-30 17:40:18",
    "payment_status": "paid",
    "items": [
      {
        "sku": "SKU027",
        "qty": 3,
        "unit_price": 24.9
      }
    ]
  },
  {
    "order_id": "O202503300017",
    "customer_id": "C0299",
    "channel": "web",
    "created_at": "2025-03-30 13:40:41",
    "payment_status": "paid",
    "items": [
      {
        "sku": "SKU001",
        "qty": 2,
        "unit_price": 7.5
      },
      {
        "sku": "SKU023",
        "qty": 1,
        "unit_price": 7.5
      }
    ]
  },
  {
    "order_id": "O202503300018",
    "customer_id": "C0636",
    "channel": "app",
    "created_at": "2025-03-30 18:36:10",
    "payment_status": "paid",
    "items": [
      {
        "sku": "SKU042",
        "qty": 1,
        "unit_price": 19.9
      }
    ]
  },
  {
    "order_id": "O202503300019",
    "customer_id": "C0191",
    "channel": "app",
    "created_at": "2025-03-30 18:35:18",
    "payment_status": "paid",
    "items": [
      {
        "sku": "SKU014",
        "qty": 5,
        "unit_price": 9.9
      },
      {
        "sku": "SKU004",
        "qty": 3,
        "unit_price": 4.0
      }
    ]
  },
  {
    "order_id": "O202503300020",
    "customer_id": "C0635",
    "channel": "web",
    "created_at": "2025-03-30 17:52:50",
    "payment_status": "paid",
    "items": [
      {
        "sku": "SKU033",
        "qty": 1,
        "unit_price": 9.9
      }
    ]
  },
  {
    "order_id": "O202503300021",
    "customer_id": "C0124",
    "channel": "app",
    "created_at": "2025-03-30 17:49:38",
    "payment_status": "failed",
    "items": [
      {
        "sku": "SKU006",
        "qty": 2,
        "unit_price": 7.5
      },
      {
        "sku": "SKU022",
        "qty": 4,
        "unit_price": 9.9
      },
      {
        "sku": "SKU007",
        "qty": 1,
        "unit_price": 15.0
      }
    ]
  },
  {
    "order_id": "O202503300022",
    "customer_id": "C0241",
    "channel": "app",
    "created_at": "2025-03-30 19:18:12",
    "payment_status": "paid",
    "items": [
      {
        "sku": "SKU038",
        "qty": 4,
        "unit_price": 5.0
      },
      {
        "sku": "SKU034",
        "qty": 5,
        "unit_price": 2.5
      }
    ]
  },
  {
    "order_id": "O202503300023",
    "customer_id": "C0078",
    "channel": "app",
    "created_at": "2025-03-30 21:30:42",
    "payment_status": "paid",
    "items": [
      {
        "sku": "SKU022",
        "qty": 1,
        "unit_price": 8.0
      }
    ]
  },
  {
    "order_id": "O202503300024",
    "customer_id": "C0542",
    "channel": "web",
    "created_at": "2025-03-30 07:59:53",
    "payment_status": "paid",
    "items": [
      {
        "sku": "SKU013",
        "qty": 4,
        "unit_price": 19.9
      },
      {
        "sku": "SKU049",
        "qty": 1,
        "unit_price": 24.9
      }
    ]
  },
  {
    "order_id": "O202503300025",
    "customer_id": "C0258",
    "channel": "web",
    "created_at": "2025-03-30 08:41:12",
    "payment_status": "paid",
    "items": [
      {
        "sku": "SKU022",
        "qty": 4,
        "unit_price": 19.9
      },
      {
        "sku": "SKU021",
        "qty": 5,
        "unit_price": 19.9
      }
    ]
  },
  {
    "order_id": "O202503300026",
    "customer_id": "C0096",
    "channel": "app",
    "created_at": "2025-03-30 15:17:24",
    "payment_status": "paid",
    "items": [
      {
        "sku": "SKU039",
        "qty": 3,
        "unit_price": 5.0
      },
      {
        "sku": "SKU031",
        "qty": 2,
        "unit_price": 8.0
      }
    ]
  },
  {
    "order_id": "O202503300027",
    "customer_id": "C0417",
    "channel": "app",
    "created_at": "2025-03-30 08:49:16",
    "payment_status": "paid",
    "items": [
      {
        "sku": "SKU029",
        "qty": 5,
        "unit_price": 2.5
      },
      {
        "sku": "SKU027",
        "qty": 2,
        "unit_price": 24.9
      },
      {
        "sku": "SKU017",
        "qty": 4,
        "unit_price": 4.0
      },
      {
        "sku": "SKU021",
        "qty": 3,
        "unit_price": 19.9
      }
    ]
  },
  {
    "order_id": "O202503300028",
    "customer_id": "C0710",
    "channel": "web",
    "created_at": "2025-03-30 18:59:26",
    "payment_status": "paid",
    "items": [
      {
        "sku": "SKU005",
        "qty": 1,
        "unit_price": 9.9
      }
    ]
  },
  {
    "order_id": "O202503300029",
    "customer_id": "C0075",
    "channel": "web",
    "created_at": "2025-03-30 09:03:40",
    "payment_status": "paid",
    "items": [
      {
        "sku": "SKU020",
        "qty": 2,
        "unit_price": 5.0
      },
      {
        "sku": "SKU046",
        "qty": 3,
        "unit_price": 5.0
      },
      {
        "sku": "SKU047",
        "qty": 4,
        "unit_price": 9.9
      },
      {
        "sku": "SKU023",
        "qty": 4,
        "unit_price": 24.9
      }
    ]
  },
  {
    "order_id": "O202503300030",
    "customer_id": "C0778",
    "channel": "app",
    "created_at": "2025-03-30 18:14:13",
    "payment_status": "paid",
    "items": [
      {
        "sku": "SKU016",
        "qty": 3,
        "unit_price": 5.0
      },
      {
        "sku": "SKU017",
        "qty": 2,
        "unit_price": 12.5
      },
      {
        "sku": "SKU017",
        "qty": 3,
        "unit_price": 8.0
      },
      {
        "sku": "SKU020",
        "qty": 1,
        "unit_price": 5.0
      }
    ]
  },
  {
    "order_id": "O202503300031",
    "customer_id": "C0625",
    "channel": "web",
    "created_at": "2025-03-30 20:11:04",
    "payment_status": "paid",
    "items": [
      {
        "sku": "SKU023",
        "qty": 2,
        "unit_price": 19.9
      },
      {
        "sku": "SKU049",
        "qty": 4,
        "unit_price": 4.0
      },
      {
        "sku": "SKU006",
        "qty": 5,
        "unit_price": 24.9
      },
      {
        "sku": "SKU026",
        "qty": 3,
        "unit_price": 4.0
      }
    ]
  },
  {
    "order_id": "O202503300032",
    "customer_id": "C0736",
    "channel": "app",
    "created_at": "2025-03-30 07:48:56",
    "payment_status": "paid",
    "items": [
      {
        "sku": "SKU019",
        "qty": 2,
        "unit_price": 24.9
      }
    ]
  },
  {
    "order_id": "O202503300033",
    "customer_id": "C0654",
    "channel": "app",
    "created_at": "2025-03-30 14:13:15",
    "payment_status": "paid",
    "items": [
      {
        "sku": "SKU042",
        "qty": 3,
        "unit_price": 2.5
      },
      {
        "sku": "SKU047",
        "qty": 4,
        "unit_price": 4.0
      },
      {
        "sku": "SKU034",
        "qty": 3,
        "unit_price": 24.9
      },
      {
        "sku": "SKU035",
        "qty": 5,
        "unit_price": 9.9
      }
    ]
  },
  {
    "order_id": "O202503300034",
    "customer_id": "C0732",
    "channel": "web",
    "created_at": "2025-03-30 13:34:07",
    "payment_status": "paid",
    "items": [
      {
        "sku": "SKU024",
        "qty": 5,
        "unit_price": 5.0
      },
      {
        "sku": "SKU045",
        "qty": 5,
        "unit_price": 8.0
      },
      {
        "sku": "SKU045",
        "qty": 3,
        "unit_price": 5.0
      },
      {
        "sku": "SKU047",
        "qty": 4,
        "unit_price": 5.0
      }
    ]
  },
  {
    "order_id": "O202503300035",
    "customer_id": "C0202",
    "channel": "app",
    "created_at": "2025-03-30 12:29:42",
    "payment_status": "paid",
    "items": [
      {
        "sku": "SKU002",
        "qty": 5,
        "unit_price": 12.5
      },
      {
        "sku": "SKU013",
        "qty": 5,
        "unit_price": 15.0
      },
      {
        "sku": "SKU022",
        "qty": 3,
        "unit_price": 7.5
      }
    ]
  },
  {
    "order_id": "O202503300036",
    "customer_id": "C0352",
    "channel": "app",
    "created_at": "2025-03-30 12:45:17",
    "payment_status": "paid",
    "items": [
      {
        "sku": "SKU015",
        "qty": 4,
        "unit_price": 15.0
      },
      {
        "sku": "SKU028",
        "qty": 4,
        "unit_price": 12.5
      },
      {
        "sku": "SKU020",
        "qty": 5,
        "unit_price": 9.9
      }
    ]
  },
  {
    "order_id": "O202503300037",
    "customer_id": "C0019",
    "channel": "app",
    "created_at": "2025-03-30 15:39:26",
    "payment_status": "paid",
    "items": [
      {
        "sku": "SKU048",
        "qty": 1,
        "unit_price": 8.0
      }
    ]
  },
  {
    "order_id": "O202503300038",
    "customer_id": "C0700",
    "channel": "web",
    "created_at": "2025-03-30 22:03:25",
    "payment_status": "paid",
    "items": [
      {
        "sku": "SKU036",
        "qty": 2,
        "unit_price": 12.5
      },
      {
        "sku": "SKU023",
        "qty": 3,
        "unit_price": 5.0
      }
    ]
  },
  {
    "order_id": "O202503300039",
    "customer_id": "C0456",
    "channel": "app",
    "created_at": "2025-03-30 15:34:59",
    "payment_status": "paid",
    "items": [
      {
        "sku": "SKU033",
        "qty": 1,
        "unit_price": 15.0
      },
      {
        "sku": "SKU026",
        "qty": 1,
        "unit_price": 24.9
      }
    ]
  },
  {
    "order_id": "O202503300040",
    "customer_id": "C0628",
    "channel": "app",
    "created_at": "2025-03-30 07:48:01",
    "payment_status": "paid",
    "items": [
      {
        "sku": "SKU035",
        "qty": 4,
        "unit_price": 15.0
      },
      {
        "sku": "SKU021",
        "qty": 5,
        "unit_price": 19.9
      },
      {
        "sku": "SKU008",
        "qty": 4,
        "unit_price": 15.0
      },
      {
        "sku": "SKU014",
        "qty": 1,
        "unit_price": 9.9
      }
    ]
  },
  {
    "order_id": "O202503300041",
    "customer_id": "C0528",
    "channel": "app",
    "created_at": "2025-03-30 15:16:15",
    "payment_status": "paid",
    "items": [
      {
        "sku": "SKU034",
        "qty": 1,
        "unit_price": 2.5
      },
      {
        "sku": "SKU026",
        "qty": 3,
        "unit_price": 2.5
      },
      {
        "sku": "SKU041",
        "qty": 4,
        "unit_price": 7.5
      },
      {
        "sku": "SKU039",
        "qty": 5,
        "unit_price": 12.5
      }
    ]
  },
  {
    "order_id": "O202503300042",
    "customer_id": "C0793",
    "channel": "app",
    "created_at": "2025-03-30 20:01:28",
    "payment_status": "paid",
    "items": [
      {
        "sku": "SKU038",
        "qty": 4,
        "unit_price": 8.0
      }
    ]
  },
  {
    "order_id": "O202503300043",
    "customer_id": "C0540",
    "channel": "app",
    "created_at": "2025-03-30 14:41:16",
    "payment_status": "paid",
    "items": [
      {
        "sku": "SKU025",
        "qty": 3,
        "unit_price": 9.9
      },
      {
        "sku": "SKU040",
        "qty": 1,
        "unit_price": 8.0
      },
      {
        "sku": "SKU045",
        "qty": 4,
        "unit_price": 2.5
      },
      {
        "sku": "SKU042",
        "qty": 3,
        "unit_price": 4.0
      }
    ]
  },
  {
    "order_id": "O202503300044",
    "customer_id": "C0160",
    "channel": "web",
    "created_at": "2025-03-30 16:37:33",
    "payment_status": "paid",
    "items": [
      {
        "sku": "SKU043",
        "qty": 1,
        "unit_price": 4.0
      },
      {
        "sku": "SKU019",
        "qty": 4,
        "unit_price": 15.0
      },
      {
        "sku": "SKU016",
        "qty": 3,
        "unit_price": 7.5
      }
    ]
  },
  {
    "order_id": "O202503300045",
    "customer_id": "C0158",
    "channel": "app",
    "created_at": "2025-03-30 13:49:05",
    "payment_status": "paid",
    "items": [
      {
        "sku": "SKU037",
        "qty": 3,
        "unit_price": 24.9
      },
      {
        "sku": "SKU006",
        "qty": 5,
        "unit_price": 9.9
      },
      {
        "sku": "SKU050",
        "qty": 1,
        "unit_price": 12.5
      },
      {
        "sku": "SKU007",
        "qty": 2,
        "unit_price": 9.9
      }
    ]
  },
  {
    "order_id": "O202503300046",
    "customer_id": "C0477",
    "channel": "web",
    "created_at": "2025-03-30 15:49:40",
    "payment_status": "paid",
    "items": [
      {
        "sku": "SKU025",
        "qty": 5,
        "unit_price": 9.9
      },
      {
        "sku": "SKU046",
        "qty": 1,
        "unit_price": 5.0
      }
    ]
  },
  {
    "order_id": "O202503300047",
    "customer_id": "C0551",
    "channel": "app",
    "created_at": "2025-03-30 07:33:11",
    "payment_status": "paid",
    "items": [
      {
        "sku": "SKU010",
        "qty": 5,
        "unit_price": 9.9
      }
    ]
  },
  {
    "order_id": "O202503300048",
    "customer_id": "C0320",
    "channel": "web",
    "created_at": "2025-03-30 17:33:10",
    "payment_status": "paid",
    "items": [
      {
        "sku": "SKU031",
        "qty": 3,
        "unit_price": 12.5
      },
      {
        "sku": "SKU003",
        "qty": 2,
        "unit_price": 7.5
      },
      {
        "sku": "SKU035",
        "qty": 2,
        "unit_price": 9.9
      },
      {
        "sku": "SKU003",
        "qty": 4,
        "unit_price": 24.9
      }
    ]
  },
  {
    "order_id": "O202503300049",
    "customer_id": "C0641",
    "channel": "web",
    "created_at": "2025-03-30 16:08:59",
    "payment_status": "paid",
    "items": [
      {
        "sku": "SKU032",
        "qty": 1,
        "unit_price": 2.5
      },
      {
        "sku": "SKU019",
        "qty": 2,
        "unit_price": 7.5
      },
      {
        "sku": "SKU007",
        "qty": 5,
        "unit_price": 12.5
      },
      {
        "sku": "SKU026",
        "qty": 5,
        "unit_price": 12.5
      }
    ]
  },
  {
    "order_id": "O202503300050",
    "customer_id": "C0376",
    "channel": "app",
    "created_at": "2025-03-30 18:31:23",
    "payment_status": "paid",
    "items": [
      {
        "sku": "SKU030",
        "qty": 5,
        "unit_price": 12.5
      },
      {
        "sku": "SKU014",
        "qty": 3,
        "unit_price": 2.5
      }
    ]
  },
  {
    "order_id": "O202503300051",
    "customer_id": "C0144",
    "channel": "web",
    "created_at": "2025-03-30 09:39:33",
    "payment_status": "paid",
    "items": [
      {
        "sku": "SKU008",
        "qty": 2,
        "unit_price": -8.0
      }
    ]
  },
  {
    "order_id": "O202503300052",
    "customer_id": "C0637",
    "channel": "web",
    "created_at": "2025-03-30 11:23:33",
    "payment_status": "paid",
    "items": [
      {
        "sku": "SKU045",
        "qty": 3,
        "unit_price": 5.0
      },
      {
        "sku": "SKU026",
        "qty": 3,
        "unit_price": 12.5
      },
      {
        "sku": "SKU014",
        "qty": 2,
        "unit_price": 19.9
      },
      {
        "sku": "SKU003",
        "qty": 1,
        "unit_price": 9.9
      }
    ]
  },
  {
    "order_id": "O202503300053",
    "customer_id": "C0612",
    "channel": "web",
    "created_at": "2025-03-30 17:45:46",
    "payment_status": "paid",
    "items": [
      {
        "sku": "SKU035",
        "qty": 1,
        "unit_price": 19.9
      },
      {
        "sku": "SKU005",
        "qty": 1,
        "unit_price": 19.9
      },
      {
        "sku": "SKU041",
        "qty": 1,
        "unit_price": 2.5
      }
    ]
  },
  {
    "order_id": "O202503300054",
    "customer_id": "C0421",
    "channel": "app",
    "created_at": "2025-03-30 14:53:11",
    "payment_status": "paid",
    "items": [
      {
        "sku": "SKU013",
        "qty": 5,
        "unit_price": 7.5
      }
    ]
  },
  {
    "order_id": "O202503300055",
    "customer_id": "C0308",
    "channel": "web",
    "created_at": "2025-03-30 19:02:08",
    "payment_status": "paid",
    "items": [
      {
        "sku": "SKU024",
        "qty": 1,
        "unit_price": 4.0
      },
      {
        "sku": "SKU008",
        "qty": 1,
        "unit_price": 4.0
      },
      {
        "sku": "SKU032",
        "qty": 5,
        "unit_price": 2.5
      },
      {
        "sku": "SKU011",
        "qty": 2,
        "unit_price": 19.9
      }
    ]
  },
  {
    "order_id": "O202503300056",
    "customer_id": "C0514",
    "channel": "web",
    "created_at": "2025-03-30 07:44:49",
    "payment_status": "paid",
    "items": [
      {
        "sku": "SKU004",
        "qty": 3,
        "unit_price": 7.5
      }
    ]
  },
  {
    "order_id": "O202503300057",
    "customer_id": "C0765",
    "channel": "web",
    "created_at": "2025-03-30 14:58:16",
    "payment_status": "paid",
    "items": [
      {
        "sku": "SKU012",
        "qty": 5,
        "unit_price": 12.5
      },
      {
        "sku": "SKU041",
        "qty": 5,
        "unit_price": 5.0
      },
      {
        "sku": "SKU034",
        "qty": 4,
        "unit_price": 4.0
      },
      {
        "sku": "SKU031",
        "qty": 2,
        "unit_price": 9.9
      }
    ]
  },
  {
    "order_id": "O202503300058",
    "customer_id": "C0049",
    "channel": "web",
    "created_at": "2025-03-30 07:58:14",
    "payment_status": "paid",
    "items": [
      {
        "sku": "SKU001",
        "qty": 1,
        "unit_price": 8.0
      },
      {
        "sku": "SKU040",
        "qty": 4,
        "unit_price": 15.0
      },
      {
        "sku": "SKU048",
        "qty": 3,
        "unit_price": 9.9
      },
      {
        "sku": "SKU036",
        "qty": 2,
        "unit_price": 5.0
      }
    ]
  },
  {
    "order_id": "O202503300059",
    "customer_id": "C0428",
    "channel": "app",
    "created_at": "2025-03-30 10:02:08",
    "payment_status": "paid",
    "items": [
      {
        "sku": "SKU038",
        "qty": 2,
        "unit_price": 9.9
      },
      {
        "sku": "SKU026",
        "qty": 4,
        "unit_price": 4.0
      }
    ]
  },
  {
    "order_id": "O202503300060",
    "customer_id": "C0658",
    "channel": "web",
    "created_at": "2025-03-30 15:38:29",
    "payment_status": "pending",
    "items": [
      {
        "sku": "SKU024",
        "qty": 2,
        "unit_price": 9.9
      },
      {
        "sku": "SKU014",
        "qty": 5,
        "unit_price": 2.5
      }
    ]
  },
  {
    "order_id": "O202503300061",
    "customer_id": "C0330",
    "channel": "app",
    "created_at": "2025-03-30 20:16:25",
    "payment_status": "paid",
    "items": [
      {
        "sku": "SKU045",
        "qty": 4,
        "unit_price": 12.5
      }
    ]
  },
  {
    "order_id": "O202503300062",
    "customer_id": "C0059",
    "channel": "app",
    "created_at": "2025-03-30 15:19:50",
    "payment_status": "paid",
    "items": [
      {
        "sku": "SKU029",
        "qty": 3,
        "unit_price": 24.9
      },
      {
        "sku": "SKU019",
        "qty": 3,
        "unit_price": 2.5
      }
    ]
  },
  {
    "order_id": "O202503300063",
    "customer_id": "C0181",
    "channel": "app",
    "created_at": "2025-03-30 14:35:27",
    "payment_status": "pending",
    "items": [
      {
        "sku": "SKU008",
        "qty": 4,
        "unit_price": 9.9
      },
      {
        "sku": "SKU020",
        "qty": 2,
        "unit_price": 5.0
      },
      {
        "sku": "SKU015",
        "qty": 4,
        "unit_price": 12.5
      }
    ]
  },
  {
    "order_id": "O202503300064",
    "customer_id": "C0352",
    "channel": "web",
    "created_at": "2025-03-30 15:04:17",
    "payment_status": "paid",
    "items": [
      {
        "sku": "SKU017",
        "qty": 3,
        "unit_price": 8.0
      },
      {
        "sku": "SKU033",
        "qty": 1,
        "unit_price": 5.0
      }
    ]
  },
  {
    "order_id": "O202503300065",
    "customer_id": "C0635",
    "channel": "web",
    "created_at": "2025-03-30 15:59:28",
    "payment_status": "paid",
    "items": [
      {
        "sku": "SKU005",
        "qty": 1,
        "unit_price": 9.9
      },
      {
        "sku": "SKU015",
        "qty": 1,
        "unit_price": 2.5
      }
    ]
  },
  {
    "order_id": "O202503300066",
    "customer_id": "C0640",
    "channel": "app",
    "created_at": "2025-03-30 21:55:08",
    "payment_status": "pending",
    "items": [
      {
        "sku": "SKU011",
        "qty": 5,
        "unit_price": 12.5
      }
    ]
  },
  {
    "order_id": "O202503300067",
    "customer_id": "C0303",
    "channel": "app",
    "created_at": "2025-03-30 07:06:39",
    "payment_status": "paid",
    "items": [
      {
        "sku": "SKU011",
        "qty": 4,
        "unit_price": 15.0
      }
    ]
  },
  {
    "order_id": "O202503300068",
    "customer_id": "C0486",
    "channel": "web",
    "created_at": "2025-03-30 17:36:23",
    "payment_status": "pending",
    "items": [
      {
        "sku": "SKU042",
        "qty": 4,
        "unit_price": 19.9
      },
      {
        "sku": "SKU021",
        "qty": 5,
        "unit_price": 5.0
      },
      {
        "sku": "SKU006",
        "qty": 3,
        "unit_price": 19.9
      },
      {
        "sku": "SKU043",
        "qty": 5,
        "unit_price": 8.0
      }
    ]
  },
  {
    "order_id": "O202503300069",
    "customer_id": "C0392",
    "channel": "web",
    "created_at": "2025-03-30 13:27:19",
    "payment_status": "paid",
    "items": [
      {
        "sku": "SKU025",
        "qty": 5,
        "unit_price": 24.9
      },
      {
        "sku": "SKU046",
        "qty": 1,
        "unit_price": 4.0
      },
      {
        "sku": "SKU039",
        "qty": 4,
        "unit_price": 7.5
      },
      {
        "sku": "SKU018",
        "qty": 4,
        "unit_price": 8.0
      }
    ]
  },
  {
    "order_id": "O202503300070",
    "customer_id": "C0552",
    "channel": "web",
    "created_at": "2025-03-30 11:15:53",
    "payment_status": "pending",
    "items": [
      {
        "sku": "SKU005",
        "qty": 5,
        "unit_price": -8.0
      },
      {
        "sku": "SKU047",
        "qty": 1,
        "unit_price": 5.0
      },
      {
        "sku": "SKU045",
        "qty": 3,
        "unit_price": 2.5
      }
    ]
  },
  {
    "order_id": "O202503300071",
    "customer_id": "C0767",
    "channel": "app",
    "created_at": "2025-03-30 07:12:01",
    "payment_status": "paid",
    "items": [
      {
        "sku": "SKU025",
        "qty": 4,
        "unit_price": 2.5
      },
      {
        "sku": "SKU046",
        "qty": 4,
        "unit_price": 7.5
      },
      {
        "sku": "SKU029",
        "qty": 5,
        "unit_price": 7.5
      }
    ]
  },
  {
    "order_id": "O202503300072",
    "customer_id": "C0691",
    "channel": "web",
    "created_at": "2025-03-30 11:35:09",
    "payment_status": "paid",
    "items": [
      {
        "sku": "SKU008",
        "qty": 2,
        "unit_price": 9.9
      },
      {
        "sku": "SKU042",
        "qty": 2,
        "unit_price": 5.0
      },
      {
        "sku": "SKU002",
        "qty": 4,
        "unit_price": 9.9
      }
    ]
  },
  {
    "order_id": "O202503300073",
    "customer_id": "C0304",
    "channel": "web",
    "created_at": "2025-03-30 17:06:10",
    "payment_status": "paid",
    "items": [
      {
        "sku": "SKU037",
        "qty": 5,
        "unit_price": 5.0
      },
      {
        "sku": "SKU026",
        "qty": 3,
        "unit_price": 2.5
      },
      {
        "sku": "SKU008",
        "qty": 2,
        "unit_price": 12.5
      }
    ]
  },
  {
    "order_id": "O202503300074",
    "customer_id": "C0473",
    "channel": "web",
    "created_at": "2025-03-30 07:11:07",
    "payment_status": "paid",
    "items": [
      {
        "sku": "SKU042",
        "qty": 3,
        "unit_price": 15.0
      },
      {
        "sku": "SKU039",
        "qty": 3,
        "unit_price": 9.9
      }
    ]
  },
  {
    "order_id": "O202503300075",
    "customer_id": "C0112",
    "channel": "app",
    "created_at": "2025-03-30 16:27:56",
    "payment_status": "paid",
    "items": [
      {
        "sku": "SKU021",
        "qty": 5,
        "unit_price": 7.5
      },
      {
        "sku": "SKU029",
        "qty": 4,
        "unit_price": 19.9
      },
      {
        "sku": "SKU038",
        "qty": 4,
        "unit_price": 7.5
      }
    ]
  },
  {
    "order_id": "O202503300076",
    "customer_id": "C0199",
    "channel": "app",
    "created_at": "2025-03-30 08:32:16",
    "payment_status": "paid",
    "items": [
      {
        "sku": "SKU022",
        "qty": 3,
        "unit_price": 12.5
      },
      {
        "sku": "SKU035",
        "qty": 1,
        "unit_price": 2.5
      }
    ]
  },
  {
    "order_id": "O202503300077",
    "customer_id": "C0617",
    "channel": "app",
    "created_at": "2025-03-30 17:21:18",
    "payment_status": "paid",
    "items": [
      {
        "sku": "SKU019",
        "qty": 1,
        "unit_price": 9.9
      },
      {
        "sku": "SKU016",
        "qty": 5,
        "unit_price": 9.9
      },
      {
        "sku": "SKU012",
        "qty": 5,
        "unit_price": 15.0
      },
      {
        "sku": "SKU040",
        "qty": 2,
        "unit_price": 2.5
      }
    ]
  },
  {
    "order_id": "O202503300078",
    "customer_id": "C0446",
    "channel": "app",
    "created_at": "2025-03-30 14:29:24",
    "payment_status": "paid",
    "items": [
      {
        "sku": "SKU042",
        "qty": 2,
        "unit_price": 12.5
      },
      {
        "sku": "SKU027",
        "qty": 4,
        "unit_price": 7.5
      },
      {
        "sku": "SKU035",
        "qty": 1,
        "unit_price": 12.5
      },
      {
        "sku": "SKU041",
        "qty": 3,
        "unit_price": 2.5
      }
    ]
  },
  {
    "order_id": "O202503300079",
    "customer_id": "C0691",
    "channel": "web",
    "created_at": "2025-03-30 20:28:43",
    "payment_status": "paid",
    "items": [
      {
        "sku": "SKU016",
        "qty": 2,
        "unit_price": -19.9
      },
      {
        "sku": "SKU016",
        "qty": 1,
        "unit_price": 8.0
      },
      {
        "sku": "SKU024",
        "qty": 2,
        "unit_price": 9.9
      },
      {
        "sku": "SKU032",
        "qty": 5,
        "unit_price": 5.0
      }
    ]
  },
  {
    "order_id": "O202503300080",
    "customer_id": "C0429",
    "channel": "app",
    "created_at": "2025-03-30 07:05:43",
    "payment_status": "paid",
    "items": [
      {
        "sku": "SKU021",
        "qty": 1,
        "unit_price": 7.5
      },
      {
        "sku": "SKU038",
        "qty": 3,
        "unit_price": 4.0
      }
    ]
  },
  {
    "order_id": "O202503300081",
    "customer_id": "C0280",
    "channel": "app",
    "created_at": "2025-03-30 07:19:31",
    "payment_status": "paid",
    "items": [
      {
        "sku": "SKU048",
        "qty": 5,
        "unit_price": 24.9
      }
    ]
  },
  {
    "order_id": "O202503300082",
    "customer_id": "C0192",
    "channel": "web",
    "created_at": "2025-03-30 09:43:10",
    "payment_status": "paid",
    "items": [
      {
        "sku": "SKU042",
        "qty": 2,
        "unit_price": 19.9
      },
      {
        "sku": "SKU007",
        "qty": 3,
        "unit_price": 15.0
      },
      {
        "sku": "SKU046",
        "qty": 5,
        "unit_price": 4.0
      }
    ]
  },
  {
    "order_id": "O202503300083",
    "customer_id": "C0619",
    "channel": "app",
    "created_at": "2025-03-30 22:09:52",
    "payment_status": "paid",
    "items": [
      {
        "sku": "SKU031",
        "qty": 3,
        "unit_price": 4.0
      },
      {
        "sku": "SKU002",
        "qty": 2,
        "unit_price": 12.5
      },
      {
        "sku": "SKU031",
        "qty": 3,
        "unit_price": 5.0
      },
      {
        "sku": "SKU045",
        "qty": 1,
        "unit_price": 4.0
      }
    ]
  },
  {
    "order_id": "O202503300084",
    "customer_id": "C0543",
    "channel": "app",
    "created_at": "2025-03-30 09:57:33",
    "payment_status": "pending",
    "items": [
      {
        "sku": "SKU028",
        "qty": 5,
        "unit_price": 2.5
      },
      {
        "sku": "SKU028",
        "qty": 2,
        "unit_price": 9.9
      },
      {
        "sku": "SKU048",
        "qty": 1,
        "unit_price": 2.5
      }
    ]
  },
  {
    "order_id": "O202503300085",
    "customer_id": "C0194",
    "channel": "web",
    "created_at": "2025-03-30 08:17:11",
    "payment_status": "paid",
    "items": [
      {
        "sku": "SKU040",
        "qty": 3,
        "unit_price": 24.9
      },
      {
        "sku": "SKU044",
        "qty": 3,
        "unit_price": -19.9
      },
      {
        "sku": "SKU037",
        "qty": 1,
        "unit_price": 12.5
      }
    ]
  },
  {
    "order_id": "O202503300086",
    "customer_id": "C0267",
    "channel": "web",
    "created_at": "2025-03-30 13:30:02",
    "payment_status": "paid",
    "items": [
      {
        "sku": "SKU029",
        "qty": 5,
        "unit_price": 7.5
      },
      {
        "sku": "SKU050",
        "qty": 3,
        "unit_price": 24.9
      },
      {
        "sku": "SKU039",
        "qty": 5,
        "unit_price": 5.0
      },
      {
        "sku": "SKU010",
        "qty": 5,
        "unit_price": 4.0
      }
    ]
  },
  {
    "order_id": "O202503300087",
    "customer_id": "C0584",
    "channel": "app",
    "created_at": "2025-03-30 20:31:04",
    "payment_status": "paid",
    "items": [
      {
        "sku": "SKU049",
        "qty": 5,
        "unit_price": 8.0
      },
      {
        "sku": "SKU028",
        "qty": 3,
        "unit_price": 8.0
      }
    ]
  },
  {
    "order_id": "O202503300088",
    "customer_id": "C0171",
    "channel": "app",
    "created_at": "2025-03-30 17:15:27",
    "payment_status": "paid",
    "items": [
      {
        "sku": "SKU042",
        "qty": 4,
        "unit_price": 19.9
      },
      {
        "sku": "SKU008",
        "qty": 3,
        "unit_price": 9.9
      },
      {
        "sku": "SKU046",
        "qty": 3,
        "unit_price": 9.9
      }
    ]
  },
  {
    "order_id": "O202503300089",
    "customer_id": "C0201",
    "channel": "web",
    "created_at": "2025-03-30 21:24:36",
    "payment_status": "paid",
    "items": [
      {
        "sku": "SKU028",
        "qty": 4,
        "unit_price": 15.0
      }
    ]
  },
  {
    "order_id": "O202503300090",
    "customer_id": "C0221",
    "channel": "app",
    "created_at": "2025-03-30 10:40:05",
    "payment_status": "paid",
    "items": [
      {
        "sku": "SKU008",
        "qty": 2,
        "unit_price": 24.9
      },
      {
        "sku": "SKU024",
        "qty": 3,
        "unit_price": 7.5
      },
      {
        "sku": "SKU035",
        "qty": 2,
        "unit_price": 19.9
      },
      {
        "sku": "SKU024",
        "qty": 1,
        "unit_price": 9.9
      }
    ]
  },
  {
    "order_id": "O202503300091",
    "customer_id": "C0464",
    "channel": "app",
    "created_at": "2025-03-30 21:38:48",
    "payment_status": "paid",
    "items": [
      {
        "sku": "SKU001",
        "qty": 4,
        "unit_price": 9.9
      }
    ]
  },
  {
    "order_id": "O202503300092",
    "customer_id": "C0293",
    "channel": "web",
    "created_at": "2025-03-30 16:02:51",
    "payment_status": "failed",
    "items": [
      {
        "sku": "SKU002",
        "qty": 1,
        "unit_price": 8.0
      },
      {
        "sku": "SKU029",
        "qty": 3,
        "unit_price": 5.0
      },
      {
        "sku": "SKU001",
        "qty": 1,
        "unit_price": 8.0
      }
    ]
  },
  {
    "order_id": "O202503300093",
    "customer_id": "C0162",
    "channel": "app",
    "created_at": "2025-03-30 12:19:11",
    "payment_status": "paid",
    "items": [
      {
        "sku": "SKU006",
        "qty": 1,
        "unit_price": 8.0
      },
      {
        "sku": "SKU017",
        "qty": 2,
        "unit_price": 15.0
      },
      {
        "sku": "SKU017",
        "qty": 4,
        "unit_price": 4.0
      }
    ]
  },
  {
    "order_id": "O202503300094",
    "customer_id": "C0258",
    "channel": "app",
    "created_at": "2025-03-30 08:03:06",
    "payment_status": "paid",
    "items": [
      {
        "sku": "SKU017",
        "qty": 1,
        "unit_price": 24.9
      }
    ]
  },
  {
    "order_id": "O202503300095",
    "customer_id": "C0020",
    "channel": "app",
    "created_at": "2025-03-30 10:08:40",
    "payment_status": "paid",
    "items": [
      {
        "sku": "SKU037",
        "qty": 2,
        "unit_price": 5.0
      },
      {
        "sku": "SKU029",
        "qty": 2,
        "unit_price": 9.9
      },
      {
        "sku": "SKU001",
        "qty": 1,
        "unit_price": 19.9
      }
    ]
  },
  {
    "order_id": "O202503300096",
    "customer_id": "C0315",
    "channel": "app",
    "created_at": "2025-03-30 14:09:04",
    "payment_status": "paid",
    "items": [
      {
        "sku": "SKU016",
        "qty": 4,
        "unit_price": 19.9
      },
      {
        "sku": "SKU008",
        "qty": 2,
        "unit_price": 8.0
      },
      {
        "sku": "SKU031",
        "qty": 3,
        "unit_price": -12.5
      }
    ]
  },
  {
    "order_id": "O202503300097",
    "customer_id": "C0562",
    "channel": "web",
    "created_at": "2025-03-30 17:29:20",
    "payment_status": "paid",
    "items": [
      {
        "sku": "SKU020",
        "qty": 3,
        "unit_price": 2.5
      },
      {
        "sku": "SKU044",
        "qty": 3,
        "unit_price": 5.0
      }
    ]
  },
  {
    "order_id": "O202503300098",
    "customer_id": "C0714",
    "channel": "web",
    "created_at": "2025-03-30 13:13:09",
    "payment_status": "paid",
    "items": [
      {
        "sku": "SKU044",
        "qty": 1,
        "unit_price": 7.5
      },
      {
        "sku": "SKU011",
        "qty": 4,
        "unit_price": 8.0
      },
      {
        "sku": "SKU024",
        "qty": 5,
        "unit_price": 24.9
      }
    ]
  },
  {
    "order_id": "O202503300099",
    "customer_id": "C0764",
    "channel": "app",
    "created_at": "2025-03-30 21:58:28",
    "payment_status": "paid",
    "items": [
      {
        "sku": "SKU006",
        "qty": 5,
        "unit_price": 2.5
      },
      {
        "sku": "SKU031",
        "qty": 4,
        "unit_price": 15.0
      },
      {
        "sku": "SKU028",
        "qty": 2,
        "unit_price": 5.0
      },
      {
        "sku": "SKU019",
        "qty": 4,
        "unit_price": 7.5
      }
    ]
  },
  {
    "order_id": "O202503300100",
    "customer_id": "C0567",
    "channel": "web",
    "created_at": "2025-03-30 16:46:59",
    "payment_status": "paid",
    "items": [
      {
        "sku": "SKU031",
        "qty": 2,
        "unit_price": -8.0
      },
      {
        "sku": "SKU016",
        "qty": 5,
        "unit_price": 5.0
      },
      {
        "sku": "SKU025",
        "qty": 1,
        "unit_price": 2.5
      }
    ]
  },
  {
    "order_id": "O202503300034",
    "customer_id": "C0732",
    "channel": "web",
    "created_at": "2025-03-30 13:34:07",
    "payment_status": "paid",
    "items": [
      {
        "sku": "SKU024",
        "qty": 5,
        "unit_price": 5.0
      },
      {
        "sku": "SKU045",
        "qty": 5,
        "unit_price": 8.0
      },
      {
        "sku": "SKU045",
        "qty": 3,
        "unit_price": 5.0
      },
      {
        "sku": "SKU047",
        "qty": 4,
        "unit_price": 5.0
      }
    ]
  },
  {
    "order_id": "O202503300047",
    "customer_id": "C0551",
    "channel": "app",
    "created_at": "2025-03-30 07:33:11",
    "payment_status": "paid",
    "items": [
      {
        "sku": "SKU010",
        "qty": 5,
        "unit_price": 9.9
      }
    ]
  },
  {
    "order_id": "O202503300010",
    "customer_id": "C0617",
    "channel": "app",
    "created_at": "2025-03-30 20:35:52",
    "payment_status": "failed",
    "items": [
      {
        "sku": "SKU031",
        "qty": 3,
        "unit_price": 8.0
      }
    ]
  }
]