[
  {
    "order_id": "O202503240001",
    "customer_id": "C0282",
    "channel": "web",
    "created_at": "2025-03-24 19:08:51",
    "payment_status": "paid",
    "items": [
      {
        "sku": "SKU030",
        "qty": 4,
        "unit_price": 19.9
      }
    ]
  },
  {
    "order_id": "O202503240002",
    "customer_id": "C0536",
    "channel": "app",
    "created_at": "2025-03-24 19:43:37",
    "payment_status": "paid",
    "items": [
      {
        "sku": "SKU019",
        "qty": 5,
        "unit_price": 8.0
      },
      {
        "sku": "SKU008",
        "qty": 5,
        "unit_price": 5.0
      }
    ]
  },
  {
    "order_id": "O202503240003",
    "customer_id": "C0235",
    "channel": "app",
    "created_at": "2025-03-24 14:20:40",
    "payment_status": "paid",
    "items": [
      {
        "sku": "SKU003",
        "qty": 4,
        "unit_price": 12.5
      },
      {
        "sku": "SKU035",
        "qty": 5,
        "unit_price": 8.0
      },
      {
        "sku": "SKU025",
        "qty": 3,
        "unit_price": 8.0
      }
    ]
  },
  {
    "order_id": "O202503240004",
    "customer_id": "C0060",
    "channel": "app",
    "created_at": "2025-03-24 14:07:15",
    "payment_status": "paid",
    "items": [
      {
        "sku": "SKU047",
        "qty": 1,
        "unit_price": 5.0
      }
    ]
  },
  {
    "order_id": "O202503240005",
    "customer_id": "C0117",
    "channel": "app",
    "created_at": "2025-03-24 17:04:31",
    "payment_status": "paid",
    "items": [
      {
        "sku": "SKU050",
        "qty": 4,
        "unit_price": 7.5
      },
      {
        "sku": "SKU011",
        "qty": 2,
        "unit_price": 2.5
      }
    ]
  },
  {
    "order_id": "O202503240006",
    "customer_id": "C0647",
    "channel": "web",
    "created_at": "2025-03-24 11:18:16",
    "payment_status": "paid",
    "items": [
      {
        "sku": "SKU007",
        "qty": 5,
        "unit_price": 15.0
      },
      {
        "sku": "SKU044",
        "qty": 5,
        "unit_price": 24.9
      },
      {
        "sku": "SKU017",
        "qty": 2,
        "unit_price": 24.9
      },
      {
        "sku": "SKU044",
        "qty": 2,
        "unit_price": 19.9
      }
    ]
  },
  {
    "order_id": "O202503240007",
    "customer_id": "C0550",
    "channel": "app",
    "created_at": "2025-03-24 08:38:54",
    "payment_status": "paid",
    "items": [
      {
        "sku": "SKU040",
        "qty": 5,
        "unit_price": 7.5
      }
    ]
  },
  {
    "order_id": "O202503240008",
    "customer_id": "C0049",
    "channel": "app",
    "created_at": "2025-03-24 19:18:36",
    "payment_status": "paid",
    "items": [
      {
        "sku": "SKU047",
        "qty": 5,
        "unit_price": 4.0
      },
      {
        "sku": "SKU041",
        "qty": 4,
        "unit_price": 19.9
      },
      {
        "sku": "SKU046",
        "qty": 5,
        "unit_price": 7.5
      }
    ]
  },
  {
    "order_id": "O202503240009",
    "customer_id": "C0617",
    "channel": "app",
    "created_at": "2025-03-24 11:50:56",
    "payment_status": "paid",
    "items": [
      {
        "sku": "SKU033",
        "qty": 1,
        "unit_price": 12.5
      },
      {
        "sku": "SKU042",
        "qty": 4,
        "unit_price": 8.0
      },
      {
        "sku": "SKU002",
        "qty": 3,
        "unit_price": 12.5
      }
    ]
  },
  {
    "order_id": "O202503240010",
    "customer_id": "C0638",
    "channel": "app",
    "created_at": "2025-03-24 21:49:19",
    "payment_status": "paid",
    "items": [
      {
        "sku": "SKU050",
        "qty": 4,
        "unit_price": 4.0
      },
      {
        "sku": "SKU048",
        "qty": 4,
        "unit_price": 9.9
      },
      {
        "sku": "SKU026",
        "qty": 3,
        "unit_price": 7.5
      },
      {
        "sku": "SKU032",
        "qty": 4,
        "unit_price": 15.0
      }
    ]
  },
  {
    "order_id": "O202503240011",
    "customer_id": "C0577",
    "channel": "web",
    "created_at": "2025-03-24 11:04:16",
    "payment_status": "paid",
    "items": [
      {
        "sku": "SKU029",
        "qty": 1,
        "unit_price": 24.9
      },
      {
        "sku": "SKU046",
        "qty": 1,
        "unit_price": 5.0
      },
      {
        "sku": "SKU011",
        "qty": 4,
        "unit_price": 12.5
      }
    ]
  },
  {
    "order_id": "O202503240012",
    "customer_id": "C0171",
    "channel": "web",
    "created_at": "2025-03-24 21:38:56",
    "payment_status": "paid",
    "items": [
      {
        "sku": "SKU025",
        "qty": 1,
        "unit_price": 7.5
      }
    ]
  },
  {
    "order_id": "O202503240013",
    "customer_id": "C0554",
    "channel": "app",
    "created_at": "2025-03-24 17:50:25",
    "payment_status": "pending",
    "items": [
      {
        "sku": "SKU035",
        "qty": 1,
        "unit_price": 8.0
      },
      {
        "sku": "SKU027",
        "qty": 2,
        "unit_price": 2.5
      },
      {
        "sku": "SKU017",
        "qty": 4,
        "unit_price": 5.0
      },
      {
        "sku": "SKU013",
        "qty": 5,
        "unit_price": 9.9
      }
    ]
  },
  {
    "order_id": "O202503240014",
    "customer_id": "C0159",
    "channel": "app",
    "created_at": "2025-03-24 15:03:28",
    "payment_status": "failed",
    "items": [
      {
        "sku": "SKU043",
        "qty": 1,
        "unit_price": 8.0
      },
      {
        "sku": "SKU003",
        "qty": 2,
        "unit_price": 7.5
      },
      {
        "sku": "SKU018",
        "qty": 1,
        "unit_price": 24.9
      }
    ]
  },
  {
    "order_id": "O202503240015",
    "customer_id": "C0784",
    "channel": "app",
    "created_at": "2025-03-24 13:22:16",
    "payment_status": "paid",
    "items": [
      {
        "sku": "SKU033",
        "qty": 1,
        "unit_price": 4.0
      },
      {
        "sku": "SKU016",
        "qty": 5,
        "unit_price": 9.9
      },
      {
        "sku": "SKU027",
        "qty": 3,
        "unit_price": 15.0
      },
      {
        "sku": "SKU023",
        "qty": 1,
        "unit_price": 24.9
      }
    ]
  },
  {
    "order_id": "O202503240016",
    "customer_id": "C0317",
    "channel": "web",
    "created_at": "2025-03-24 12:36:18",
    "payment_status": "paid",
    "items": [
      {
        "sku": "SKU025",
        "qty": 1,
        "unit_price": 9.9
      },
      {
        "sku": "SKU028",
        "qty": 4,
        "unit_price": 9.9
      },
      {
        "sku": "SKU040",
        "qty": 5,
        "unit_price": 24.9
      }
    ]
  },
  {
    "order_id": "O202503240017",
    "customer_id": "C0671",
    "channel": "web",
    "created_at": "2025-03-24 12:53:32",
    "payment_status": "paid",
    "items": [
      {
        "sku": "SKU024",
        "qty": 1,
        "unit_price": 12.5
      },
      {
        "sku": "SKU047",
        "qty": 2,
        "unit_price": 24.9
      },
      {
        "sku": "SKU049",
        "qty": 4,
        "unit_price": 24.9
      }
    ]
  },
  {
    "order_id": "O202503240018",
    "customer_id": "C0261",
    "channel": "web",
    "created_at": "2025-03-24 14:18:20",
    "payment_status": "paid",
    "items": [
      {
        "sku": "SKU030",
        "qty": 1,
        "unit_price": 5.0
      },
      {
        "sku": "SKU022",
        "qty": 2,
        "unit_price": 19.9
      },
      {
        "sku": "SKU009",
        "qty": 3,
        "unit_price": 8.0
      },
      {
        "sku": "SKU047",
        "qty": 1,
        "unit_price": 2.5
      }
    ]
  },
  {
    "order_id": "O202503240019",
    "customer_id": "C0706",
    "channel": "app",
    "created_at": "2025-03-24 07:49:34",
    "payment_status": "failed",
    "items": [
      {
        "sku": "SKU050",
        "qty": 5,
        "unit_price": 12.5
      },
      {
        "sku": "SKU029",
        "qty": 2,
        "unit_price": 15.0
      }
    ]
  },
  {
    "order_id": "O202503240020",
    "customer_id": "C0363",
    "channel": "web",
    "created_at": "2025-03-24 13:03:02",
    "payment_status": "paid",
    "items": [
      {
        "sku": "SKU025",
        "qty": 4,
        "unit_price": 2.5
      },
      {
        "sku": "SKU014",
        "qty": 1,
        "unit_price": 24.9
      },
      {
        "sku": "SKU040",
        "qty": 5,
        "unit_price": 9.9
      },
      {
        "sku": "SKU008",
        "qty": 1,
        "unit_price": 12.5
      }
    ]
  },
  {
    "order_id": "O202503240021",
    "customer_id": "C0666",
    "channel": "app",
    "created_at": "2025-03-24 12:22:51",
    "payment_status": "paid",
    "items": [
      {
        "sku": "SKU036",
        "qty": 3,
        "unit_price": 7.5
      },
      {
        "sku": "SKU037",
        "qty": 1,
        "unit_price": 4.0
      },
      {
        "sku": "SKU009",
        "qty": 5,
        "unit_price": 15.0
      }
    ]
  },
  {
    "order_id": "O202503240022",
    "customer_id": "C0171",
    "channel": "app",
    "created_at": "2025-03-24 20:01:45",
    "payment_status": "paid",
    "items": [
      {
        "sku": "SKU018",
        "qty": 3,
        "unit_price": 4.0
      },
      {
        "sku": "SKU045",
        "qty": 4,
        "unit_price": 4.0
      }
    ]
  },
  {
    "order_id": "O202503240023",
    "customer_id": "C0520",
    "channel": "web",
    "created_at": "2025-03-24 21:03:48",
    "payment_status": "paid",
    "items": [
      {
        "sku": "SKU021",
        "qty": 1,
        "unit_price": 9.9
      }
    ]
  },
  {
    "order_id": "O202503240024",
    "customer_id": "C0400",
    "channel": "web",
    "created_at": "2025-03-24 16:19:28",
    "payment_status": "paid",
    "items": [
      {
        "sku": "SKU035",
        "qty": 4,
        "unit_price": 12.5
      },
      {
        "sku": "SKU022",
        "qty": 3,
        "unit_price": 8.0
      },
      {
        "sku": "SKU004",
        "qty": 2,
        "unit_price": -15.0
      }
    ]
  },
  {
    "order_id": "O202503240025",
    "customer_id": "C0543",
    "channel": "web",
    "created_at": "2025-03-24 22:38:17",
    "payment_status": "paid",
    "items": [
      {
        "sku": "SKU025",
        "qty": 3,
        "unit_price": 8.0
      },
      {
        "sku": "SKU044",
        "qty": 4,
        "unit_price": 7.5
      },
      {
        "sku": "SKU004",
        "qty": 2,
        "unit_price": 15.0
      },
      {
        "sku": "SKU012",
        "qty": 3,
        "unit_price": 5.0
      }
    ]
  },
  {
    "order_id": "O202503240026",
    "customer_id": "C0081",
    "channel": "app",
    "created_at": "2025-03-24 15:14:17",
    "payment_status": "paid",
    "items": [
      {
        "sku": "SKU010",
        "qty": 1,
        "unit_price": 2.5
      }
    ]
  },
  {
    "order_id": "O202503240027",
    "customer_id": "C0289",
    "channel": "app",
    "created_at": "2025-03-24 11:50:17",
    "payment_status": "paid",
    "items": [
      {
        "sku": "SKU038",
        "qty": 3,
        "unit_price": 5.0
      },
      {
        "sku": "SKU024",
        "qty": 1,
        "unit_price": 9.9
      }
    ]
  },
  {
    "order_id": "O202503240028",
    "customer_id": "C0723",
    "channel": "web",
    "created_at": "2025-03-24 17:23:37",
    "payment_status": "paid",
    "items": [
      {
        "sku": "SKU006",
        "qty": 4,
        "unit_price": 4.0
      },
      {
        "sku": "SKU046",
        "qty": 1,
        "unit_price": 7.5
      }
    ]
  },
  {
    "order_id": "O202503240029",
    "customer_id": "C0553",
    "channel": "web",
    "created_at": "2025-03-24 15:21:33",
    "payment_status": "paid",
    "items": [
      {
        "sku": "SKU034",
        "qty": 3,
        "unit_price": 4.0
      },
      {
        "sku": "SKU027",
        "qty": 1,
        "unit_price": 9.9
      },
      {
        "sku": "SKU023",
        "qty": 5,
        "unit_price": 2.5
      }
    ]
  },
  {
    "order_id": "O202503240030",
    "customer_id": "C0387",
    "channel": "web",
    "created_at": "2025-03-24 22:46:40",
    "payment_status": "paid",
    "items": [
      {
        "sku": "SKU004",
        "qty": 3,
        "unit_price": 7.5
      },
      {
        "sku": "SKU015",
        "qty": 5,
        "unit_price": 4.0
      },
      {
        "sku": "SKU016",
        "qty": 3,
        "unit_price": 7.5
      }
    ]
  },
  {
    "order_id": "O202503240031",
    "customer_id": "C0579",
    "channel": "app",
    "created_at": "2025-03-24 09:48:10",
    "payment_status": "pending",
    "items": [
      {
        "sku": "SKU009",
        "qty": 1,
        "unit_price": 4.0
      },
      {
        "sku": "SKU048",
        "qty": 2,
        "unit_price": 15.0
      },
      {
        "sku": "SKU044",
        "qty": 4,
        "unit_price": 2.5
      }
    ]
  },
  {
    "order_id": "O202503240032",
    "customer_id": "C0230",
    "channel": "app",
    "created_at": "2025-03-24 10:22:13",
    "payment_status": "paid",
    "items": [
      {
        "sku": "SKU042",
        "qty": 5,
        "unit_price": 8.0
      },
      {
        "sku": "SKU046",
        "qty": 3,
        "unit_price": 7.5
      },
      {
        "sku": "SKU021",
        "qty": 1,
        "unit_price": 7.5
      }
    ]
  },
  {
    "order_id": "O202503240033",
    "customer_id": "C0234",
    "channel": "app",
    "created_at": "2025-03-24 14:20:42",
    "payment_status": "paid",
    "items": [
      {
        "sku": "SKU021",
        "qty": 5,
        "unit_price": 5.0
      },
      {
        "sku": "SKU019",
        "qty": 5,
        "unit_price": 2.5
      },
      {
        "sku": "SKU015",
        "qty": 1,
        "unit_price": 2.5
      }
    ]
  },
  {
    "order_id": "O202503240034",
    "customer_id": "C0577",
    "channel": "web",
    "created_at": "2025-03-24 10:33:46",
    "payment_status": "paid",
    "items": [
      {
        "sku": "SKU025",
        "qty": 4,
        "unit_price": 19.9
      }
    ]
  },
  {
    "order_id": "O202503240035",
    "customer_id": "C0195",
    "channel": "web",
    "created_at": "2025-03-24 18:54:59",
    "payment_status": "paid",
    "items": [
      {
        "sku": "SKU022",
        "qty": 5,
        "unit_price": 2.5
      }
    ]
  },
  {
    "order_id": "O202503240036",
    "customer_id": "C0639",
    "channel": "web",
    "created_at": "2025-03-24 18:13:33",
    "payment_status": "paid",
    "items": [
      {
        "sku": "SKU013",
        "qty": 5,
        "unit_price": 4.0
      },
      {
        "sku": "SKU029",
        "qty": 2,
        "unit_price": 12.5
      },
      {
        "sku": "SKU031",
        "qty": 3,
        "unit_price": 12.5
      }
    ]
  },
  {
    "order_id": "O202503240037",
    "customer_id": "C0153",
    "channel": "app",
    "created_at": "2025-03-24 22:40:26",
    "payment_status": "paid",
    "items": [
      {
        "sku": "SKU024",
        "qty": 2,
        "unit_price": 5.0
      },
      {
        "sku": "SKU028",
        "qty": 5,
        "unit_price": 5.0
      },
      {
        "sku": "SKU038",
        "qty": 4,
        "unit_price": 19.9
      },
      {
        "sku": "SKU001",
        "qty": 5,
        "unit_price": 9.9
      }
    ]
  },
  {
    "order_id": "O202503240038",
    "customer_id": "C0169",
    "channel": "web",
    "created_at": "2025-03-24 09:16:01",
    "payment_status": "pending",
    "items": [
      {
        "sku": "SKU031",
        "qty": 5,
        "unit_price": 5.0
      },
      {
        "sku": "SKU017",
        "qty": 5,
        "unit_price": 12.5
      },
      {
        "sku": "SKU040",
        "qty": 5,
        "unit_price": 9.9
      }
    ]
  },
  {
    "order_id": "O202503240039",
    "customer_id": "C0390",
    "channel": "app",
    "created_at": "2025-03-24 19:21:41",
    "payment_status": "paid",
    "items": [
      {
        "sku": "SKU050",
        "qty": 3,
        "unit_price": 2.5
      },
      {
        "sku": "SKU018",
        "qty": 5,
        "unit_price": 9.9
      },
      {
        "sku": "SKU015",
        "qty": 5,
        "unit_price": 24.9
      }
    ]
  },
  {
    "order_id": "O202503240040",
    "customer_id": "C0132",
    "channel": "app",
    "created_at": "2025-03-24 22:57:52",
    "payment_status": "paid",
    "items": [
      {
        "sku": "SKU004",
        "qty": 1,
        "unit_price": 7.5
      },
      {
        "sku": "SKU033",
        "qty": 5,
        "unit_price": 2.5
      },
      {
        "sku": "SKU003",
        "qty": 5,
        "unit_price": 12.5
      },
      {
        "sku": "SKU003",
        "qty": 3,
        "unit_price": 15.0
      }
    ]
  },
  {
    "order_id": "O202503240041",
    "customer_id": "C0558",
    "channel": "app",
    "created_at": "2025-03-24 10:47:00",
    "payment_status": "paid",
    "items": [
      {
        "sku": "SKU023",
        "qty": 1,
        "unit_price": 8.0
      },
      {
        "sku": "SKU042",
        "qty": 3,
        "unit_price": 4.0
      },
      {
        "sku": "SKU049",
        "qty": 3,
        "unit_price": 15.0
      }
    ]
  },
  {
    "order_id": "O202503240042",
    "customer_id": "C0082",
    "channel": "app",
    "created_at": "2025-03-24 14:56:53",
    "payment_status": "paid",
    "items": [
      {
        "sku": "SKU040",
        "qty": 4,
        "unit_price": 15.0
      },
      {
        "sku": "SKU040",
        "qty": 2,
        "unit_price": 24.9
      },
      {
        "sku": "SKU012",
        "qty": 5,
        "unit_price": 19.9
      },
      {
        "sku": "SKU036",
        "qty": 4,
        "unit_price": 15.0
      }
    ]
  },
  {
    "order_id": "O202503240043",
    "customer_id": "C0497",
    "channel": "app",
    "created_at": "2025-03-24 16:02:00",
    "payment_status": "paid",
    "items": [
      {
        "sku": "SKU030",
        "qty": 2,
        "unit_price": 9.9
      }
    ]
  },
  {
    "order_id": "O202503240044",
    "customer_id": "C0746",
    "channel": "web",
    "created_at": "2025-03-24 08:38:25",
    "payment_status": "paid",
    "items": [
      {
        "sku": "SKU003",
        "qty": 5,
        "unit_price": 7.5
      },
      {
        "sku": "SKU033",
        "qty": 3,
        "unit_price": 24.9
      }
    ]
  },
  {
    "order_id": "O202503240045",
    "customer_id": "C0249",
    "channel": "app",
    "created_at": "2025-03-24 15:13:05",
    "payment_status": "paid",
    "items": [
      {
        "sku": "SKU026",
        "qty": 2,
        "unit_price": 12.5
      }
    ]
  },
  {
    "order_id": "O202503240046",
    "customer_id": "C0395",
    "channel": "web",
    "created_at": "2025-03-24 14:24:00",
    "payment_status": "paid",
    "items": [
      {
        "sku": "SKU039",
        "qty": 1,
        "unit_price": 2.5
      },
      {
        "sku": "SKU028",
        "qty": 3,
        "unit_price": 4.0
      },
      {
        "sku": "SKU011",
        "qty": 1,
        "unit_price": 2.5
      },
      {
        "sku": "SKU032",
        "qty": 2,
        "unit_price": 4.0
      }
    ]
  },
  {
    "order_id": "O202503240047",
    "customer_id": "C0367",
    "channel": "app",
    "created_at": "2025-03-24 07:36:04",
    "payment_status": "failed",
    "items": [
      {
        "sku": "SKU009",
        "qty": 2,
        "unit_price": 15.0
      },
      {
        "sku": "SKU037",
        "qty": 3,
        "unit_price": 12.5
      },
      {
        "sku": "SKU006",
        "qty": 3,
        "unit_price": 8.0
      },
      {
        "sku": "SKU010",
        "qty": 4,
        "unit_price": 19.9
      }
    ]
  },
  {
    "order_id": "O202503240048",
    "customer_id": "C0510",
    "channel": "app",
    "created_at": "2025-03-24 17:26:51",
    "payment_status": "paid",
    "items": [
      {
        "sku": "SKU010",
        "qty": 2,
        "unit_price": 24.9
      },
      {
        "sku": "SKU022",
        "qty": 2,
        "unit_price": 12.5
      },
      {
        "sku": "SKU007",
        "qty": 4,
        "unit_price": 2.5
      },
      {
        "sku": "SKU049",
        "qty": 4,
        "unit_price": 12.5
      }
    ]
  },
  {
    "order_id": "O202503240049",
    "customer_id": "C0660",
    "channel": "app",
    "created_at": "2025-03-24 12:33:28",
    "payment_status": "paid",
    "items": [
      {
        "sku": "SKU029",
        "qty": 4,
        "unit_price": 7.5
      },
      {
        "sku": "SKU038",
        "qty": 4,
        "unit_price": 5.0
      },
      {
        "sku": "SKU004",
        "qty": 5,
        "unit_price": 4.0
      }
    ]
  },
  {
    "order_id": "O202503240050",
    "customer_id": "C0796",
    "channel": "app",
    "created_at": "2025-03-24 19:25:22",
    "payment_status": "paid",
    "items": [
      {
        "sku": "SKU043",
        "qty": 1,
        "unit_price": 8.0
      }
    ]
  },
  {
    "order_id": "O202503240051",
    "customer_id": "C0332",
    "channel": "app",
    "created_at": "2025-03-24 14:48:25",
    "payment_status": "paid",
    "items": [
      {
        "sku": "SKU031",
        "qty": 2,
        "unit_price": 12.5
      }
    ]
  },
  {
    "order_id": "O202503240052",
    "customer_id": "C0250",
    "channel": "app",
    "created_at": "2025-03-24 17:13:23",
    "payment_status": "paid",
    "items": [
      {
        "sku": "SKU031",
        "qty": 3,
        "unit_price": 19.9
      },
      {
        "sku": "SKU047",
        "qty": 2,
        "unit_price": 12.5
      }
    ]
  },
  {
    "order_id": "O202503240053",
    "customer_id": "C0452",
    "channel": "app",
    "created_at": "2025-03-24 18:35:43",
    "payment_status": "paid",
    "items": [
      {
        "sku": "SKU029",
        "qty": 5,
        "unit_price": 9.9
      },
      {
        "sku": "SKU001",
        "qty": 4,
        "unit_price": 8.0
      }
    ]
  },
  {
    "order_id": "O202503240054",
    "customer_id": "C0401",
    "channel": "web",
    "created_at": "2025-03-24 20:52:02",
    "payment_status": "paid",
    "items": [
      {
        "sku": "SKU001",
        "qty": 1,
        "unit_price": 7.5
      },
      {
        "sku": "SKU021",
        "qty": 3,
        "unit_price": 12.5
      },
      {
        "sku": "SKU016",
        "qty": 1,
        "unit_price": 7.5
      }
    ]
  },
  {
    "order_id": "O202503240055",
    "customer_id": "C0420",
    "channel": "web",
    "created_at": "2025-03-24 16:33:41",
    "payment_status": "paid",
    "items": [
      {
        "sku": "SKU033",
        "qty": 3,
        "unit_price": 24.9
      },
      {
        "sku": "SKU019",
        "qty": 5,
        "unit_price": 7.5
      }
    ]
  },
  {
    "order_id": "O202503240056",
    "customer_id": "C0499",
    "channel": "web",
    "created_at": "2025-03-24 19:27:36",
    "payment_status": "paid",
    "items": [
      {
        "sku": "SKU012",
        "qty": 3,
        "unit_price": 19.9
      }
    ]
  },
  {
    "order_id": "O202503240057",
    "customer_id": "C0314",
    "channel": "app",
    "created_at": "2025-03-24 14:06:07",
    "payment_status": "paid",
    "items": [
      {
        "sku": "SKU044",
        "qty": 3,
        "unit_price": 15.0
      }
    ]
  },
  {
    "order_id": "O202503240058",
    "customer_id": "C0131",
    "channel": "web",
    "created_at": "2025-03-24 07:46:32",
    "payment_status": "paid",
    "items": [
      {
        "sku": "SKU047",
        "qty": 2,
        "unit_price": 15.0
      }
    ]
  },
  {
    "order_id": "O202503240059",
    "customer_id": "C0774",
    "channel": "app",
    "created_at": "2025-03-24 15:37:07",
    "payment_status": "paid",
    "items": [
      {
        "sku": "SKU039",
        "qty": 4,
        "unit_price": 24.9
      },
      {
        "sku": "SKU030",
        "qty": 3,
        "unit_price": 4.0
      },
      {
        "sku": "SKU017",
        "qty": 4,
        "unit_price": 2.5
      }
    ]
  },
  {
    "order_id": "O202503240060",
    "customer_id": "C0445",
    "channel": "app",
    "created_at": "2025-03-24 13:26:34",
    "payment_status": "paid",
    "items": [
      {
        "sku": "SKU028",
        "qty": 3,
        "unit_price": 15.0
      }
    ]
  },
  {
    "order_id": "O202503240061",
    "customer_id": "C0392",
    "channel": "web",
    "created_at": "2025-03-24 18:15:18",
    "payment_status": "paid",
    "items": [
      {
        "sku": "SKU027",
        "qty": 4,
        "unit_price": 12.5
      },
      {
        "sku": "SKU022",
        "qty": 4,
        "unit_price": 9.9
      },
      {
        "sku": "SKU031",
        "qty": 5,
        "unit_price": 2.5
      },
      {
        "sku": "SKU047",
        "qty": 5,
        "unit_price": 24.9
      }
    ]
  },
  {
    "order_id": "O202503240062",
    "customer_id": "C0344",
    "channel": "web",
    "created_at": "2025-03-24 07:55:46",
    "payment_status": "paid",
    "items": [
      {
        "sku": "SKU029",
        "qty": 3,
        "unit_price": 8.0
      },
      {
        "sku": "SKU027",
        "qty": 2,
        "unit_price": 9.9
      },
      {
        "sku": "SKU030",
        "qty": 4,
        "unit_price": 9.9
      }
    ]
  },
  {
    "order_id": "O202503240063",
    "customer_id": "C0443",
    "channel": "web",
    "created_at": "2025-03-24 13:56:26",
    "payment_status": "failed",
    "items": [
      {
        "sku": "SKU040",
        "qty": 5,
        "unit_price": 15.0
      },
      {
        "sku": "SKU050",
        "qty": 3,
        "unit_price": 9.9
      }
    ]
  },
  {
    "order_id": "O202503240064",
    "customer_id": "C0102",
    "channel": "web",
    "created_at": "2025-03-24 07:14:55",
    "payment_status": "paid",
    "items": [
      {
        "sku": "SKU049",
        "qty": 2,
        "unit_price": 9.9
      },
      {
        "sku": "SKU040",
        "qty": 4,
        "unit_price": 5.0
      },
      {
        "sku": "SKU004",
        "qty": 3,
        "unit_price": 12.5
      }
    ]
  },
  {
    "order_id": "O202503240065",
    "customer_id": "C0068",
    "channel": "app",
    "created_at": "2025-03-24 14:15:35",
    "payment_status": "paid",
    "items": [
      {
        "sku": "SKU028",
        "qty": 1,
        "unit_price": 9.9
      },
      {
        "sku": "SKU004",
        "qty": 5,
        "unit_price": 24.9
      },
      {
        "sku": "SKU029",
        "qty": 5,
        "unit_price": 19.9
      }
    ]
  },
  {
    "order_id": "O202503240066",
    "customer_id": "C0529",
    "channel": "app",
    "created_at": "2025-03-24 12:53:25",
    "payment_status": "paid",
    "items": [
      {
        "sku": "SKU029",
        "qty": 2,
        "unit_price": 5.0
      },
      {
        "sku": "SKU047",
        "qty": 1,
        "unit_price": 19.9
      },
      {
        "sku": "SKU026",
        "qty": 3,
        "unit_price": 7.5
      },
      {
        "sku": "SKU034",
        "qty": 3,
        "unit_price": 4.0
      }
    ]
  },
  {
    "order_id": "O202503240067",
    "customer_id": "C0311",
    "channel": "app",
    "created_at": "2025-03-24 10:41:25",
    "payment_status": "paid",
    "items": [
      {
        "sku": "SKU003",
        "qty": 2,
        "unit_price": 2.5
      },
      {
        "sku": "SKU036",
        "qty": 2,
        "unit_price": 15.0
      }
    ]
  },
  {
    "order_id": "O202503240068",
    "customer_id": "C0470",
    "channel": "app",
    "created_at": "2025-03-24 11:12:58",
    "payment_status": "paid",
    "items": [
      {
        "sku": "SKU019",
        "qty": 4,
        "unit_price": 12.5
      }
    ]
  },
  {
    "order_id": "O202503240069",
    "customer_id": "C0426",
    "channel": "app",
    "created_at": "2025-03-24 15:06:25",
    "payment_status": "paid",
    "items": [
      {
        "sku": "SKU041",
        "qty": 4,
        "unit_price": 15.0
      },
      {
        "sku": "SKU034",
        "qty": 1,
        "unit_price": 7.5
      }
    ]
  },
  {
    "order_id": "O202503240070",
    "customer_id": "C0787",
    "channel": "web",
    "created_at": "2025-03-24 13:57:11",
    "payment_status": "paid",
    "items": [
      {
        "sku": "SKU022",
        "qty": 1,
        "unit_price": 19.9
      },
      {
        "sku": "SKU031",
        "qty": 3,
        "unit_price": 5.0
      },
      {
        "sku": "SKU045",
        "qty": 4,
        "unit_price": 19.9
      },
      {
        "sku": "SKU035",
        "qty": 5,
        "unit_price": 7.5
      }
    ]
  },
  {
    "order_id": "O202503240071",
    "customer_id": "C0697",
    "channel": "web",
    "created_at": "2025-03-24 14:17:07",
    "payment_status": "paid",
    "items": [
      {
        "sku": "SKU012",
        "qty": 5,
        "unit_price": 19.9
      }
    ]
  },
  {
    "order_id": "O202503240072",
    "customer_id": "C0128",
    "channel": "app",
    "created_at": "2025-03-24 20:55:23",
    "payment_status": "failed",
    "items": [
      {
        "sku": "SKU032",
        "qty": 4,
        "unit_price": 8.0
      },
      {
        "sku": "SKU034",
        "qty": 5,
        "unit_price": 2.5
      },
      {
        "sku": "SKU049",
        "qty": 4,
        "unit_price": 19.9
      }
    ]
  },
  {
    "order_id": "O202503240073",
    "customer_id": "C0262",
    "channel": "app",
    "created_at": "2025-03-24 21:27:07",
    "payment_status": "paid",
    "items": [
      {
        "sku": "SKU027",
        "qty": 5,
        "unit_price": 15.0
      }
    ]
  },
  {
    "order_id": "O202503240074",
    "customer_id": "C0557",
    "channel": "app",
    "created_at": "2025-03-24 11:49:54",
    "payment_status": "paid",
    "items": [
      {
        "sku": "SKU033",
        "qty": 3,
        "unit_price": 24.9
      },
      {
        "sku": "SKU044",
        "qty": 3,
        "unit_price": 24.9
      }
    ]
  },
  {
    "order_id": "O202503240075",
    "customer_id": "C0334",
    "channel": "web",
    "created_at": "2025-03-24 19:40:52",
    "payment_status": "paid",
    "items": [
      {
        "sku": "SKU048",
        "qty": 5,
        "unit_price": 8.0
      },
      {
        "sku": "SKU012",
        "qty": 4,
        "unit_price": 9.9
      }
    ]
  },
  {
    "order_id": "O202503240076",
    "customer_id": "C0483",
    "channel": "app",
    "created_at": "2025-03-24 07:30:49",
    "payment_status": "paid",
    "items": [
      {
        "sku": "SKU035",
        "qty": 5,
        "unit_price": 2.5
      },
      {
        "sku": "SKU033",
        "qty": 5,
        "unit_price": 24.9
      },
      {
        "sku": "SKU019",
        "qty": 1,
        "unit_price": 24.9
      }
    ]
  },
  {
    "order_id": "O202503240077",
    "customer_id": "C0616",
    "channel": "app",
    "created_at": "2025-03-24 14:39:09",
    "payment_status": "paid",
    "items": [
      {
        "sku": "SKU030",
        "qty": 3,
        "unit_price": 5.0
      }
    ]
  },
  {
    "order_id": "O202503240078",
    "customer_id": "C0158",
    "channel": "web",
    "created_at": "2025-03-24 17:41:39",
    "payment_status": "failed",
    "items": [
      {
        "sku": "SKU047",
        "qty": 3,
        "unit_price": 19.9
      },
      {
        "sku": "SKU017",
        "qty": 3,
        "unit_price": 8.0
      },
      {
        "sku": "SKU044",
        "qty": 4,
        "unit_price": 24.9
      }
    ]
  },
  {
    "order_id": "O202503240079",
    "customer_id": "C0673",
    "channel": "web",
    "created_at": "2025-03-24 17:15:21",
    "payment_status": "paid",
    "items": [
      {
        "sku": "SKU012",
        "qty": 1,
        "unit_price": 2.5
      },
      {
        "sku": "SKU023",
        "qty": 4,
        "unit_price": 24.9
      }
    ]
  },
  {
    "order_id": "O202503240080",
    "customer_id": "C0252",
    "channel": "web",
    "created_at": "2025-03-24 14:24:10",
    "payment_status": "paid",
    "items": [
      {
        "sku": "SKU018",
        "qty": 1,
        "unit_price": 7.5
      },
      {
        "sku": "SKU043",
        "qty": 4,
        "unit_price": 8.0
      },
      {
        "sku": "SKU032",
        "qty": 2,
        "unit_price": 12.5
      }
    ]
  },
  {
    "order_id": "O202503240081",
    "customer_id": "C0412",
    "channel": "app",
    "created_at": "2025-03-24 16:40:41",
    "payment_status": "paid",
    "items": [
      {
        "sku": "SKU014",
        "qty": 1,
        "unit_price": 15.0
      },
      {
        "sku": "SKU023",
        "qty": 4,
        "unit_price": 12.5
      },
      {
        "sku": "SKU031",
        "qty": 5,
        "unit_price": 24.9
      },
      {
        "sku": "SKU042",
        "qty": 1,
        "unit_price": 9.9
      }
    ]
  },
  {
    "order_id": "O202503240082",
    "customer_id": "C0341",
    "channel": "app",
    "created_at": "2025-03-24 15:27:32",
    "payment_status": "paid",
    "items": [
      {
        "sku": "SKU044",
        "qty": 2,
        "unit_price": 24.9
      },
      {
        "sku": "SKU042",
        "qty": 2,
        "unit_price": 8.0
      },
      {
        "sku": "SKU012",
        "qty": 3,
        "unit_price": 12.5
      },
      {
        "sku": "SKU009",
        "qty": 5,
        "unit_price": 8.0
      }
    ]
  },
  {
    "order_id": "O202503240083",
    "customer_id": "C0659",
    "channel": "web",
    "created_at": "2025-03-24 21:45:53",
    "payment_status": "paid",
    "items": [
      {
        "sku": "SKU021",
        "qty": 4,
        "unit_price": 7.5
      }
    ]
  },
  {
    "order_id": "O202503240084",
    "customer_id": "C0451",
    "channel": "app",
    "created_at": "2025-03-24 19:52:59",
    "payment_status": "paid",
    "items": [
      {
        "sku": "SKU021",
        "qty": 3,
        "unit_price": 12.5
      },
      {
        "sku": "SKU015",
        "qty": 1,
        "unit_price": 24.9
      },
      {
        "sku": "SKU027",
        "qty": 3,
        "unit_price": 24.9
      },
      {
        "sku": "SKU024",
        "qty": 1,
        "unit_price": 9.9
      }
    ]
  },
  {
    "order_id": "O202503240085",
    "customer_id": "C0783",
    "channel": "web",
    "created_at": "2025-03-24 14:22:44",
    "payment_status": "paid",
    "items": [
      {
        "sku": "SKU038",
        "qty": 5,
        "unit_price": 15.0
      },
      {
        "sku": "SKU030",
        "qty": 4,
        "unit_price": 15.0
      },
      {
        "sku": "SKU017",
        "qty": 5,
        "unit_price": 19.9
      }
    ]
  },
  {
    "order_id": "O202503240086",
    "customer_id": "C0581",
    "channel": "web",
    "created_at": "2025-03-24 08:02:28",
    "payment_status": "paid",
    "items": [
      {
        "sku": "SKU050",
        "qty": 3,
        "unit_price": 24.9
      }
    ]
  },
  {
    "order_id": "O202503240087",
    "customer_id": "C0482",
    "channel": "app",
    "created_at": "2025-03-24 22:29:44",
    "payment_status": "paid",
    "items": [
      {
        "sku": "SKU002",
        "qty": 5,
        "unit_price": 2.5
      },
      {
        "sku": "SKU003",
        "qty": 4,
        "unit_price": 4.0
      },
      {
        "sku": "SKU008",
        "qty": 2,
        "unit_price": 15.0
      }
    ]
  },
  {
    "order_id": "O202503240088",
    "customer_id": "C0372",
    "channel": "web",
    "created_at": "2025-03-24 20:30:30",
    "payment_status": "paid",
    "items": [
      {
        "sku": "SKU022",
        "qty": 2,
        "unit_price": 15.0
      }
    ]
  },
  {
    "order_id": "O202503240089",
    "customer_id": "C0424",
    "channel": "web",
    "created_at": "2025-03-24 09:57:42",
    "payment_status": "pending",
    "items": [
      {
        "sku": "SKU007",
        "qty": 2,
        "unit_price": 19.9
      }
    ]
  },
  {
    "order_id": "O202503240090",
    "customer_id": "C0101",
    "channel": "app",
    "created_at": "2025-03-24 19:33:42",
    "payment_status": "paid",
    "items": [
      {
        "sku": "SKU040",
        "qty": 5,
        "unit_price": 7.5
      },
      {
        "sku": "SKU050",
        "qty": 2,
        "unit_price": 24.9
      },
      {
        "sku": "SKU041",
        "qty": 1,
        "unit_price": 7.5
      },
      {
        "sku": "SKU020",
        "qty": 3,
        "unit_price": 15.0
      }
    ]
  },
  {
    "order_id": "O202503240091",
    "customer_id": "C0310",
    "channel": "web",
    "created_at": "2025-03-24 18:29:39",
    "payment_status": "pending",
    "items": [
      {
        "sku": "SKU027",
        "qty": 2,
        "unit_price": 24.9
      },
      {
        "sku": "SKU015",
        "qty": 3,
        "unit_price": 7.5
      },
      {
        "sku": "SKU009",
        "qty": 4,
        "unit_price": 5.0
      }
    ]
  },
  {
    "order_id": "O202503240092",
    "customer_id": "C0682",
    "channel": "web",
    "created_at": "2025-03-24 22:09:15",
    "payment_status": "pending",
    "items": [
      {
        "sku": "SKU004",
        "qty": 1,
        "unit_price": 2.5
      },
      {
        "sku": "SKU005",
        "qty": 2,
        "unit_price": 19.9
      },
      {
        "sku": "SKU003",
        "qty": 1,
        "unit_price": 9.9
      },
      {
        "sku": "SKU003",
        "qty": 3,
        "unit_price": 4.0
      }
    ]
  },
  {
    "order_id": "O202503240093",
    "customer_id": "C0149",
    "channel": "web",
    "created_at": "2025-03-24 12:02:26",
    "payment_status": "paid",
    "items": [
      {
        "sku": "SKU025",
        "qty": 3,
        "unit_price": 19.9
      },
      {
        "sku": "SKU034",
        "qty": 2,
        "unit_price": 4.0
      },
      {
        "sku": "SKU018",
        "qty": 1,
        "unit_price": 9.9
      }
    ]
  },
  {
    "order_id": "O202503240094",
    "customer_id": "C0500",
    "channel": "app",
    "created_at": "2025-03-24 15:03:40",
    "payment_status": "paid",
    "items": [
      {
        "sku": "SKU012",
        "qty": 4,
        "unit_price": 24.9
      },
      {
        "sku": "SKU005",
        "qty": 5,
        "unit_price": 8.0
      },
      {
        "sku": "SKU002",
        "qty": 3,
        "unit_price": 9.9
      },
      {
        "sku": "SKU038",
        "qty": 1,
        "unit_price": 9.9
      }
    ]
  },
  {
    "order_id": "O202503240095",
    "customer_id": "C0768",
    "channel": "app",
    "created_at": "2025-03-24 19:43:32",
    "payment_status": "pending",
    "items": [
      {
        "sku": "SKU050",
        "qty": 4,
        "unit_price": 8.0
      },
      {
        "sku": "SKU032",
        "qty": 3,
        "unit_price": 8.0
      },
      {
        "sku": "SKU033",
        "qty": 4,
        "unit_price": 24.9
      },
      {
        "sku": "SKU002",
        "qty": 4,
        "unit_price": 24.9
      }
    ]
  },
  {
    "order_id": "O202503240096",
    "customer_id": "C0401",
    "channel": "app",
    "created_at": "2025-03-24 18:34:44",
    "payment_status": "failed",
    "items": [
      {
        "sku": "SKU031",
        "qty": 1,
        "unit_price": 4.0
      },
      {
        "sku": "SKU004",
        "qty": 2,
        "unit_price": 8.0
      }
    ]
  },
  {
    "order_id": "O202503240097",
    "customer_id": "C0479",
    "channel": "web",
    "created_at": "2025-03-24 22:59:13",
    "payment_status": "paid",
    "items": [
      {
        "sku": "SKU050",
        "qty": 3,
        "unit_price": 19.9
      },
      {
        "sku": "SKU049",
        "qty": 2,
        "unit_price": 12.5
      },
      {
        "sku": "SKU020",
        "qty": 3,
        "unit_price": 4.0
      },
      {
        "sku": "SKU035",
        "qty": 3,
        "unit_price": 5.0
      }
    ]
  },
  {
    "order_id": "O202503240098",
    "customer_id": "C0446",
    "channel": "app",
    "created_at": "2025-03-24 09:24:42",
    "payment_status": "paid",
    "items": [
      {
        "sku": "SKU008",
        "qty": 2,
        "unit_price": 15.0
      },
      {
        "sku": "SKU018",
        "qty": 2,
        "unit_price": 4.0
      },
      {
        "sku": "SKU030",
        "qty": 3,
        "unit_price": 19.9
      }
    ]
  },
  {
    "order_id": "O202503240099",
    "customer_id": "C0468",
    "channel": "app",
    "created_at": "2025-03-24 19:01:53",
    "payment_status": "paid",
    "items": [
      {
        "sku": "SKU037",
        "qty": 3,
        "unit_price": 2.5
      },
      {
        "sku": "SKU042",
        "qty": 2,
        "unit_price": 12.5
      },
      {
        "sku": "SKU007",
        "qty": 3,
        "unit_price": 15.0
      },
      {
        "sku": "SKU030",
        "qty": 4,
        "unit_price": 9.9
      }
    ]
  },
  {
    "order_id": "O202503240100",
    "customer_id": "C0470",
    "channel": "app",
    "created_at": "2025-03-24 14:52:31",
    "payment_status": "paid",
    "items": [
      {
        "sku": "SKU036",
        "qty": 5,
        "unit_price": 7.5
      },
      {
        "sku": "SKU019",
        "qty": 2,
        "unit_price": -2.5
      }
    ]
  },
  {
    "order_id": "O202503240022",
    "customer_id": "C0171",
    "channel": "app",
    "created_at": "2025-03-24 20:01:45",
    "payment_status": "paid",
    "items": [
      {
        "sku": "SKU018",
        "qty": 3,
        "unit_price": 4.0
      },
      {
        "sku": "SKU045",
        "qty": 4,
        "unit_price": 4.0
      }
    ]
  },
  {
    "order_id": "O202503240054",
    "customer_id": "C0401",
    "channel": "web",
    "created_at": "2025-03-24 20:52:02",
    "payment_status": "paid",
    "items": [
      {
        "sku": "SKU001",
        "qty": 1,
        "unit_price": 7.5
      },
      {
        "sku": "SKU021",
        "qty": 3,
        "unit_price": 12.5
      },
      {
        "sku": "SKU016",
        "qty": 1,
        "unit_price": 7.5
      }
    ]
  },
  {
    "order_id": "O202503240044",
    "customer_id": "C0746",
    "channel": "web",
    "created_at": "2025-03-24 08:38:25",
    "payment_status": "paid",
    "items": [
      {
        "sku": "SKU003",
        "qty": 5,
        "unit_price": 7.5
      },
      {
        "sku": "SKU033",
        "qty": 3,
        "unit_price": 24.9
      }
    ]
  }
]