[
  {
    "order_id": "O202503310001",
    "customer_id": "C0329",
    "channel": "web",
    "created_at": "2025-03-31 18:17:26",
    "payment_status": "paid",
    "items": [
      {
        "sku": "SKU038",
        "qty": 1,
        "unit_price": 7.5
      },
      {
        "sku": "SKU044",
        "qty": 3,
        "unit_price": 9.9
      },
      {
        "sku": "SKU022",
        "qty": 1,
        "unit_price": 12.5
      }
    ]
  },
  {
    "order_id": "O202503310002",
    "customer_id": "C0674",
    "channel": "web",
    "created_at": "2025-03-31 16:32:12",
    "payment_status": "paid",
    "items": [
      {
        "sku": "SKU027",
        "qty": 5,
        "unit_price": 19.9
      },
      {
        "sku": "SKU013",
        "qty": 3,
        "unit_price": 2.5
      }
    ]
  },
  {
    "order_id": "O202503310003",
    "customer_id": "C0351",
    "channel": "app",
    "created_at": "2025-03-31 21:49:57",
    "payment_status": "paid",
    "items": [
      {
        "sku": "SKU002",
        "qty": 3,
        "unit_price": 19.9
      },
      {
        "sku": "SKU015",
        "qty": 5,
        "unit_price": 7.5
      },
      {
        "sku": "SKU039",
        "qty": 3,
        "unit_price": 12.5
      },
      {
        "sku": "SKU037",
        "qty": 3,
        "unit_price": 5.0
      }
    ]
  },
  {
    "order_id": "O202503310004",
    "customer_id": "C0104",
    "channel": "app",
    "created_at": "2025-03-31 21:43:27",
    "payment_status": "paid",
    "items": [
      {
        "sku": "SKU020",
        "qty": 5,
        "unit_price": 2.5
      }
    ]
  },
  {
    "order_id": "O202503310005",
    "customer_id": "C0033",
    "channel": "app",
    "created_at": "2025-03-31 13:20:46",
    "payment_status": "paid",
    "items": [
      {
        "sku": "SKU014",
        "qty": 2,
        "unit_price": 7.5
      },
      {
        "sku": "SKU040",
        "qty": 1,
        "unit_price": 12.5
      },
      {
        "sku": "SKU041",
        "qty": 2,
        "unit_price": 8.0
      },
      {
        "sku": "SKU033",
        "qty": 2,
        "unit_price": 2.5
      }
    ]
  },
  {
    "order_id": "O202503310006",
    "customer_id": "C0276",
    "channel": "app",
    "created_at": "2025-03-31 18:23:22",
    "payment_status": "paid",
    "items": [
      {
        "sku": "SKU018",
        "qty": 2,
        "unit_price": 24.9
      },
      {
        "sku": "SKU003",
        "qty": 1,
        "unit_price": 2.5
      }
    ]
  },
  {
    "order_id": "O202503310007",
    "customer_id": "C0228",
    "channel": "app",
    "created_at": "2025-03-31 07:09:35",
    "payment_status": "paid",
    "items": [
      {
        "sku": "SKU039",
        "qty": 2,
        "unit_price": 4.0
      },
      {
        "sku": "SKU007",
        "qty": 2,
        "unit_price": 5.0
      }
    ]
  },
  {
    "order_id": "O202503310008",
    "customer_id": "C0189",
    "channel": "app",
    "created_at": "2025-03-31 13:44:17",
    "payment_status": "paid",
    "items": [
      {
        "sku": "SKU031",
        "qty": 2,
        "unit_price": 4.0
      },
      {
        "sku": "SKU039",
        "qty": 4,
        "unit_price": 8.0
      },
      {
        "sku": "SKU012",
        "qty": 2,
        "unit_price": 15.0
      },
      {
        "sku": "SKU036",
        "qty": 5,
        "unit_price": 4.0
      }
    ]
  },
  {
    "order_id": "O202503310009",
    "customer_id": "C0450",
    "channel": "app",
    "created_at": "2025-03-31 15:46:08",
    "payment_status": "paid",
    "items": [
      {
        "sku": "SKU036",
        "qty": 3,
        "unit_price": 7.5
      },
      {
        "sku": "SKU030",
        "qty": 3,
        "unit_price": 24.9
      },
      {
        "sku": "SKU005",
        "qty": 2,
        "unit_price": 8.0
      },
      {
        "sku": "SKU035",
        "qty": 3,
        "unit_price": 7.5
      }
    ]
  },
  {
    "order_id": "O202503310010",
    "customer_id": "C0709",
    "channel": "web",
    "created_at": "2025-03-31 20:21:59",
    "payment_status": "paid",
    "items": [
      {
        "sku": "SKU006",
        "qty": 5,
        "unit_price": 5.0
      },
      {
        "sku": "SKU032",
        "qty": 4,
        "unit_price": 9.9
      },
      {
        "sku": "SKU035",
        "qty": 2,
        "unit_price": 9.9
      },
      {
        "sku": "SKU049",
        "qty": 1,
        "unit_price": -8.0
      }
    ]
  },
  {
    "order_id": "O202503310011",
    "customer_id": "C0206",
    "channel": "web",
    "created_at": "2025-03-31 08:29:04",
    "payment_status": "paid",
    "items": [
      {
        "sku": "SKU045",
        "qty": 3,
        "unit_price": 12.5
      },
      {
        "sku": "SKU039",
        "qty": 5,
        "unit_price": 5.0
      }
    ]
  },
  {
    "order_id": "O202503310012",
    "customer_id": "C0280",
    "channel": "web",
    "created_at": "2025-03-31 07:08:42",
    "payment_status": "paid",
    "items": [
      {
        "sku": "SKU013",
        "qty": 2,
        "unit_price": 9.9
      },
      {
        "sku": "SKU007",
        "qty": 4,
        "unit_price": 24.9
      }
    ]
  },
  {
    "order_id": "O202503310013",
    "customer_id": "C0614",
    "channel": "web",
    "created_at": "2025-03-31 09:23:35",
    "payment_status": "paid",
    "items": [
      {
        "sku": "SKU033",
        "qty": 1,
        "unit_price": 5.0
      },
      {
        "sku": "SKU009",
        "qty": 1,
        "unit_price": 12.5
      },
      {
        "sku": "SKU031",
        "qty": 5,
        "unit_price": 12.5
      }
    ]
  },
  {
    "order_id": "O202503310014",
    "customer_id": "C0302",
    "channel": "web",
    "created_at": "2025-03-31 07:27:45",
    "payment_status": "paid",
    "items": [
      {
        "sku": "SKU011",
        "qty": 1,
        "unit_price": 9.9
      }
    ]
  },
  {
    "order_id": "O202503310015",
    "customer_id": "C0756",
    "channel": "web",
    "created_at": "2025-03-31 07:30:25",
    "payment_status": "paid",
    "items": [
      {
        "sku": "SKU019",
        "qty": 1,
        "unit_price": 7.5
      }
    ]
  },
  {
    "order_id": "O202503310016",
    "customer_id": "C0115",
    "channel": "web",
    "created_at": "2025-03-31 12:03:13",
    "payment_status": "paid",
    "items": [
      {
        "sku": "SKU045",
        "qty": 1,
        "unit_price": 4.0
      },
      {
        "sku": "SKU028",
        "qty": 5,
        "unit_price": 2.5
      },
      {
        "sku": "SKU009",
        "qty": 2,
        "unit_price": 8.0
      },
      {
        "sku": "SKU030",
        "qty": 2,
        "unit_price": 7.5
      }
    ]
  },
  {
    "order_id": "O202503310017",
    "customer_id": "C0333",
    "channel": "app",
    "created_at": "2025-03-31 08:05:42",
    "payment_status": "failed",
    "items": [
      {
        "sku": "SKU030",
        "qty": 4,
        "unit_price": 7.5
      },
      {
        "sku": "SKU025",
        "qty": 1,
        "unit_price": 9.9
      }
    ]
  },
  {
    "order_id": "O202503310018",
    "customer_id": "C0433",
    "channel": "web",
    "created_at": "2025-03-31 18:25:44",
    "payment_status": "paid",
    "items": [
      {
        "sku": "SKU024",
        "qty": 4,
        "unit_price": 7.5
      },
      {
        "sku": "SKU013",
        "qty": 1,
        "unit_price": 12.5
      },
      {
        "sku": "SKU021",
        "qty": 4,
        "unit_price": 12.5
      }
    ]
  },
  {
    "order_id": "O202503310019",
    "customer_id": "C0388",
    "channel": "app",
    "created_at": "2025-03-31 09:49:49",
    "payment_status": "pending",
    "items": [
      {
        "sku": "SKU036",
        "qty": 5,
        "unit_price": 15.0
      },
      {
        "sku": "SKU024",
        "qty": 4,
        "unit_price": 2.5
      }
    ]
  },
  {
    "order_id": "O202503310020",
    "customer_id": "C0751",
    "channel": "web",
    "created_at": "2025-03-31 10:34:55",
    "payment_status": "paid",
    "items": [
      {
        "sku": "SKU006",
        "qty": 1,
        "unit_price": 7.5
      },
      {
        "sku": "SKU013",
        "qty": 3,
        "unit_price": 2.5
      },
      {
        "sku": "SKU010",
        "qty": 1,
        "unit_price": 9.9
      }
    ]
  },
  {
    "order_id": "O202503310021",
    "customer_id": "C0274",
    "channel": "app",
    "created_at": "2025-03-31 14:01:57",
    "payment_status": "pending",
    "items": [
      {
        "sku": "SKU042",
        "qty": 2,
        "unit_price": 12.5
      },
      {
        "sku": "SKU049",
        "qty": 4,
        "unit_price": 5.0
      },
      {
        "sku": "SKU039",
        "qty": 3,
        "unit_price": 9.9
      }
    ]
  },
  {
    "order_id": "O202503310022",
    "customer_id": "C0752",
    "channel": "web",
    "created_at": "2025-03-31 08:42:47",
    "payment_status": "paid",
    "items": [
      {
        "sku": "SKU011",
        "qty": 3,
        "unit_price": 7.5
      }
    ]
  },
  {
    "order_id": "O202503310023",
    "customer_id": "C0479",
    "channel": "app",
    "created_at": "2025-03-31 10:36:31",
    "payment_status": "paid",
    "items": [
      {
        "sku": "SKU001",
        "qty": 3,
        "unit_price": 24.9
      }
    ]
  },
  {
    "order_id": "O202503310024",
    "customer_id": "C0051",
    "channel": "web",
    "created_at": "2025-03-31 19:27:00",
    "payment_status": "paid",
    "items": [
      {
        "sku": "SKU032",
        "qty": 1,
        "unit_price": 7.5
      },
      {
        "sku": "SKU038",
        "qty": 5,
        "unit_price": 7.5
      },
      {
        "sku": "SKU027",
        "qty": 4,
        "unit_price": 15.0
      }
    ]
  },
  {
    "order_id": "O202503310025",
    "customer_id": "C0227",
    "channel": "web",
    "created_at": "2025-03-31 08:08:45",
    "payment_status": "paid",
    "items": [
      {
        "sku": "SKU022",
        "qty": 3,
        "unit_price": 2.5
      },
      {
        "sku": "SKU035",
        "qty": 5,
        "unit_price": 4.0
      }
    ]
  },
  {
    "order_id": "O202503310026",
    "customer_id": "C0211",
    "channel": "app",
    "created_at": "2025-03-31 11:45:21",
    "payment_status": "paid",
    "items": [
      {
        "sku": "SKU006",
        "qty": 3,
        "unit_price": 9.9
      },
      {
        "sku": "SKU015",
        "qty": 5,
        "unit_price": 2.5
      },
      {
        "sku": "SKU013",
        "qty": 4,
        "unit_price": 7.5
      }
    ]
  },
  {
    "order_id": "O202503310027",
    "customer_id": "C0168",
    "channel": "web",
    "created_at": "2025-03-31 10:26:26",
    "payment_status": "paid",
    "items": [
      {
        "sku": "SKU028",
        "qty": 1,
        "unit_price": 2.5
      },
      {
        "sku": "SKU015",
        "qty": 1,
        "unit_price": 4.0
      },
      {
        "sku": "SKU049",
        "qty": 5,
        "unit_price": 7.5
      },
      {
        "sku": "SKU036",
        "qty": 4,
        "unit_price": 8.0
      }
    ]
  },
  {
    "order_id": "O202503310028",
    "customer_id": "C0137",
    "channel": "web",
    "created_at": "2025-03-31 13:36:11",
    "payment_status": "paid",
    "items": [
      {
        "sku": "SKU032",
        "qty": 4,
        "unit_price": 9.9
      },
      {
        "sku": "SKU020",
        "qty": 4,
        "unit_price": 9.9
      },
      {
        "sku": "SKU019",
        "qty": 4,
        "unit_price": 5.0
      },
      {
        "sku": "SKU040",
        "qty": 4,
        "unit_price": 24.9
      }
    ]
  },
  {
    "order_id": "O202503310029",
    "customer_id": "C0738",
    "channel": "web",
    "created_at": "2025-03-31 09:41:49",
    "payment_status": "pending",
    "items": [
      {
        "sku": "SKU025",
        "qty": 5,
        "unit_price": 24.9
      },
      {
        "sku": "SKU010",
        "qty": 5,
        "unit_price": 5.0
      },
      {
        "sku": "SKU005",
        "qty": 3,
        "unit_price": 19.9
      }
    ]
  },
  {
    "order_id": "O202503310030",
    "customer_id": "C0596",
    "channel": "app",
    "created_at": "2025-03-31 22:54:12",
    "payment_status": "paid",
    "items": [
      {
        "sku": "SKU024",
        "qty": 3,
        "unit_price": 24.9
      }
    ]
  },
  {
    "order_id": "O202503310031",
    "customer_id": "C0089",
    "channel": "web",
    "created_at": "2025-03-31 14:43:52",
    "payment_status": "paid",
    "items": [
      {
        "sku": "SKU028",
        "qty": 4,
        "unit_price": 12.5
      },
      {
        "sku": "SKU007",
        "qty": 1,
        "unit_price": 9.9
      },
      {
        "sku": "SKU003",
        "qty": 5,
        "unit_price": 4.0
      }
    ]
  },
  {
    "order_id": "O202503310032",
    "customer_id": "C0392",
    "channel": "app",
    "created_at": "2025-03-31 17:38:07",
    "payment_status": "failed",
    "items": [
      {
        "sku": "SKU011",
        "qty": 5,
        "unit_price": 15.0
      }
    ]
  },
  {
    "order_id": "O202503310033",
    "customer_id": "C0177",
    "channel": "app",
    "created_at": "2025-03-31 09:29:30",
    "payment_status": "paid",
    "items": [
      {
        "sku": "SKU023",
        "qty": 3,
        "unit_price": 19.9
      }
    ]
  },
  {
    "order_id": "O202503310034",
    "customer_id": "C0335",
    "channel": "web",
    "created_at": "2025-03-31 13:25:16",
    "payment_status": "paid",
    "items": [
      {
        "sku": "SKU005",
        "qty": 2,
        "unit_price": 19.9
      },
      {
        "sku": "SKU050",
        "qty": 5,
        "unit_price": 4.0
      }
    ]
  },
  {
    "order_id": "O202503310035",
    "customer_id": "C0689",
    "channel": "web",
    "created_at": "2025-03-31 13:02:56",
    "payment_status": "paid",
    "items": [
      {
        "sku": "SKU050",
        "qty": 5,
        "unit_price": 24.9
      },
      {
        "sku": "SKU041",
        "qty": 5,
        "unit_price": 24.9
      },
      {
        "sku": "SKU004",
        "qty": 4,
        "unit_price": 9.9
      },
      {
        "sku": "SKU001",
        "qty": 3,
        "unit_price": 2.5
      }
    ]
  },
  {
    "order_id": "O202503310036",
    "customer_id": "C0033",
    "channel": "web",
    "created_at": "2025-03-31 08:52:35",
    "payment_status": "paid",
    "items": [
      {
        "sku": "SKU046",
        "qty": 4,
        "unit_price": 19.9
      },
      {
        "sku": "SKU025",
        "qty": 3,
        "unit_price": 9.9
      },
      {
        "sku": "SKU034",
        "qty": 1,
        "unit_price": 7.5
      }
    ]
  },
  {
    "order_id": "O202503310037",
    "customer_id": "C0089",
    "channel": "app",
    "created_at": "2025-03-31 12:25:13",
    "payment_status": "paid",
    "items": [
      {
        "sku": "SKU032",
        "qty": 2,
        "unit_price": 9.9
      },
      {
        "sku": "SKU030",
        "qty": 1,
        "unit_price": 8.0
      },
      {
        "sku": "SKU042",
        "qty": 2,
        "unit_price": 2.5
      },
      {
        "sku": "SKU039",
        "qty": 5,
        "unit_price": 2.5
      }
    ]
  },
  {
    "order_id": "O202503310038",
    "customer_id": "C0106",
    "channel": "web",
    "created_at": "2025-03-31 18:06:10",
    "payment_status": "paid",
    "items": [
      {
        "sku": "SKU039",
        "qty": 5,
        "unit_price": 9.9
      }
    ]
  },
  {
    "order_id": "O202503310039",
    "customer_id": "C0491",
    "channel": "web",
    "created_at": "2025-03-31 14:59:01",
    "payment_status": "paid",
    "items": [
      {
        "sku": "SKU025",
        "qty": 2,
        "unit_price": 19.9
      },
      {
        "sku": "SKU011",
        "qty": 1,
        "unit_price": 7.5
      },
      {
        "sku": "SKU006",
        "qty": 3,
        "unit_price": 8.0
      }
    ]
  },
  {
    "order_id": "O202503310040",
    "customer_id": "C0363",
    "channel": "app",
    "created_at": "2025-03-31 12:40:12",
    "payment_status": "paid",
    "items": [
      {
        "sku": "SKU034",
        "qty": 2,
        "unit_price": 15.0
      },
      {
        "sku": "SKU041",
        "qty": 5,
        "unit_price": 2.5
      }
    ]
  },
  {
    "order_id": "O202503310041",
    "customer_id": "C0531",
    "channel": "app",
    "created_at": "2025-03-31 10:54:38",
    "payment_status": "paid",
    "items": [
      {
        "sku": "SKU004",
        "qty": 3,
        "unit_price": 2.5
      },
      {
        "sku": "SKU039",
        "qty": 4,
        "unit_price": 5.0
      },
      {
        "sku": "SKU037",
        "qty": 4,
        "unit_price": 5.0
      },
      {
        "sku": "SKU016",
        "qty": 1,
        "unit_price": 7.5
      }
    ]
  },
  {
    "order_id": "O202503310042",
    "customer_id": "C0154",
    "channel": "web",
    "created_at": "2025-03-31 08:03:43",
    "payment_status": "paid",
    "items": [
      {
        "sku": "SKU028",
        "qty": 1,
        "unit_price": 15.0
      },
      {
        "sku": "SKU013",
        "qty": 3,
        "unit_price": 24.9
      },
      {
        "sku": "SKU034",
        "qty": 2,
        "unit_price": 8.0
      },
      {
        "sku": "SKU019",
        "qty": 3,
        "unit_price": 7.5
      }
    ]
  },
  {
    "order_id": "O202503310043",
    "customer_id": "C0555",
    "channel": "web",
    "created_at": "2025-03-31 12:13:01",
    "payment_status": "paid",
    "items": [
      {
        "sku": "SKU034",
        "qty": 2,
        "unit_price": 2.5
      },
      {
        "sku": "SKU002",
        "qty": 5,
        "unit_price": 5.0
      },
      {
        "sku": "SKU030",
        "qty": 3,
        "unit_price": 4.0
      },
      {
        "sku": "SKU036",
        "qty": 3,
        "unit_price": 5.0
      }
    ]
  },
  {
    "order_id": "O202503310044",
    "customer_id": "C0584",
    "channel": "web",
    "created_at": "2025-03-31 18:40:37",
    "payment_status": "paid",
    "items": [
      {
        "sku": "SKU029",
        "qty": 3,
        "unit_price": 19.9
      },
      {
        "sku": "SKU028",
        "qty": 1,
        "unit_price": 9.9
      },
      {
        "sku": "SKU030",
        "qty": 2,
        "unit_price": 15.0
      }
    ]
  },
  {
    "order_id": "O202503310045",
    "customer_id": "C0098",
    "channel": "web",
    "created_at": "2025-03-31 10:53:47",
    "payment_status": "paid",
    "items": [
      {
        "sku": "SKU035",
        "qty": 1,
        "unit_price": 24.9
      },
      {
        "sku": "SKU048",
        "qty": 5,
        "unit_price": 8.0
      },
      {
        "sku": "SKU046",
        "qty": 1,
        "unit_price": 24.9
      }
    ]
  },
  {
    "order_id": "O202503310046",
    "customer_id": "C0715",
    "channel": "web",
    "created_at": "2025-03-31 17:41:34",
    "payment_status": "failed",
    "items": [
      {
        "sku": "SKU012",
        "qty": 1,
        "unit_price": 7.5
      },
      {
        "sku": "SKU003",
        "qty": 3,
        "unit_price": 9.9
      },
      {
        "sku": "SKU008",
        "qty": 5,
        "unit_price": 5.0
      }
    ]
  },
  {
    "order_id": "O202503310047",
    "customer_id": "C0398",
    "channel": "web",
    "created_at": "2025-03-31 14:34:49",
    "payment_status": "paid",
    "items": [
      {
        "sku": "SKU016",
        "qty": 3,
        "unit_price": 7.5
      },
      {
        "sku": "SKU049",
        "qty": 2,
        "unit_price": 9.9
      },
      {
        "sku": "SKU003",
        "qty": 4,
        "unit_price": 24.9
      }
    ]
  },
  {
    "order_id": "O202503310048",
    "customer_id": "C0013",
    "channel": "app",
    "created_at": "2025-03-31 10:27:12",
    "payment_status": "paid",
    "items": [
      {
        "sku": "SKU007",
        "qty": 2,
        "unit_price": 8.0
      },
      {
        "sku": "SKU034",
        "qty": 4,
        "unit_price": 8.0
      },
      {
        "sku": "SKU036",
        "qty": 5,
        "unit_price": 5.0
      },
      {
        "sku": "SKU021",
        "qty": 5,
        "unit_price": 8.0
      }
    ]
  },
  {
    "order_id": "O202503310049",
    "customer_id": "C0087",
    "channel": "web",
    "created_at": "2025-03-31 12:25:58",
    "payment_status": "paid",
    "items": [
      {
        "sku": "SKU044",
        "qty": 1,
        "unit_price": 15.0
      },
      {
        "sku": "SKU045",
        "qty": 3,
        "unit_price": 7.5
      },
      {
        "sku": "SKU009",
        "qty": 5,
        "unit_price": 15.0
      }
    ]
  },
  {
    "order_id": "O202503310050",
    "customer_id": "C0505",
    "channel": "app",
    "created_at": "2025-03-31 18:38:47",
    "payment_status": "paid",
    "items": [
      {
        "sku": "SKU016",
        "qty": 1,
        "unit_price": 9.9
      },
      {
        "sku": "SKU038",
        "qty": 4,
        "unit_price": 2.5
      },
      {
        "sku": "SKU024",
        "qty": 1,
        "unit_price": 9.9
      },
      {
        "sku": "SKU038",
        "qty": 2,
        "unit_price": 7.5
      }
    ]
  },
  {
    "order_id": "O202503310051",
    "customer_id": "C0557",
    "channel": "web",
    "created_at": "2025-03-31 20:55:34",
    "payment_status": "paid",
    "items": [
      {
        "sku": "SKU042",
        "qty": 1,
        "unit_price": 9.9
      },
      {
        "sku": "SKU022",
        "qty": 4,
        "unit_price": 19.9
      }
    ]
  },
  {
    "order_id": "O202503310052",
    "customer_id": "C0015",
    "channel": "app",
    "created_at": "2025-03-31 15:52:04",
    "payment_status": "pending",
    "items": [
      {
        "sku": "SKU047",
        "qty": 4,
        "unit_price": 4.0
      },
      {
        "sku": "SKU033",
        "qty": 4,
        "unit_price": 7.5
      },
      {
        "sku": "SKU023",
        "qty": 2,
        "unit_price": 2.5
      }
    ]
  },
  {
    "order_id": "O202503310053",
    "customer_id": "C0471",
    "channel": "web",
    "created_at": "2025-03-31 22:06:49",
    "payment_status": "paid",
    "items": [
      {
        "sku": "SKU039",
        "qty": 5,
        "unit_price": 12.5
      },
      {
        "sku": "SKU034",
        "qty": 5,
        "unit_price": 7.5
      }
    ]
  },
  {
    "order_id": "O202503310054",
    "customer_id": "C0748",
    "channel": "web",
    "created_at": "2025-03-31 12:54:14",
    "payment_status": "paid",
    "items": [
      {
        "sku": "SKU017",
        "qty": 1,
        "unit_price": 8.0
      },
      {
        "sku": "SKU024",
        "qty": 5,
        "unit_price": 4.0
      },
      {
        "sku": "SKU014",
        "qty": 3,
        "unit_price": 24.9
      }
    ]
  },
  {
    "order_id": "O202503310055",
    "customer_id": "C0155",
    "channel": "app",
    "created_at": "2025-03-31 16:42:36",
    "payment_status": "paid",
    "items": [
      {
        "sku": "SKU035",
        "qty": 1,
        "unit_price": 8.0
      },
      {
        "sku": "SKU001",
        "qty": 5,
        "unit_price": 15.0
      }
    ]
  },
  {
    "order_id": "O202503310056",
    "customer_id": "C0294",
    "channel": "web",
    "created_at": "2025-03-31 10:50:51",
    "payment_status": "pending",
    "items": [
      {
        "sku": "SKU037",
        "qty": 2,
        "unit_price": 15.0
      },
      {
        "sku": "SKU037",
        "qty": 5,
        "unit_price": 2.5
      }
    ]
  },
  {
    "order_id": "O202503310057",
    "customer_id": "C0386",
    "channel": "web",
    "created_at": "2025-03-31 09:46:28",
    "payment_status": "failed",
    "items": [
      {
        "sku": "SKU045",
        "qty": 5,
        "unit_price": 15.0
      },
      {
        "sku": "SKU021",
        "qty": 5,
        "unit_price": 24.9
      },
      {
        "sku": "SKU029",
        "qty": 3,
        "unit_price": 2.5
      }
    ]
  },
  {
    "order_id": "O202503310058",
    "customer_id": "C0677",
    "channel": "web",
    "created_at": "2025-03-31 13:43:40",
    "payment_status": "paid",
    "items": [
      {
        "sku": "SKU036",
        "qty": 4,
        "unit_price": 7.5
      },
      {
        "sku": "SKU011",
        "qty": 4,
        "unit_price": 12.5
      }
    ]
  },
  {
    "order_id": "O202503310059",
    "customer_id": "C0415",
    "channel": "web",
    "created_at": "2025-03-31 15:18:30",
    "payment_status": "paid",
    "items": [
      {
        "sku": "SKU031",
        "qty": 1,
        "unit_price": 4.0
      }
    ]
  },
  {
    "order_id": "O202503310060",
    "customer_id": "C0577",
    "channel": "app",
    "created_at": "2025-03-31 21:18:48",
    "payment_status": "paid",
    "items": [
      {
        "sku": "SKU048",
        "qty": 3,
        "unit_price": 19.9
      }
    ]
  },
  {
    "order_id": "O202503310061",
    "customer_id": "C0563",
    "channel": "app",
    "created_at": "2025-03-31 18:56:48",
    "payment_status": "paid",
    "items": [
      {
        "sku": "SKU021",
        "qty": 2,
        "unit_price": 7.5
      },
      {
        "sku": "SKU042",
        "qty": 2,
        "unit_price": 4.0
      }
    ]
  },
  {
    "order_id": "O202503310062",
    "customer_id": "C0588",
    "channel": "web",
    "created_at": "2025-03-31 17:19:35",
    "payment_status": "paid",
    "items": [
      {
        "sku": "SKU016",
        "qty": 4,
        "unit_price": 9.9
      },
      {
        "sku": "SKU015",
        "qty": 1,
        "unit_price": 2.5
      }
    ]
  },
  {
    "order_id": "O202503310063",
    "customer_id": "C0272",
    "channel": "web",
    "created_at": "2025-03-31 14:34:29",
    "payment_status": "paid",
    "items": [
      {
        "sku": "SKU027",
        "qty": 2,
        "unit_price": 7.5
      },
      {
        "sku": "SKU024",
        "qty": 2,
        "unit_price": 15.0
      }
    ]
  },
  {
    "order_id": "O202503310064",
    "customer_id": "C0297",
    "channel": "app",
    "created_at": "2025-03-31 10:41:41",
    "payment_status": "paid",
    "items": [
      {
        "sku": "SKU047",
        "qty": 3,
        "unit_price": -9.9
      },
      {
        "sku": "SKU002",
        "qty": 5,
        "unit_price": 4.0
      }
    ]
  },
  {
    "order_id": "O202503310065",
    "customer_id": "C0678",
    "channel": "web",
    "created_at": "2025-03-31 16:20:22",
    "payment_status": "paid",
    "items": [
      {
        "sku": "SKU047",
        "qty": 1,
        "unit_price": 15.0
      },
      {
        "sku": "SKU037",
        "qty": 5,
        "unit_price": 19.9
      },
      {
        "sku": "SKU048",
        "qty": 3,
        "unit_price": 19.9
      }
    ]
  },
  {
    "order_id": "O202503310066",
    "customer_id": "C0243",
    "channel": "web",
    "created_at": "2025-03-31 13:56:50",
    "payment_status": "paid",
    "items": [
      {
        "sku": "SKU034",
        "qty": 4,
        "unit_price": 5.0
      },
      {
        "sku": "SKU011",
        "qty": 5,
        "unit_price": 24.9
      }
    ]
  },
  {
    "order_id": "O202503310067",
    "customer_id": "C0109",
    "channel": "app",
    "created_at": "2025-03-31 18:19:17",
    "payment_status": "paid",
    "items": [
      {
        "sku": "SKU048",
        "qty": 1,
        "unit_price": 19.9
      },
      {
        "sku": "SKU010",
        "qty": 4,
        "unit_price": 4.0
      },
      {
        "sku": "SKU032",
        "qty": 2,
        "unit_price": 15.0
      }
    ]
  },
  {
    "order_id": "O202503310068",
    "customer_id": "C0307",
    "channel": "web",
    "created_at": "2025-03-31 22:31:33",
    "payment_status": "failed",
    "items": [
      {
        "sku": "SKU013",
        "qty": 1,
        "unit_price": 2.5
      }
    ]
  },
  {
    "order_id": "O202503310069",
    "customer_id": "C0288",
    "channel": "web",
    "created_at": "2025-03-31 15:55:19",
    "payment_status": "paid",
    "items": [
      {
        "sku": "SKU038",
        "qty": 5,
        "unit_price": 24.9
      },
      {
        "sku": "SKU039",
        "qty": 1,
        "unit_price": 15.0
      }
    ]
  },
  {
    "order_id": "O202503310070",
    "customer_id": "C0471",
    "channel": "web",
    "created_at": "2025-03-31 15:33:29",
    "payment_status": "paid",
    "items": [
      {
        "sku": "SKU026",
        "qty": 1,
        "unit_price": 2.5
      },
      {
        "sku": "SKU001",
        "qty": 3,
        "unit_price": 4.0
      },
      {
        "sku": "SKU021",
        "qty": 3,
        "unit_price": 15.0
      },
      {
        "sku": "SKU028",
        "qty": 5,
        "unit_price": 24.9
      }
    ]
  },
  {
    "order_id": "O202503310071",
    "customer_id": "C0507",
    "channel": "web",
    "created_at": "2025-03-31 07:54:30",
    "payment_status": "paid",
    "items": [
      {
        "sku": "SKU045",
        "qty": 2,
        "unit_price": 5.0
      }
    ]
  },
  {
    "order_id": "O202503310072",
    "customer_id": "C0332",
    "channel": "web",
    "created_at": "2025-03-31 14:17:27",
    "payment_status": "paid",
    "items": [
      {
        "sku": "SKU038",
        "qty": 3,
        "unit_price": 7.5
      }
    ]
  },
  {
    "order_id": "O202503310073",
    "customer_id": "C0286",
    "channel": "web",
    "created_at": "2025-03-31 15:35:14",
    "payment_status": "pending",
    "items": [
      {
        "sku": "SKU032",
        "qty": 1,
        "unit_price": 12.5
      },
      {
        "sku": "SKU030",
        "qty": 4,
        "unit_price": 7.5
      },
      {
        "sku": "SKU029",
        "qty": 2,
        "unit_price": 5.0
      }
    ]
  },
  {
    "order_id": "O202503310074",
    "customer_id": "C0013",
    "channel": "app",
    "created_at": "2025-03-31 19:50:46",
    "payment_status": "paid",
    "items": [
      {
        "sku": "SKU012",
        "qty": 5,
        "unit_price": 12.5
      }
    ]
  },
  {
    "order_id": "O202503310075",
    "customer_id": "C0010",
    "channel": "app",
    "created_at": "2025-03-31 07:04:48",
    "payment_status": "paid",
    "items": [
      {
        "sku": "SKU033",
        "qty": 5,
        "unit_price": 2.5
      },
      {
        "sku": "SKU017",
        "qty": 1,
        "unit_price": 15.0
      },
      {
        "sku": "SKU040",
        "qty": 1,
        "unit_price": 9.9
      }
    ]
  },
  {
    "order_id": "O202503310076",
    "customer_id": "C0402",
    "channel": "web",
    "created_at": "2025-03-31 22:19:46",
    "payment_status": "paid",
    "items": [
      {
        "sku": "SKU050",
        "qty": 5,
        "unit_price": 5.0
      },
      {
        "sku": "SKU044",
        "qty": 1,
        "unit_price": 2.5
      },
      {
        "sku": "SKU046",
        "qty": 3,
        "unit_price": 8.0
      }
    ]
  },
  {
    "order_id": "O202503310077",
    "customer_id": "C0370",
    "channel": "app",
    "created_at": "2025-03-31 16:21:03",
    "payment_status": "paid",
    "items": [
      {
        "sku": "SKU002",
        "qty": 1,
        "unit_price": 5.0
      },
      {
        "sku": "SKU022",
        "qty": 5,
        "unit_price": 12.5
      },
      {
        "sku": "SKU021",
        "qty": 5,
        "unit_price": 7.5
      },
      {
        "sku": "SKU022",
        "qty": 3,
        "unit_price": 15.0
      }
    ]
  },
  {
    "order_id": "O202503310078",
    "customer_id": "C0669",
    "channel": "app",
    "created_at": "2025-03-31 20:09:28",
    "payment_status": "paid",
    "items": [
      {
        "sku": "SKU035",
        "qty": 3,
        "unit_price": 9.9
      },
      {
        "sku": "SKU002",
        "qty": 2,
        "unit_price": 5.0
      },
      {
        "sku": "SKU021",
        "qty": 3,
        "unit_price": 5.0
      }
    ]
  },
  {
    "order_id": "O202503310079",
    "customer_id": "C0507",
    "channel": "web",
    "created_at": "2025-03-31 12:33:00",
    "payment_status": "paid",
    "items": [
      {
        "sku": "SKU003",
        "qty": 3,
        "unit_price": 24.9
      },
      {
        "sku": "SKU035",
        "qty": 2,
        "unit_price": 19.9
      },
      {
        "sku": "SKU006",
        "qty": 4,
        "unit_price": 8.0
      },
      {
        "sku": "SKU024",
        "qty": 4,
        "unit_price": 5.0
      }
    ]
  },
  {
    "order_id": "O202503310080",
    "customer_id": "C0298",
    "channel": "app",
    "created_at": "2025-03-31 22:30:53",
    "payment_status": "pending",
    "items": [
      {
        "sku": "SKU046",
        "qty": 5,
        "unit_price": 2.5
      },
      {
        "sku": "SKU021",
        "qty": 1,
        "unit_price": 15.0
      },
      {
        "sku": "SKU046",
        "qty": 2,
        "unit_price": 15.0
      }
    ]
  },
  {
    "order_id": "O202503310081",
    "customer_id": "C0091",
    "channel": "web",
    "created_at": "2025-03-31 14:45:23",
    "payment_status": "paid",
    "items": [
      {
        "sku": "SKU001",
        "qty": 4,
        "unit_price": 4.0
      },
      {
        "sku": "SKU005",
        "qty": 4,
        "unit_price": 4.0
      },
      {
        "sku": "SKU015",
        "qty": 1,
        "unit_price": 2.5
      },
      {
        "sku": "SKU021",
        "qty": 1,
        "unit_price": 24.9
      }
    ]
  },
  {
    "order_id": "O202503310082",
    "customer_id": "C0427",
    "channel": "app",
    "created_at": "2025-03-31 14:06:59",
    "payment_status": "paid",
    "items": [
      {
        "sku": "SKU039",
        "qty": 3,
        "unit_price": 2.5
      },
      {
        "sku": "SKU020",
        "qty": 4,
        "unit_price": 12.5
      },
      {
        "sku": "SKU015",
        "qty": 2,
        "unit_price": 9.9
      }
    ]
  },
  {
    "order_id": "O202503310083",
    "customer_id": "C0278",
    "channel": "web",
    "created_at": "2025-03-31 22:23:57",
    "payment_status": "paid",
    "items": [
      {
        "sku": "SKU049",
        "qty": 3,
        "unit_price": 9.9
      },
      {
        "sku": "SKU037",
        "qty": 5,
        "unit_price": 5.0
      },
      {
        "sku": "SKU037",
        "qty": 3,
        "unit_price": 24.9
      },
      {
        "sku": "SKU019",
        "qty": 1,
        "unit_price": 7.5
      }
    ]
  },
  {
    "order_id": "O202503310084",
    "customer_id": "C0711",
    "channel": "app",
    "created_at": "2025-03-31 12:32:50",
    "payment_status": "paid",
    "items": [
      {
        "sku": "SKU034",
        "qty": 5,
        "unit_price": 15.0
      },
      {
        "sku": "SKU020",
        "qty": 4,
        "unit_price": 24.9
      }
    ]
  },
  {
    "order_id": "O202503310085",
    "customer_id": "C0703",
    "channel": "web",
    "created_at": "2025-03-31 10:21:07",
    "payment_status": "paid",
    "items": [
      {
        "sku": "SKU028",
        "qty": 3,
        "unit_price": 2.5
      }
    ]
  },
  {
    "order_id": "O202503310086",
    "customer_id": "C0632",
    "channel": "web",
    "created_at": "2025-03-31 07:23:18",
    "payment_status": "paid",
    "items": [
      {
        "sku": "SKU025",
        "qty": 5,
        "unit_price": 9.9
      }
    ]
  },
  {
    "order_id": "O202503310087",
    "customer_id": "C0713",
    "channel": "web",
    "created_at": "2025-03-31 18:50:10",
    "payment_status": "paid",
    "items": [
      {
        "sku": "SKU038",
        "qty": 3,
        "unit_price": 19.9
      },
      {
        "sku": "SKU020",
        "qty": 3,
        "unit_price": 5.0
      }
    ]
  },
  {
    "order_id": "O202503310088",
    "customer_id": "C0424",
    "channel": "web",
    "created_at": "2025-03-31 14:56:04",
    "payment_status": "paid",
    "items": [
      {
        "sku": "SKU038",
        "qty": 4,
        "unit_price": 8.0
      },
      {
        "sku": "SKU026",
        "qty": 3,
        "unit_price": 9.9
      },
      {
        "sku": "SKU048",
        "qty": 1,
        "unit_price": 12.5
      },
      {
        "sku": "SKU034",
        "qty": 5,
        "unit_price": 2.5
      }
    ]
  },
  {
    "order_id": "O202503310089",
    "customer_id": "C0034",
    "channel": "app",
    "created_at": "2025-03-31 20:55:00",
    "payment_status": "paid",
    "items": [
      {
        "sku": "SKU031",
        "qty": 5,
        "unit_price": 24.9
      },
      {
        "sku": "SKU001",
        "qty": 1,
        "unit_price": 19.9
      },
      {
        "sku": "SKU032",
        "qty": 5,
        "unit_price": 24.9
      }
    ]
  },
  {
    "order_id": "O202503310090",
    "customer_id": "C0715",
    "channel": "app",
    "created_at": "2025-03-31 19:41:32",
    "payment_status": "paid",
    "items": [
      {
        "sku": "SKU010",
        "qty": 4,
        "unit_price": 9.9
      },
      {
        "sku": "SKU043",
        "qty": 2,
        "unit_price": 24.9
      },
      {
        "sku": "SKU020",
        "qty": 3,
        "unit_price": 15.0
      },
      {
        "sku": "SKU017",
        "qty": 3,
        "unit_price": 12.5
      }
    ]
  },
  {
    "order_id": "O202503310091",
    "customer_id": "C0385",
    "channel": "app",
    "created_at": "2025-03-31 18:52:01",
    "payment_status": "paid",
    "items": [
      {
        "sku": "SKU029",
        "qty": 5,
        "unit_price": 15.0
      },
      {
        "sku": "SKU010",
        "qty": 4,
        "unit_price": 24.9
      },
      {
        "sku": "SKU040",
        "qty": 5,
        "unit_price": 19.9
      },
      {
        "sku": "SKU040",
        "qty": 5,
        "unit_price": 7.5
      }
    ]
  },
  {
    "order_id": "O202503310092",
    "customer_id": "C0697",
    "channel": "web",
    "created_at": "2025-03-31 07:35:25",
    "payment_status": "paid",
    "items": [
      {
        "sku": "SKU045",
        "qty": 3,
        "unit_price": 7.5
      }
    ]
  },
  {
    "order_id": "O202503310093",
    "customer_id": "C0006",
    "channel": "web",
    "created_at": "2025-03-31 10:08:14",
    "payment_status": "paid",
    "items": [
      {
        "sku": "SKU035",
        "qty": 3,
        "unit_price": 7.5
      },
      {
        "sku": "SKU024",
        "qty": 3,
        "unit_price": 2.5
      }
    ]
  },
  {
    "order_id": "O202503310094",
    "customer_id": "C0400",
    "channel": "web",
    "created_at": "2025-03-31 07:45:24",
    "payment_status": "paid",
    "items": [
      {
        "sku": "SKU045",
        "qty": 5,
        "unit_price": 9.9
      },
      {
        "sku": "SKU015",
        "qty": 5,
        "unit_price": 15.0
      },
      {
        "sku": "SKU001",
        "qty": 2,
        "unit_price": 12.5
      },
      {
        "sku": "SKU002",
        "qty": 1,
        "unit_price": 2.5
      }
    ]
  },
  {
    "order_id": "O202503310095",
    "customer_id": "C0185",
    "channel": "app",
    "created_at": "2025-03-31 22:57:21",
    "payment_status": "paid",
    "items": [
      {
        "sku": "SKU012",
        "qty": 2,
        "unit_price": 5.0
      }
    ]
  },
  {
    "order_id": "O202503310096",
    "customer_id": "C0518",
    "channel": "web",
    "created_at": "2025-03-31 12:01:04",
    "payment_status": "paid",
    "items": [
      {
        "sku": "SKU004",
        "qty": 2,
        "unit_price": 4.0
      }
    ]
  },
  {
    "order_id": "O202503310097",
    "customer_id": "C0411",
    "channel": "app",
    "created_at": "2025-03-31 08:03:50",
    "payment_status": "paid",
    "items": [
      {
        "sku": "SKU002",
        "qty": 5,
        "unit_price": 12.5
      }
    ]
  },
  {
    "order_id": "O202503310098",
    "customer_id": "C0116",
    "channel": "web",
    "created_at": "2025-03-31 22:15:07",
    "payment_status": "paid",
    "items": [
      {
        "sku": "SKU039",
        "qty": 2,
        "unit_price": 2.5
      },
      {
        "sku": "SKU002",
        "qty": 5,
        "unit_price": 7.5
      },
      {
        "sku": "SKU006",
        "qty": 2,
        "unit_price": 15.0
      }
    ]
  },
  {
    "order_id": "O202503310099",
    "customer_id": "C0725",
    "channel": "web",
    "created_at": "2025-03-31 07:43:22",
    "payment_status": "paid",
    "items": [
      {
        "sku": "SKU028",
        "qty": 2,
        "unit_price": 2.5
      },
      {
        "sku": "SKU040",
        "qty": 1,
        "unit_price": 7.5
      }
    ]
  },
  {
    "order_id": "O202503310100",
    "customer_id": "C0209",
    "channel": "app",
    "created_at": "2025-03-31 07:59:28",
    "payment_status": "paid",
    "items": [
      {
        "sku": "SKU011",
        "qty": 4,
        "unit_price": 9.9
      },
      {
        "sku": "SKU030",
        "qty": 4,
        "unit_price": 19.9
      }
    ]
  },
  {
    "order_id": "O202503310094",
    "customer_id": "C0400",
    "channel": "web",
    "created_at": "2025-03-31 07:45:24",
    "payment_status": "paid",
    "items": [
      {
        "sku": "SKU045",
        "qty": 5,
        "unit_price": 9.9
      },
      {
        "sku": "SKU015",
        "qty": 5,
        "unit_price": 15.0
      },
      {
        "sku": "SKU001",
        "qty": 2,
        "unit_price": 12.5
      },
      {
        "sku": "SKU002",
        "qty": 1,
        "unit_price": 2.5
      }
    ]
  },
  {
    "order_id": "O202503310008",
    "customer_id": "C0189",
    "channel": "app",
    "created_at": "2025-03-31 13:44:17",
    "payment_status": "paid",
    "items": [
      {
        "sku": "SKU031",
        "qty": 2,
        "unit_price": 4.0
      },
      {
        "sku": "SKU039",
        "qty": 4,
        "unit_price": 8.0
      },
      {
        "sku": "SKU012",
        "qty": 2,
        "unit_price": 15.0
      },
      {
        "sku": "SKU036",
        "qty": 5,
        "unit_price": 4.0
      }
    ]
  },
  {
    "order_id": "O202503310032",
    "customer_id": "C0392",
    "channel": "app",
    "created_at": "2025-03-31 17:38:07",
    "payment_status": "failed",
    "items": [
      {
        "sku": "SKU011",
        "qty": 5,
        "unit_price": 15.0
      }
    ]
  }
]