[
  {
    "order_id": "O202503190001",
    "customer_id": "C0491",
    "channel": "app",
    "created_at": "2025-03-19 17:42:56",
    "payment_status": "paid",
    "items": [
      {
        "sku": "SKU030",
        "qty": 5,
        "unit_price": 15.0
      },
      {
        "sku": "SKU048",
        "qty": 4,
        "unit_price": 7.5
      }
    ]
  },
  {
    "order_id": "O202503190002",
    "customer_id": "C0310",
    "channel": "app",
    "created_at": "2025-03-19 08:45:14",
    "payment_status": "paid",
    "items": [
      {
        "sku": "SKU031",
        "qty": 4,
        "unit_price": 15.0
      },
      {
        "sku": "SKU025",
        "qty": 3,
        "unit_price": 2.5
      },
      {
        "sku": "SKU013",
        "qty": 5,
        "unit_price": 15.0
      }
    ]
  },
  {
    "order_id": "O202503190003",
    "customer_id": "C0488",
    "channel": "app",
    "created_at": "2025-03-19 18:29:07",
    "payment_status": "paid",
    "items": [
      {
        "sku": "SKU008",
        "qty": 5,
        "unit_price": 19.9
      },
      {
        "sku": "SKU048",
        "qty": 1,
        "unit_price": 15.0
      },
      {
        "sku": "SKU042",
        "qty": 3,
        "unit_price": 7.5
      }
    ]
  },
  {
    "order_id": "O202503190004",
    "customer_id": "C0068",
    "channel": "app",
    "created_at": "2025-03-19 17:09:01",
    "payment_status": "paid",
    "items": [
      {
        "sku": "SKU022",
        "qty": 5,
        "unit_price": -19.9
      },
      {
        "sku": "SKU004",
        "qty": 5,
        "unit_price": 4.0
      }
    ]
  },
  {
    "order_id": "O202503190005",
    "customer_id": "C0339",
    "channel": "web",
    "created_at": "2025-03-19 17:13:10",
    "payment_status": "paid",
    "items": [
      {
        "sku": "SKU012",
        "qty": 3,
        "unit_price": 24.9
      }
    ]
  },
  {
    "order_id": "O202503190006",
    "customer_id": "C0644",
    "channel": "app",
    "created_at": "2025-03-19 11:08:55",
    "payment_status": "failed",
    "items": [
      {
        "sku": "SKU019",
        "qty": 1,
        "unit_price": 24.9
      },
      {
        "sku": "SKU025",
        "qty": 5,
        "unit_price": 2.5
      },
      {
        "sku": "SKU034",
        "qty": 1,
        "unit_price": 5.0
      }
    ]
  },
  {
    "order_id": "O202503190007",
    "customer_id": "C0584",
    "channel": "web",
    "created_at": "2025-03-19 12:49:33",
    "payment_status": "paid",
    "items": [
      {
        "sku": "SKU020",
        "qty": 5,
        "unit_price": 12.5
      },
      {
        "sku": "SKU023",
        "qty": 2,
        "unit_price": 15.0
      }
    ]
  },
  {
    "order_id": "O202503190008",
    "customer_id": "C0316",
    "channel": "app",
    "created_at": "2025-03-19 18:52:58",
    "payment_status": "pending",
    "items": [
      {
        "sku": "SKU031",
        "qty": 4,
        "unit_price": 4.0
      }
    ]
  },
  {
    "order_id": "O202503190009",
    "customer_id": "C0368",
    "channel": "web",
    "created_at": "2025-03-19 19:12:03",
    "payment_status": "paid",
    "items": [
      {
        "sku": "SKU032",
        "qty": 3,
        "unit_price": 12.5
      },
      {
        "sku": "SKU006",
        "qty": 1,
        "unit_price": 5.0
      },
      {
        "sku": "SKU030",
        "qty": 2,
        "unit_price": 15.0
      }
    ]
  },
  {
    "order_id": "O202503190010",
    "customer_id": "C0233",
    "channel": "web",
    "created_at": "2025-03-19 11:16:18",
    "payment_status": "paid",
    "items": [
      {
        "sku": "SKU028",
        "qty": 4,
        "unit_price": -8.0
      },
      {
        "sku": "SKU002",
        "qty": 2,
        "unit_price": 4.0
      },
      {
        "sku": "SKU032",
        "qty": 1,
        "unit_price": 9.9
      },
      {
        "sku": "SKU007",
        "qty": 3,
        "unit_price": 5.0
      }
    ]
  },
  {
    "order_id": "O202503190011",
    "customer_id": "C0376",
    "channel": "app",
    "created_at": "2025-03-19 08:49:11",
    "payment_status": "pending",
    "items": [
      {
        "sku": "SKU043",
        "qty": 5,
        "unit_price": 15.0
      },
      {
        "sku": "SKU002",
        "qty": 5,
        "unit_price": 5.0
      }
    ]
  },
  {
    "order_id": "O202503190012",
    "customer_id": "C0469",
    "channel": "app",
    "created_at": "2025-03-19 22:32:47",
    "payment_status": "paid",
    "items": [
      {
        "sku": "SKU028",
        "qty": 3,
        "unit_price": 15.0
      },
      {
        "sku": "SKU020",
        "qty": 1,
        "unit_price": 4.0
      },
      {
        "sku": "SKU014",
        "qty": 5,
        "unit_price": 19.9
      },
      {
        "sku": "SKU035",
        "qty": 5,
        "unit_price": 5.0
      }
    ]
  },
  {
    "order_id": "O202503190013",
    "customer_id": "C0786",
    "channel": "app",
    "created_at": "2025-03-19 15:08:03",
    "payment_status": "paid",
    "items": [
      {
        "sku": "SKU031",
        "qty": 2,
        "unit_price": 24.9
      },
      {
        "sku": "SKU040",
        "qty": 2,
        "unit_price": 15.0
      }
    ]
  },
  {
    "order_id": "O202503190014",
    "customer_id": "C0799",
    "channel": "app",
    "created_at": "2025-03-19 08:27:54",
    "payment_status": "paid",
    "items": [
      {
        "sku": "SKU024",
        "qty": 2,
        "unit_price": 4.0
      }
    ]
  },
  {
    "order_id": "O202503190015",
    "customer_id": "C0798",
    "channel": "web",
    "created_at": "2025-03-19 21:35:01",
    "payment_status": "paid",
    "items": [
      {
        "sku": "SKU029",
        "qty": 1,
        "unit_price": 12.5
      },
      {
        "sku": "SKU019",
        "qty": 2,
        "unit_price": 24.9
      }
    ]
  },
  {
    "order_id": "O202503190016",
    "customer_id": "C0274",
    "channel": "web",
    "created_at": "2025-03-19 10:30:16",
    "payment_status": "paid",
    "items": [
      {
        "sku": "SKU023",
        "qty": 2,
        "unit_price": 8.0
      },
      {
        "sku": "SKU033",
        "qty": 2,
        "unit_price": 5.0
      },
      {
        "sku": "SKU009",
        "qty": 5,
        "unit_price": 4.0
      }
    ]
  },
  {
    "order_id": "O202503190017",
    "customer_id": "C0726",
    "channel": "app",
    "created_at": "2025-03-19 09:09:18",
    "payment_status": "failed",
    "items": [
      {
        "sku": "SKU010",
        "qty": 2,
        "unit_price": 5.0
      },
      {
        "sku": "SKU009",
        "qty": 4,
        "unit_price": 12.5
      }
    ]
  },
  {
    "order_id": "O202503190018",
    "customer_id": "C0515",
    "channel": "web",
    "created_at": "2025-03-19 11:25:18",
    "payment_status": "paid",
    "items": [
      {
        "sku": "SKU020",
        "qty": 5,
        "unit_price": 8.0
      }
    ]
  },
  {
    "order_id": "O202503190019",
    "customer_id": "C0358",
    "channel": "web",
    "created_at": "2025-03-19 11:50:34",
    "payment_status": "paid",
    "items": [
      {
        "sku": "SKU005",
        "qty": 2,
        "unit_price": 15.0
      },
      {
        "sku": "SKU044",
        "qty": 1,
        "unit_price": 2.5
      },
      {
        "sku": "SKU043",
        "qty": 5,
        "unit_price": 12.5
      }
    ]
  },
  {
    "order_id": "O202503190020",
    "customer_id": "C0406",
    "channel": "web",
    "created_at": "2025-03-19 18:33:58",
    "payment_status": "paid",
    "items": [
      {
        "sku": "SKU006",
        "qty": 1,
        "unit_price": 2.5
      },
      {
        "sku": "SKU030",
        "qty": 1,
        "unit_price": 2.5
      },
      {
        "sku": "SKU036",
        "qty": 1,
        "unit_price": 7.5
      }
    ]
  },
  {
    "order_id": "O202503190021",
    "customer_id": "C0160",
    "channel": "app",
    "created_at": "2025-03-19 19:21:55",
    "payment_status": "paid",
    "items": [
      {
        "sku": "SKU013",
        "qty": 5,
        "unit_price": 12.5
      },
      {
        "sku": "SKU047",
        "qty": 5,
        "unit_price": 7.5
      }
    ]
  },
  {
    "order_id": "O202503190022",
    "customer_id": "C0092",
    "channel": "app",
    "created_at": "2025-03-19 11:04:47",
    "payment_status": "paid",
    "items": [
      {
        "sku": "SKU040",
        "qty": 3,
        "unit_price": 12.5
      },
      {
        "sku": "SKU040",
        "qty": 3,
        "unit_price": 19.9
      }
    ]
  },
  {
    "order_id": "O202503190023",
    "customer_id": "C0528",
    "channel": "app",
    "created_at": "2025-03-19 08:41:11",
    "payment_status": "paid",
    "items": [
      {
        "sku": "SKU013",
        "qty": 3,
        "unit_price": 4.0
      }
    ]
  },
  {
    "order_id": "O202503190024",
    "customer_id": "C0243",
    "channel": "web",
    "created_at": "2025-03-19 18:29:37",
    "payment_status": "paid",
    "items": [
      {
        "sku": "SKU023",
        "qty": 5,
        "unit_price": 12.5
      },
      {
        "sku": "SKU040",
        "qty": 1,
        "unit_price": 12.5
      },
      {
        "sku": "SKU021",
        "qty": 4,
        "unit_price": 4.0
      }
    ]
  },
  {
    "order_id": "O202503190025",
    "customer_id": "C0013",
    "channel": "web",
    "created_at": "2025-03-19 14:31:10",
    "payment_status": "paid",
    "items": [
      {
        "sku": "SKU045",
        "qty": 3,
        "unit_price": 9.9
      },
      {
        "sku": "SKU015",
        "qty": 3,
        "unit_price": 7.5
      },
      {
        "sku": "SKU043",
        "qty": 4,
        "unit_price": 4.0
      }
    ]
  },
  {
    "order_id": "O202503190026",
    "customer_id": "C0754",
    "channel": "app",
    "created_at": "2025-03-19 16:08:26",
    "payment_status": "paid",
    "items": [
      {
        "sku": "SKU039",
        "qty": 2,
        "unit_price": 7.5
      }
    ]
  },
  {
    "order_id": "O202503190027",
    "customer_id": "C0622",
    "channel": "app",
    "created_at": "2025-03-19 13:56:20",
    "payment_status": "paid",
    "items": [
      {
        "sku": "SKU044",
        "qty": 1,
        "unit_price": 8.0
      },
      {
        "sku": "SKU031",
        "qty": 4,
        "unit_price": 5.0
      }
    ]
  },
  {
    "order_id": "O202503190028",
    "customer_id": "C0297",
    "channel": "app",
    "created_at": "2025-03-19 14:33:17",
    "payment_status": "paid",
    "items": [
      {
        "sku": "SKU050",
        "qty": 4,
        "unit_price": 9.9
      }
    ]
  },
  {
    "order_id": "O202503190029",
    "customer_id": "C0546",
    "channel": "web",
    "created_at": "2025-03-19 12:53:20",
    "payment_status": "paid",
    "items": [
      {
        "sku": "SKU048",
        "qty": 1,
        "unit_price": 19.9
      },
      {
        "sku": "SKU025",
        "qty": 3,
        "unit_price": -12.5
      },
      {
        "sku": "SKU007",
        "qty": 4,
        "unit_price": 8.0
      }
    ]
  },
  {
    "order_id": "O202503190030",
    "customer_id": "C0495",
    "channel": "app",
    "created_at": "2025-03-19 10:31:23",
    "payment_status": "paid",
    "items": [
      {
        "sku": "SKU003",
        "qty": 3,
        "unit_price": 7.5
      },
      {
        "sku": "SKU038",
        "qty": 3,
        "unit_price": 4.0
      },
      {
        "sku": "SKU003",
        "qty": 3,
        "unit_price": 15.0
      },
      {
        "sku": "SKU013",
        "qty": 3,
        "unit_price": 2.5
      }
    ]
  },
  {
    "order_id": "O202503190031",
    "customer_id": "C0711",
    "channel": "web",
    "created_at": "2025-03-19 09:39:15",
    "payment_status": "paid",
    "items": [
      {
        "sku": "SKU014",
        "qty": 5,
        "unit_price": 12.5
      },
      {
        "sku": "SKU007",
        "qty": 1,
        "unit_price": 8.0
      },
      {
        "sku": "SKU012",
        "qty": 4,
        "unit_price": 9.9
      },
      {
        "sku": "SKU035",
        "qty": 5,
        "unit_price": 12.5
      }
    ]
  },
  {
    "order_id": "O202503190032",
    "customer_id": "C0794",
    "channel": "web",
    "created_at": "2025-03-19 16:54:48",
    "payment_status": "paid",
    "items": [
      {
        "sku": "SKU049",
        "qty": 4,
        "unit_price": 15.0
      },
      {
        "sku": "SKU019",
        "qty": 5,
        "unit_price": 7.5
      },
      {
        "sku": "SKU011",
        "qty": 3,
        "unit_price": 9.9
      },
      {
        "sku": "SKU008",
        "qty": 5,
        "unit_price": 19.9
      }
    ]
  },
  {
    "order_id": "O202503190033",
    "customer_id": "C0581",
    "channel": "web",
    "created_at": "2025-03-19 09:06:06",
    "payment_status": "paid",
    "items": [
      {
        "sku": "SKU045",
        "qty": 4,
        "unit_price": 9.9
      },
      {
        "sku": "SKU028",
        "qty": 5,
        "unit_price": 5.0
      },
      {
        "sku": "SKU050",
        "qty": 4,
        "unit_price": 24.9
      },
      {
        "sku": "SKU022",
        "qty": 3,
        "unit_price": 5.0
      }
    ]
  },
  {
    "order_id": "O202503190034",
    "customer_id": "C0285",
    "channel": "app",
    "created_at": "2025-03-19 15:31:00",
    "payment_status": "paid",
    "items": [
      {
        "sku": "SKU050",
        "qty": 4,
        "unit_price": 15.0
      },
      {
        "sku": "SKU004",
        "qty": 2,
        "unit_price": 24.9
      }
    ]
  },
  {
    "order_id": "O202503190035",
    "customer_id": "C0081",
    "channel": "web",
    "created_at": "2025-03-19 22:38:47",
    "payment_status": "paid",
    "items": [
      {
        "sku": "SKU037",
        "qty": 4,
        "unit_price": 8.0
      }
    ]
  },
  {
    "order_id": "O202503190036",
    "customer_id": "C0040",
    "channel": "web",
    "created_at": "2025-03-19 08:38:35",
    "payment_status": "paid",
    "items": [
      {
        "sku": "SKU049",
        "qty": 2,
        "unit_price": 2.5
      },
      {
        "sku": "SKU012",
        "qty": 2,
        "unit_price": 4.0
      },
      {
        "sku": "SKU046",
        "qty": 5,
        "unit_price": 15.0
      }
    ]
  },
  {
    "order_id": "O202503190037",
    "customer_id": "C0421",
    "channel": "web",
    "created_at": "2025-03-19 19:25:55",
    "payment_status": "paid",
    "items": [
      {
        "sku": "SKU031",
        "qty": 3,
        "unit_price": 8.0
      },
      {
        "sku": "SKU026",
        "qty": 4,
        "unit_price": 8.0
      },
      {
        "sku": "SKU001",
        "qty": 1,
        "unit_price": 24.9
      },
      {
        "sku": "SKU040",
        "qty": 1,
        "unit_price": 24.9
      }
    ]
  },
  {
    "order_id": "O202503190038",
    "customer_id": "C0150",
    "channel": "web",
    "created_at": "2025-03-19 12:42:35",
    "payment_status": "paid",
    "items": [
      {
        "sku": "SKU018",
        "qty": 4,
        "unit_price": 4.0
      },
      {
        "sku": "SKU015",
        "qty": 4,
        "unit_price": -24.9
      }
    ]
  },
  {
    "order_id": "O202503190039",
    "customer_id": "C0738",
    "channel": "web",
    "created_at": "2025-03-19 22:25:35",
    "payment_status": "paid",
    "items": [
      {
        "sku": "SKU016",
        "qty": 3,
        "unit_price": 19.9
      },
      {
        "sku": "SKU030",
        "qty": 2,
        "unit_price": 15.0
      },
      {
        "sku": "SKU044",
        "qty": 1,
        "unit_price": 8.0
      }
    ]
  },
  {
    "order_id": "O202503190040",
    "customer_id": "C0208",
    "channel": "app",
    "created_at": "2025-03-19 10:37:41",
    "payment_status": "paid",
    "items": [
      {
        "sku": "SKU013",
        "qty": 3,
        "unit_price": 12.5
      }
    ]
  },
  {
    "order_id": "O202503190041",
    "customer_id": "C0769",
    "channel": "web",
    "created_at": "2025-03-19 13:19:15",
    "payment_status": "paid",
    "items": [
      {
        "sku": "SKU009",
        "qty": 2,
        "unit_price": 9.9
      }
    ]
  },
  {
    "order_id": "O202503190042",
    "customer_id": "C0569",
    "channel": "app",
    "created_at": "2025-03-19 17:25:59",
    "payment_status": "paid",
    "items": [
      {
        "sku": "SKU029",
        "qty": 2,
        "unit_price": 5.0
      },
      {
        "sku": "SKU013",
        "qty": 3,
        "unit_price": 15.0
      }
    ]
  },
  {
    "order_id": "O202503190043",
    "customer_id": "C0587",
    "channel": "app",
    "created_at": "2025-03-19 16:18:23",
    "payment_status": "paid",
    "items": [
      {
        "sku": "SKU022",
        "qty": 1,
        "unit_price": 9.9
      }
    ]
  },
  {
    "order_id": "O202503190044",
    "customer_id": "C0373",
    "channel": "web",
    "created_at": "2025-03-19 15:43:59",
    "payment_status": "failed",
    "items": [
      {
        "sku": "SKU034",
        "qty": 1,
        "unit_price": 24.9
      }
    ]
  },
  {
    "order_id": "O202503190045",
    "customer_id": "C0016",
    "channel": "web",
    "created_at": "2025-03-19 09:35:46",
    "payment_status": "paid",
    "items": [
      {
        "sku": "SKU012",
        "qty": 1,
        "unit_price": 12.5
      },
      {
        "sku": "SKU018",
        "qty": 2,
        "unit_price": 4.0
      },
      {
        "sku": "SKU020",
        "qty": 4,
        "unit_price": 9.9
      }
    ]
  },
  {
    "order_id": "O202503190046",
    "customer_id": "C0685",
    "channel": "web",
    "created_at": "2025-03-19 12:04:09",
    "payment_status": "paid",
    "items": [
      {
        "sku": "SKU014",
        "qty": 4,
        "unit_price": 8.0
      },
      {
        "sku": "SKU041",
        "qty": 4,
        "unit_price": 24.9
      },
      {
        "sku": "SKU046",
        "qty": 5,
        "unit_price": 19.9
      },
      {
        "sku": "SKU013",
        "qty": 1,
        "unit_price": 19.9
      }
    ]
  },
  {
    "order_id": "O202503190047",
    "customer_id": "C0024",
    "channel": "web",
    "created_at": "2025-03-19 12:18:05",
    "payment_status": "paid",
    "items": [
      {
        "sku": "SKU030",
        "qty": 5,
        "unit_price": 8.0
      },
      {
        "sku": "SKU001",
        "qty": 2,
        "unit_price": 4.0
      }
    ]
  },
  {
    "order_id": "O202503190048",
    "customer_id": "C0771",
    "channel": "app",
    "created_at": "2025-03-19 15:01:42",
    "payment_status": "pending",
    "items": [
      {
        "sku": "SKU049",
        "qty": 2,
        "unit_price": 9.9
      },
      {
        "sku": "SKU049",
        "qty": 5,
        "unit_price": 8.0
      }
    ]
  },
  {
    "order_id": "O202503190049",
    "customer_id": "C0651",
    "channel": "app",
    "created_at": "2025-03-19 13:38:43",
    "payment_status": "paid",
    "items": [
      {
        "sku": "SKU043",
        "qty": 5,
        "unit_price": 15.0
      }
    ]
  },
  {
    "order_id": "O202503190050",
    "customer_id": "C0537",
    "channel": "app",
    "created_at": "2025-03-19 12:44:18",
    "payment_status": "paid",
    "items": [
      {
        "sku": "SKU031",
        "qty": 5,
        "unit_price": 7.5
      },
      {
        "sku": "SKU030",
        "qty": 5,
        "unit_price": 4.0
      },
      {
        "sku": "SKU016",
        "qty": 5,
        "unit_price": 12.5
      },
      {
        "sku": "SKU040",
        "qty": 2,
        "unit_price": 8.0
      }
    ]
  },
  {
    "order_id": "O202503190051",
    "customer_id": "C0384",
    "channel": "app",
    "created_at": "2025-03-19 17:58:14",
    "payment_status": "paid",
    "items": [
      {
        "sku": "SKU045",
        "qty": 4,
        "unit_price": 2.5
      },
      {
        "sku": "SKU012",
        "qty": 3,
        "unit_price": 5.0
      },
      {
        "sku": "SKU005",
        "qty": 3,
        "unit_price": 8.0
      }
    ]
  },
  {
    "order_id": "O202503190052",
    "customer_id": "C0387",
    "channel": "app",
    "created_at": "2025-03-19 18:29:25",
    "payment_status": "paid",
    "items": [
      {
        "sku": "SKU035",
        "qty": 3,
        "unit_price": 12.5
      },
      {
        "sku": "SKU015",
        "qty": 2,
        "unit_price": 19.9
      },
      {
        "sku": "SKU040",
        "qty": 3,
        "unit_price": 4.0
      }
    ]
  },
  {
    "order_id": "O202503190053",
    "customer_id": "C0418",
    "channel": "web",
    "created_at": "2025-03-19 12:31:07",
    "payment_status": "paid",
    "items": [
      {
        "sku": "SKU003",
        "qty": 1,
        "unit_price": 2.5
      },
      {
        "sku": "SKU033",
        "qty": 5,
        "unit_price": 24.9
      },
      {
        "sku": "SKU026",
        "qty": 5,
        "unit_price": 5.0
      }
    ]
  },
  {
    "order_id": "O202503190054",
    "customer_id": "C0691",
    "channel": "web",
    "created_at": "2025-03-19 07:29:23",
    "payment_status": "paid",
    "items": [
      {
        "sku": "SKU022",
        "qty": 5,
        "unit_price": 15.0
      },
      {
        "sku": "SKU014",
        "qty": 5,
        "unit_price": 2.5
      },
      {
        "sku": "SKU034",
        "qty": 4,
        "unit_price": 9.9
      },
      {
        "sku": "SKU024",
        "qty": 4,
        "unit_price": 4.0
      }
    ]
  },
  {
    "order_id": "O202503190055",
    "customer_id": "C0299",
    "channel": "web",
    "created_at": "2025-03-19 19:11:15",
    "payment_status": "paid",
    "items": [
      {
        "sku": "SKU031",
        "qty": 4,
        "unit_price": 15.0
      },
      {
        "sku": "SKU049",
        "qty": 2,
        "unit_price": 15.0
      },
      {
        "sku": "SKU029",
        "qty": 2,
        "unit_price": 2.5
      }
    ]
  },
  {
    "order_id": "O202503190056",
    "customer_id": "C0303",
    "channel": "app",
    "created_at": "2025-03-19 18:50:18",
    "payment_status": "paid",
    "items": [
      {
        "sku": "SKU006",
        "qty": 5,
        "unit_price": 7.5
      },
      {
        "sku": "SKU006",
        "qty": 2,
        "unit_price": 19.9
      }
    ]
  },
  {
    "order_id": "O202503190057",
    "customer_id": "C0103",
    "channel": "web",
    "created_at": "2025-03-19 14:32:14",
    "payment_status": "paid",
    "items": [
      {
        "sku": "SKU012",
        "qty": 2,
        "unit_price": 8.0
      }
    ]
  },
  {
    "order_id": "O202503190058",
    "customer_id": "C0011",
    "channel": "app",
    "created_at": "2025-03-19 20:32:13",
    "payment_status": "paid",
    "items": [
      {
        "sku": "SKU012",
        "qty": 2,
        "unit_price": 7.5
      },
      {
        "sku": "SKU010",
        "qty": 5,
        "unit_price": 19.9
      },
      {
        "sku": "SKU043",
        "qty": 2,
        "unit_price": 8.0
      },
      {
        "sku": "SKU040",
        "qty": 2,
        "unit_price": -24.9
      }
    ]
  },
  {
    "order_id": "O202503190059",
    "customer_id": "C0305",
    "channel": "app",
    "created_at": "2025-03-19 08:00:41",
    "payment_status": "paid",
    "items": [
      {
        "sku": "SKU019",
        "qty": 1,
        "unit_price": 8.0
      },
      {
        "sku": "SKU002",
        "qty": 5,
        "unit_price": 5.0
      },
      {
        "sku": "SKU023",
        "qty": 5,
        "unit_price": 8.0
      }
    ]
  },
  {
    "order_id": "O202503190060",
    "customer_id": "C0445",
    "channel": "web",
    "created_at": "2025-03-19 18:54:02",
    "payment_status": "paid",
    "items": [
      {
        "sku": "SKU025",
        "qty": 2,
        "unit_price": 9.9
      }
    ]
  },
  {
    "order_id": "O202503190061",
    "customer_id": "C0310",
    "channel": "web",
    "created_at": "2025-03-19 17:21:19",
    "payment_status": "paid",
    "items": [
      {
        "sku": "SKU030",
        "qty": 4,
        "unit_price": 2.5
      }
    ]
  },
  {
    "order_id": "O202503190062",
    "customer_id": "C0066",
    "channel": "web",
    "created_at": "2025-03-19 14:16:51",
    "payment_status": "paid",
    "items": [
      {
        "sku": "SKU007",
        "qty": 5,
        "unit_price": 19.9
      }
    ]
  },
  {
    "order_id": "O202503190063",
    "customer_id": "C0184",
    "channel": "app",
    "created_at": "2025-03-19 21:41:11",
    "payment_status": "paid",
    "items": [
      {
        "sku": "SKU017",
        "qty": 2,
        "unit_price": 5.0
      },
      {
        "sku": "SKU043",
        "qty": 5,
        "unit_price": 4.0
      },
      {
        "sku": "SKU011",
        "qty": 3,
        "unit_price": 9.9
      }
    ]
  },
  {
    "order_id": "O202503190064",
    "customer_id": "C0012",
    "channel": "app",
    "created_at": "2025-03-19 17:32:25",
    "payment_status": "paid",
    "items": [
      {
        "sku": "SKU008",
        "qty": 5,
        "unit_price": 12.5
      }
    ]
  },
  {
    "order_id": "O202503190065",
    "customer_id": "C0393",
    "channel": "web",
    "created_at": "2025-03-19 21:32:27",
    "payment_status": "paid",
    "items": [
      {
        "sku": "SKU047",
        "qty": 3,
        "unit_price": 12.5
      },
      {
        "sku": "SKU004",
        "qty": 3,
        "unit_price": -7.5
      },
      {
        "sku": "SKU036",
        "qty": 1,
        "unit_price": 9.9
      },
      {
        "sku": "SKU033",
        "qty": 1,
        "unit_price": 7.5
      }
    ]
  },
  {
    "order_id": "O202503190066",
    "customer_id": "C0561",
    "channel": "web",
    "created_at": "2025-03-19 12:50:41",
    "payment_status": "paid",
    "items": [
      {
        "sku": "SKU030",
        "qty": 5,
        "unit_price": 19.9
      },
      {
        "sku": "SKU030",
        "qty": 5,
        "unit_price": 24.9
      },
      {
        "sku": "SKU005",
        "qty": 3,
        "unit_price": 24.9
      }
    ]
  },
  {
    "order_id": "O202503190067",
    "customer_id": "C0124",
    "channel": "app",
    "created_at": "2025-03-19 09:31:48",
    "payment_status": "paid",
    "items": [
      {
        "sku": "SKU043",
        "qty": 3,
        "unit_price": 8.0
      },
      {
        "sku": "SKU034",
        "qty": 4,
        "unit_price": 15.0
      }
    ]
  },
  {
    "order_id": "O202503190068",
    "customer_id": "C0567",
    "channel": "web",
    "created_at": "2025-03-19 17:28:10",
    "payment_status": "paid",
    "items": [
      {
        "sku": "SKU035",
        "qty": 5,
        "unit_price": 2.5
      },
      {
        "sku": "SKU016",
        "qty": 1,
        "unit_price": 4.0
      }
    ]
  },
  {
    "order_id": "O202503190069",
    "customer_id": "C0188",
    "channel": "web",
    "created_at": "2025-03-19 11:55:54",
    "payment_status": "paid",
    "items": [
      {
        "sku": "SKU049",
        "qty": 3,
        "unit_price": 9.9
      },
      {
        "sku": "SKU011",
        "qty": 3,
        "unit_price": 2.5
      },
      {
        "sku": "SKU037",
        "qty": 4,
        "unit_price": 9.9
      },
      {
        "sku": "SKU050",
        "qty": 3,
        "unit_price": 4.0
      }
    ]
  },
  {
    "order_id": "O202503190070",
    "customer_id": "C0244",
    "channel": "web",
    "created_at": "2025-03-19 22:43:42",
    "payment_status": "paid",
    "items": [
      {
        "sku": "SKU050",
        "qty": 2,
        "unit_price": 24.9
      }
    ]
  },
  {
    "order_id": "O202503190071",
    "customer_id": "C0340",
    "channel": "app",
    "created_at": "2025-03-19 08:43:07",
    "payment_status": "paid",
    "items": [
      {
        "sku": "SKU050",
        "qty": 2,
        "unit_price": 2.5
      }
    ]
  },
  {
    "order_id": "O202503190072",
    "customer_id": "C0559",
    "channel": "app",
    "created_at": "2025-03-19 14:03:38",
    "payment_status": "paid",
    "items": [
      {
        "sku": "SKU028",
        "qty": 4,
        "unit_price": 5.0
      },
      {
        "sku": "SKU048",
        "qty": 5,
        "unit_price": 8.0
      }
    ]
  },
  {
    "order_id": "O202503190073",
    "customer_id": "C0105",
    "channel": "app",
    "created_at": "2025-03-19 22:28:37",
    "payment_status": "failed",
    "items": [
      {
        "sku": "SKU015",
        "qty": 1,
        "unit_price": 19.9
      }
    ]
  },
  {
    "order_id": "O202503190074",
    "customer_id": "C0005",
    "channel": "app",
    "created_at": "2025-03-19 12:41:36",
    "payment_status": "paid",
    "items": [
      {
        "sku": "SKU040",
        "qty": 4,
        "unit_price": 2.5
      },
      {
        "sku": "SKU004",
        "qty": 2,
        "unit_price": 4.0
      },
      {
        "sku": "SKU016",
        "qty": 2,
        "unit_price": 2.5
      },
      {
        "sku": "SKU030",
        "qty": 1,
        "unit_price": 19.9
      }
    ]
  },
  {
    "order_id": "O202503190075",
    "customer_id": "C0326",
    "channel": "app",
    "created_at": "2025-03-19 08:38:16",
    "payment_status": "paid",
    "items": [
      {
        "sku": "SKU028",
        "qty": 5,
        "unit_price": 2.5
      }
    ]
  },
  {
    "order_id": "O202503190076",
    "customer_id": "C0612",
    "channel": "web",
    "created_at": "2025-03-19 10:33:14",
    "payment_status": "paid",
    "items": [
      {
        "sku": "SKU007",
        "qty": 3,
        "unit_price": 9.9
      }
    ]
  },
  {
    "order_id": "O202503190077",
    "customer_id": "C0387",
    "channel": "app",
    "created_at": "2025-03-19 09:53:28",
    "payment_status": "paid",
    "items": [
      {
        "sku": "SKU001",
        "qty": 1,
        "unit_price": 9.9
      }
    ]
  },
  {
    "order_id": "O202503190078",
    "customer_id": "C0789",
    "channel": "web",
    "created_at": "2025-03-19 11:28:28",
    "payment_status": "paid",
    "items": [
      {
        "sku": "SKU004",
        "qty": 4,
        "unit_price": 24.9
      },
      {
        "sku": "SKU034",
        "qty": 1,
        "unit_price": 7.5
      },
      {
        "sku": "SKU035",
        "qty": 1,
        "unit_price": 2.5
      }
    ]
  },
  {
    "order_id": "O202503190079",
    "customer_id": "C0460",
    "channel": "app",
    "created_at": "2025-03-19 16:15:48",
    "payment_status": "paid",
    "items": [
      {
        "sku": "SKU003",
        "qty": 5,
        "unit_price": 12.5
      }
    ]
  },
  {
    "order_id": "O202503190080",
    "customer_id": "C0174",
    "channel": "app",
    "created_at": "2025-03-19 12:36:14",
    "payment_status": "paid",
    "items": [
      {
        "sku": "SKU017",
        "qty": 5,
        "unit_price": 19.9
      },
      {
        "sku": "SKU016",
        "qty": 2,
        "unit_price": 7.5
      }
    ]
  },
  {
    "order_id": "O202503190081",
    "customer_id": "C0187",
    "channel": "web",
    "created_at": "2025-03-19 17:26:45",
    "payment_status": "paid",
    "items": [
      {
        "sku": "SKU011",
        "qty": 4,
        "unit_price": 15.0
      },
      {
        "sku": "SKU045",
        "qty": 3,
        "unit_price": 5.0
      }
    ]
  },
  {
    "order_id": "O202503190082",
    "customer_id": "C0793",
    "channel": "app",
    "created_at": "2025-03-19 11:25:46",
    "payment_status": "paid",
    "items": [
      {
        "sku": "SKU012",
        "qty": 3,
        "unit_price": 9.9
      }
    ]
  },
  {
    "order_id": "O202503190083",
    "customer_id": "C0697",
    "channel": "web",
    "created_at": "2025-03-19 11:24:58",
    "payment_status": "paid",
    "items": [
      {
        "sku": "SKU010",
        "qty": 2,
        "unit_price": 2.5
      },
      {
        "sku": "SKU018",
        "qty": 3,
        "unit_price": 12.5
      }
    ]
  },
  {
    "order_id": "O202503190084",
    "customer_id": "C0239",
    "channel": "web",
    "created_at": "2025-03-19 12:33:44",
    "payment_status": "paid",
    "items": [
      {
        "sku": "SKU026",
        "qty": 3,
        "unit_price": 4.0
      },
      {
        "sku": "SKU006",
        "qty": 1,
        "unit_price": 12.5
      },
      {
        "sku": "SKU003",
        "qty": 1,
        "unit_price": 15.0
      },
      {
        "sku": "SKU006",
        "qty": 4,
        "unit_price": 2.5
      }
    ]
  },
  {
    "order_id": "O202503190085",
    "customer_id": "C0406",
    "channel": "app",
    "created_at": "2025-03-19 18:07:51",
    "payment_status": "paid",
    "items": [
      {
        "sku": "SKU016",
        "qty": 4,
        "unit_price": 4.0
      }
    ]
  },
  {
    "order_id": "O202503190086",
    "customer_id": "C0339",
    "channel": "app",
    "created_at": "2025-03-19 15:12:22",
    "payment_status": "paid",
    "items": [
      {
        "sku": "SKU043",
        "qty": 1,
        "unit_price": 4.0
      },
      {
        "sku": "SKU047",
        "qty": 2,
        "unit_price": 15.0
      },
      {
        "sku": "SKU016",
        "qty": 1,
        "unit_price": 9.9
      }
    ]
  },
  {
    "order_id": "O202503190087",
    "customer_id": "C0531",
    "channel": "app",
    "created_at": "2025-03-19 21:58:29",
    "payment_status": "pending",
    "items": [
      {
        "sku": "SKU011",
        "qty": 3,
        "unit_price": 24.9
      },
      {
        "sku": "SKU007",
        "qty": 2,
        "unit_price": 5.0
      }
    ]
  },
  {
    "order_id": "O202503190088",
    "customer_id": "C0083",
    "channel": "app",
    "created_at": "2025-03-19 16:19:51",
    "payment_status": "paid",
    "items": [
      {
        "sku": "SKU023",
        "qty": 4,
        "unit_price": 9.9
      }
    ]
  },
  {
    "order_id": "O202503190089",
    "customer_id": "C0073",
    "channel": "web",
    "created_at": "2025-03-19 10:42:16",
    "payment_status": "paid",
    "items": [
      {
        "sku": "SKU046",
        "qty": 4,
        "unit_price": 9.9
      },
      {
        "sku": "SKU013",
        "qty": 5,
        "unit_price": 15.0
      },
      {
        "sku": "SKU027",
        "qty": 4,
        "unit_price": 7.5
      }
    ]
  },
  {
    "order_id": "O202503190090",
    "customer_id": "C0360",
    "channel": "app",
    "created_at": "2025-03-19 07:29:39",
    "payment_status": "paid",
    "items": [
      {
        "sku": "SKU017",
        "qty": 2,
        "unit_price": 19.9
      },
      {
        "sku": "SKU024",
        "qty": 1,
        "unit_price": 12.5
      },
      {
        "sku": "SKU036",
        "qty": 5,
        "unit_price": 2.5
      },
      {
        "sku": "SKU016",
        "qty": 4,
        "unit_price": 4.0
      }
    ]
  },
  {
    "order_id": "O202503190091",
    "customer_id": "C0403",
    "channel": "app",
    "created_at": "2025-03-19 14:25:19",
    "payment_status": "paid",
    "items": [
      {
        "sku": "SKU046",
        "qty": 3,
        "unit_price": 8.0
      },
      {
        "sku": "SKU009",
        "qty": 3,
        "unit_price": 7.5
      },
      {
        "sku": "SKU008",
        "qty": 3,
        "unit_price": 2.5
      },
      {
        "sku": "SKU029",
        "qty": 3,
        "unit_price": 24.9
      }
    ]
  },
  {
    "order_id": "O202503190092",
    "customer_id": "C0649",
    "channel": "app",
    "created_at": "2025-03-19 21:37:07",
    "payment_status": "pending",
    "items": [
      {
        "sku": "SKU049",
        "qty": 4,
        "unit_price": -24.9
      },
      {
        "sku": "SKU023",
        "qty": 4,
        "unit_price": 5.0
      },
      {
        "sku": "SKU017",
        "qty": 4,
        "unit_price": 9.9
      }
    ]
  },
  {
    "order_id": "O202503190093",
    "customer_id": "C0427",
    "channel": "web",
    "created_at": "2025-03-19 13:15:33",
    "payment_status": "paid",
    "items": [
      {
        "sku": "SKU036",
        "qty": 1,
        "unit_price": 12.5
      },
      {
        "sku": "SKU042",
        "qty": 3,
        "unit_price": 15.0
      },
      {
        "sku": "SKU018",
        "qty": 1,
        "unit_price": 12.5
      }
    ]
  },
  {
    "order_id": "O202503190094",
    "customer_id": "C0497",
    "channel": "web",
    "created_at": "2025-03-19 09:05:29",
    "payment_status": "paid",
    "items": [
      {
        "sku": "SKU020",
        "qty": 1,
        "unit_price": 5.0
      },
      {
        "sku": "SKU016",
        "qty": 1,
        "unit_price": 8.0
      }
    ]
  },
  {
    "order_id": "O202503190095",
    "customer_id": "C0474",
    "channel": "app",
    "created_at": "2025-03-19 07:07:42",
    "payment_status": "paid",
    "items": [
      {
        "sku": "SKU028",
        "qty": 2,
        "unit_price": 9.9
      },
      {
        "sku": "SKU028",
        "qty": 3,
        "unit_price": 15.0
      },
      {
        "sku": "SKU029",
        "qty": 1,
        "unit_price": 4.0
      }
    ]
  },
  {
    "order_id": "O202503190096",
    "customer_id": "C0186",
    "channel": "web",
    "created_at": "2025-03-19 17:40:34",
    "payment_status": "paid",
    "items": [
      {
        "sku": "SKU010",
        "qty": 3,
        "unit_price": 8.0
      }
    ]
  },
  {
    "order_id": "O202503190097",
    "customer_id": "C0292",
    "channel": "app",
    "created_at": "2025-03-19 15:26:52",
    "payment_status": "paid",
    "items": [
      {
        "sku": "SKU013",
        "qty": 1,
        "unit_price": 19.9
      },
      {
        "sku": "SKU032",
        "qty": 3,
        "unit_price": 2.5
      },
      {
        "sku": "SKU002",
        "qty": 2,
        "unit_price": 12.5
      }
    ]
  },
  {
    "order_id": "O202503190098",
    "customer_id": "C0748",
    "channel": "app",
    "created_at": "2025-03-19 11:58:01",
    "payment_status": "paid",
    "items": [
      {
        "sku": "SKU010",
        "qty": 2,
        "unit_price": 19.9
      },
      {
        "sku": "SKU042",
        "qty": 1,
        "unit_price": 12.5
      }
    ]
  },
  {
    "order_id": "O202503190099",
    "customer_id": "C0410",
    "channel": "app",
    "created_at": "2025-03-19 10:47:35",
    "payment_status": "paid",
    "items": [
      {
        "sku": "SKU006",
        "qty": 3,
        "unit_price": 8.0
      },
      {
        "sku": "SKU020",
        "qty": 1,
        "unit_price": 24.9
      }
    ]
  },
  {
    "order_id": "O202503190100",
    "customer_id": "C0406",
    "channel": "app",
    "created_at": "2025-03-19 16:38:56",
    "payment_status": "paid",
    "items": [
      {
        "sku": "SKU018",
        "qty": 5,
        "unit_price": 7.5
      },
      {
        "sku": "SKU015",
        "qty": 5,
        "unit_price": 4.0
      },
      {
        "sku": "SKU011",
        "qty": 3,
        "unit_price": -19.9
      },
      {
        "sku": "SKU013",
        "qty": 1,
        "unit_price": 9.9
      }
    ]
  },
  {
    "order_id": "O202503190066",
    "customer_id": "C0561",
    "channel": "web",
    "created_at": "2025-03-19 12:50:41",
    "payment_status": "paid",
    "items": [
      {
        "sku": "SKU030",
        "qty": 5,
        "unit_price": 19.9
      },
      {
        "sku": "SKU030",
        "qty": 5,
        "unit_price": 24.9
      },
      {
        "sku": "SKU005",
        "qty": 3,
        "unit_price": 24.9
      }
    ]
  },
  {
    "order_id": "O202503190028",
    "customer_id": "C0297",
    "channel": "app",
    "created_at": "2025-03-19 14:33:17",
    "payment_status": "paid",
    "items": [
      {
        "sku": "SKU050",
        "qty": 4,
        "unit_price": 9.9
      }
    ]
  },
  {
    "order_id": "O202503190036",
    "customer_id": "C0040",
    "channel": "web",
    "created_at": "2025-03-19 08:38:35",
    "payment_status": "paid",
    "items": [
      {
        "sku": "SKU049",
        "qty": 2,
        "unit_price": 2.5
      },
      {
        "sku": "SKU012",
        "qty": 2,
        "unit_price": 4.0
      },
      {
        "sku": "SKU046",
        "qty": 5,
        "unit_price": 15.0
      }
    ]
  }
]