[
  {
    "order_id": "O202503220001",
    "customer_id": "C0668",
    "channel": "web",
    "created_at": "2025-03-22 11:52:41",
    "payment_status": "paid",
    "items": [
      {
        "sku": "SKU037",
        "qty": 3,
        "unit_price": 9.9
      },
      {
        "sku": "SKU016",
        "qty": 3,
        "unit_price": 19.9
      }
    ]
  },
  {
    "order_id": "O202503220002",
    "customer_id": "C0590",
    "channel": "app",
    "created_at": "2025-03-22 15:45:34",
    "payment_status": "paid",
    "items": [
      {
        "sku": "SKU027",
        "qty": 5,
        "unit_price": 4.0
      },
      {
        "sku": "SKU003",
        "qty": 5,
        "unit_price": 4.0
      }
    ]
  },
  {
    "order_id": "O202503220003",
    "customer_id": "C0432",
    "channel": "app",
    "created_at": "2025-03-22 17:01:24",
    "payment_status": "paid",
    "items": [
      {
        "sku": "SKU032",
        "qty": 4,
        "unit_price": 19.9
      }
    ]
  },
  {
    "order_id": "O202503220004",
    "customer_id": "C0184",
    "channel": "web",
    "created_at": "2025-03-22 07:33:15",
    "payment_status": "paid",
    "items": [
      {
        "sku": "SKU033",
        "qty": 2,
        "unit_price": 4.0
      },
      {
        "sku": "SKU018",
        "qty": 1,
        "unit_price": -19.9
      },
      {
        "sku": "SKU022",
        "qty": 3,
        "unit_price": 9.9
      },
      {
        "sku": "SKU042",
        "qty": 2,
        "unit_price": 2.5
      }
    ]
  },
  {
    "order_id": "O202503220005",
    "customer_id": "C0601",
    "channel": "app",
    "created_at": "2025-03-22 13:06:20",
    "payment_status": "paid",
    "items": [
      {
        "sku": "SKU023",
        "qty": 1,
        "unit_price": 24.9
      },
      {
        "sku": "SKU017",
        "qty": 5,
        "unit_price": 8.0
      },
      {
        "sku": "SKU016",
        "qty": 1,
        "unit_price": 15.0
      }
    ]
  },
  {
    "order_id": "O202503220006",
    "customer_id": "C0369",
    "channel": "web",
    "created_at": "2025-03-22 11:39:25",
    "payment_status": "pending",
    "items": [
      {
        "sku": "SKU027",
        "qty": 1,
        "unit_price": 2.5
      },
      {
        "sku": "SKU050",
        "qty": 2,
        "unit_price": 9.9
      }
    ]
  },
  {
    "order_id": "O202503220007",
    "customer_id": "C0700",
    "channel": "app",
    "created_at": "2025-03-22 09:46:32",
    "payment_status": "paid",
    "items": [
      {
        "sku": "SKU042",
        "qty": 1,
        "unit_price": 2.5
      },
      {
        "sku": "SKU007",
        "qty": 5,
        "unit_price": 4.0
      },
      {
        "sku": "SKU021",
        "qty": 2,
        "unit_price": 12.5
      },
      {
        "sku": "SKU014",
        "qty": 5,
        "unit_price": 15.0
      }
    ]
  },
  {
    "order_id": "O202503220008",
    "customer_id": "C0232",
    "channel": "app",
    "created_at": "2025-03-22 22:47:02",
    "payment_status": "paid",
    "items": [
      {
        "sku": "SKU044",
        "qty": 1,
        "unit_price": 7.5
      },
      {
        "sku": "SKU047",
        "qty": 4,
        "unit_price": 8.0
      },
      {
        "sku": "SKU029",
        "qty": 5,
        "unit_price": 5.0
      }
    ]
  },
  {
    "order_id": "O202503220009",
    "customer_id": "C0591",
    "channel": "app",
    "created_at": "2025-03-22 07:18:20",
    "payment_status": "pending",
    "items": [
      {
        "sku": "SKU008",
        "qty": 3,
        "unit_price": 24.9
      },
      {
        "sku": "SKU008",
        "qty": 5,
        "unit_price": 2.5
      },
      {
        "sku": "SKU007",
        "qty": 4,
        "unit_price": 12.5
      }
    ]
  },
  {
    "order_id": "O202503220010",
    "customer_id": "C0636",
    "channel": "web",
    "created_at": "2025-03-22 12:11:00",
    "payment_status": "paid",
    "items": [
      {
        "sku": "SKU021",
        "qty": 4,
        "unit_price": 15.0
      }
    ]
  },
  {
    "order_id": "O202503220011",
    "customer_id": "C0319",
    "channel": "app",
    "created_at": "2025-03-22 20:49:54",
    "payment_status": "paid",
    "items": [
      {
        "sku": "SKU034",
        "qty": 4,
        "unit_price": 8.0
      }
    ]
  },
  {
    "order_id": "O202503220012",
    "customer_id": "C0553",
    "channel": "web",
    "created_at": "2025-03-22 10:44:47",
    "payment_status": "paid",
    "items": [
      {
        "sku": "SKU046",
        "qty": 2,
        "unit_price": 12.5
      },
      {
        "sku": "SKU021",
        "qty": 5,
        "unit_price": 24.9
      },
      {
        "sku": "SKU047",
        "qty": 4,
        "unit_price": 4.0
      }
    ]
  },
  {
    "order_id": "O202503220013",
    "customer_id": "C0588",
    "channel": "web",
    "created_at": "2025-03-22 10:13:42",
    "payment_status": "paid",
    "items": [
      {
        "sku": "SKU022",
        "qty": 1,
        "unit_price": 24.9
      }
    ]
  },
  {
    "order_id": "O202503220014",
    "customer_id": "C0013",
    "channel": "app",
    "created_at": "2025-03-22 07:49:19",
    "payment_status": "paid",
    "items": [
      {
        "sku": "SKU012",
        "qty": 5,
        "unit_price": 24.9
      },
      {
        "sku": "SKU026",
        "qty": 2,
        "unit_price": 5.0
      }
    ]
  },
  {
    "order_id": "O202503220015",
    "customer_id": "C0506",
    "channel": "web",
    "created_at": "2025-03-22 09:46:10",
    "payment_status": "pending",
    "items": [
      {
        "sku": "SKU005",
        "qty": 2,
        "unit_price": 7.5
      },
      {
        "sku": "SKU044",
        "qty": 3,
        "unit_price": 19.9
      }
    ]
  },
  {
    "order_id": "O202503220016",
    "customer_id": "C0524",
    "channel": "web",
    "created_at": "2025-03-22 20:53:08",
    "payment_status": "paid",
    "items": [
      {
        "sku": "SKU029",
        "qty": 1,
        "unit_price": 7.5
      },
      {
        "sku": "SKU036",
        "qty": 5,
        "unit_price": 2.5
      },
      {
        "sku": "SKU014",
        "qty": 1,
        "unit_price": 9.9
      },
      {
        "sku": "SKU017",
        "qty": 2,
        "unit_price": 9.9
      }
    ]
  },
  {
    "order_id": "O202503220017",
    "customer_id": "C0414",
    "channel": "app",
    "created_at": "2025-03-22 11:24:13",
    "payment_status": "paid",
    "items": [
      {
        "sku": "SKU025",
        "qty": 2,
        "unit_price": 2.5
      },
      {
        "sku": "SKU003",
        "qty": 2,
        "unit_price": 2.5
      }
    ]
  },
  {
    "order_id": "O202503220018",
    "customer_id": "C0013",
    "channel": "app",
    "created_at": "2025-03-22 08:07:05",
    "payment_status": "paid",
    "items": [
      {
        "sku": "SKU046",
        "qty": 2,
        "unit_price": 2.5
      },
      {
        "sku": "SKU030",
        "qty": 1,
        "unit_price": 19.9
      },
      {
        "sku": "SKU007",
        "qty": 4,
        "unit_price": 12.5
      },
      {
        "sku": "SKU043",
        "qty": 2,
        "unit_price": 2.5
      }
    ]
  },
  {
    "order_id": "O202503220019",
    "customer_id": "C0073",
    "channel": "web",
    "created_at": "2025-03-22 12:52:38",
    "payment_status": "paid",
    "items": [
      {
        "sku": "SKU044",
        "qty": 1,
        "unit_price": 12.5
      }
    ]
  },
  {
    "order_id": "O202503220020",
    "customer_id": "C0444",
    "channel": "app",
    "created_at": "2025-03-22 10:14:08",
    "payment_status": "paid",
    "items": [
      {
        "sku": "SKU028",
        "qty": 5,
        "unit_price": 4.0
      },
      {
        "sku": "SKU029",
        "qty": 4,
        "unit_price": 8.0
      },
      {
        "sku": "SKU009",
        "qty": 5,
        "unit_price": 8.0
      }
    ]
  },
  {
    "order_id": "O202503220021",
    "customer_id": "C0800",
    "channel": "app",
    "created_at": "2025-03-22 07:21:00",
    "payment_status": "paid",
    "items": [
      {
        "sku": "SKU026",
        "qty": 1,
        "unit_price": 5.0
      },
      {
        "sku": "SKU023",
        "qty": 3,
        "unit_price": 7.5
      }
    ]
  },
  {
    "order_id": "O202503220022",
    "customer_id": "C0208",
    "channel": "web",
    "created_at": "2025-03-22 10:10:09",
    "payment_status": "paid",
    "items": [
      {
        "sku": "SKU045",
        "qty": 3,
        "unit_price": 12.5
      },
      {
        "sku": "SKU032",
        "qty": 2,
        "unit_price": 15.0
      }
    ]
  },
  {
    "order_id": "O202503220023",
    "customer_id": "C0555",
    "channel": "web",
    "created_at": "2025-03-22 18:53:27",
    "payment_status": "paid",
    "items": [
      {
        "sku": "SKU034",
        "qty": 2,
        "unit_price": 15.0
      },
      {
        "sku": "SKU043",
        "qty": 2,
        "unit_price": 8.0
      },
      {
        "sku": "SKU002",
        "qty": 1,
        "unit_price": 9.9
      }
    ]
  },
  {
    "order_id": "O202503220024",
    "customer_id": "C0158",
    "channel": "web",
    "created_at": "2025-03-22 12:07:46",
    "payment_status": "paid",
    "items": [
      {
        "sku": "SKU040",
        "qty": 4,
        "unit_price": 2.5
      }
    ]
  },
  {
    "order_id": "O202503220025",
    "customer_id": "C0156",
    "channel": "web",
    "created_at": "2025-03-22 17:49:06",
    "payment_status": "paid",
    "items": [
      {
        "sku": "SKU050",
        "qty": 1,
        "unit_price": 19.9
      },
      {
        "sku": "SKU050",
        "qty": 2,
        "unit_price": 9.9
      },
      {
        "sku": "SKU013",
        "qty": 1,
        "unit_price": 24.9
      }
    ]
  },
  {
    "order_id": "O202503220026",
    "customer_id": "C0151",
    "channel": "app",
    "created_at": "2025-03-22 16:30:40",
    "payment_status": "paid",
    "items": [
      {
        "sku": "SKU041",
        "qty": 1,
        "unit_price": 12.5
      }
    ]
  },
  {
    "order_id": "O202503220027",
    "customer_id": "C0041",
    "channel": "app",
    "created_at": "2025-03-22 17:23:19",
    "payment_status": "pending",
    "items": [
      {
        "sku": "SKU044",
        "qty": 5,
        "unit_price": 2.5
      },
      {
        "sku": "SKU002",
        "qty": 5,
        "unit_price": 19.9
      },
      {
        "sku": "SKU006",
        "qty": 1,
        "unit_price": 12.5
      },
      {
        "sku": "SKU030",
        "qty": 5,
        "unit_price": 19.9
      }
    ]
  },
  {
    "order_id": "O202503220028",
    "customer_id": "C0684",
    "channel": "web",
    "created_at": "2025-03-22 12:09:28",
    "payment_status": "paid",
    "items": [
      {
        "sku": "SKU036",
        "qty": 4,
        "unit_price": 12.5
      }
    ]
  },
  {
    "order_id": "O202503220029",
    "customer_id": "C0321",
    "channel": "app",
    "created_at": "2025-03-22 08:26:04",
    "payment_status": "paid",
    "items": [
      {
        "sku": "SKU005",
        "qty": 1,
        "unit_price": 8.0
      },
      {
        "sku": "SKU046",
        "qty": 3,
        "unit_price": 15.0
      },
      {
        "sku": "SKU038",
        "qty": 1,
        "unit_price": 19.9
      }
    ]
  },
  {
    "order_id": "O202503220030",
    "customer_id": "C0021",
    "channel": "web",
    "created_at": "2025-03-22 21:41:35",
    "payment_status": "paid",
    "items": [
      {
        "sku": "SKU049",
        "qty": 1,
        "unit_price": 9.9
      }
    ]
  },
  {
    "order_id": "O202503220031",
    "customer_id": "C0060",
    "channel": "app",
    "created_at": "2025-03-22 22:48:37",
    "payment_status": "paid",
    "items": [
      {
        "sku": "SKU011",
        "qty": 2,
        "unit_price": 8.0
      },
      {
        "sku": "SKU004",
        "qty": 3,
        "unit_price": 15.0
      }
    ]
  },
  {
    "order_id": "O202503220032",
    "customer_id": "C0631",
    "channel": "web",
    "created_at": "2025-03-22 22:07:59",
    "payment_status": "paid",
    "items": [
      {
        "sku": "SKU003",
        "qty": 5,
        "unit_price": 9.9
      },
      {
        "sku": "SKU035",
        "qty": 3,
        "unit_price": 2.5
      },
      {
        "sku": "SKU046",
        "qty": 1,
        "unit_price": 12.5
      }
    ]
  },
  {
    "order_id": "O202503220033",
    "customer_id": "C0227",
    "channel": "web",
    "created_at": "2025-03-22 19:29:53",
    "payment_status": "paid",
    "items": [
      {
        "sku": "SKU019",
        "qty": 2,
        "unit_price": 9.9
      }
    ]
  },
  {
    "order_id": "O202503220034",
    "customer_id": "C0749",
    "channel": "web",
    "created_at": "2025-03-22 16:19:57",
    "payment_status": "paid",
    "items": [
      {
        "sku": "SKU001",
        "qty": 2,
        "unit_price": 15.0
      }
    ]
  },
  {
    "order_id": "O202503220035",
    "customer_id": "C0187",
    "channel": "web",
    "created_at": "2025-03-22 20:36:00",
    "payment_status": "paid",
    "items": [
      {
        "sku": "SKU012",
        "qty": 4,
        "unit_price": 19.9
      },
      {
        "sku": "SKU029",
        "qty": 3,
        "unit_price": 19.9
      },
      {
        "sku": "SKU047",
        "qty": 2,
        "unit_price": 12.5
      }
    ]
  },
  {
    "order_id": "O202503220036",
    "customer_id": "C0127",
    "channel": "web",
    "created_at": "2025-03-22 16:44:27",
    "payment_status": "paid",
    "items": [
      {
        "sku": "SKU012",
        "qty": 5,
        "unit_price": 2.5
      },
      {
        "sku": "SKU027",
        "qty": 4,
        "unit_price": 24.9
      },
      {
        "sku": "SKU033",
        "qty": 2,
        "unit_price": 2.5
      },
      {
        "sku": "SKU021",
        "qty": 5,
        "unit_price": 2.5
      }
    ]
  },
  {
    "order_id": "O202503220037",
    "customer_id": "C0006",
    "channel": "web",
    "created_at": "2025-03-22 16:11:33",
    "payment_status": "paid",
    "items": [
      {
        "sku": "SKU031",
        "qty": 2,
        "unit_price": 24.9
      },
      {
        "sku": "SKU019",
        "qty": 1,
        "unit_price": 19.9
      }
    ]
  },
  {
    "order_id": "O202503220038",
    "customer_id": "C0514",
    "channel": "app",
    "created_at": "2025-03-22 17:16:39",
    "payment_status": "paid",
    "items": [
      {
        "sku": "SKU028",
        "qty": 1,
        "unit_price": 2.5
      },
      {
        "sku": "SKU038",
        "qty": 4,
        "unit_price": 8.0
      },
      {
        "sku": "SKU012",
        "qty": 5,
        "unit_price": 5.0
      }
    ]
  },
  {
    "order_id": "O202503220039",
    "customer_id": "C0663",
    "channel": "app",
    "created_at": "2025-03-22 14:20:33",
    "payment_status": "paid",
    "items": [
      {
        "sku": "SKU007",
        "qty": 5,
        "unit_price": 9.9
      },
      {
        "sku": "SKU020",
        "qty": 2,
        "unit_price": 19.9
      },
      {
        "sku": "SKU011",
        "qty": 4,
        "unit_price": 5.0
      }
    ]
  },
  {
    "order_id": "O202503220040",
    "customer_id": "C0143",
    "channel": "app",
    "created_at": "2025-03-22 11:48:09",
    "payment_status": "paid",
    "items": [
      {
        "sku": "SKU045",
        "qty": 5,
        "unit_price": 12.5
      },
      {
        "sku": "SKU028",
        "qty": 4,
        "unit_price": 15.0
      }
    ]
  },
  {
    "order_id": "O202503220041",
    "customer_id": "C0518",
    "channel": "web",
    "created_at": "2025-03-22 20:01:03",
    "payment_status": "paid",
    "items": [
      {
        "sku": "SKU017",
        "qty": 4,
        "unit_price": 8.0
      },
      {
        "sku": "SKU020",
        "qty": 2,
        "unit_price": 7.5
      }
    ]
  },
  {
    "order_id": "O202503220042",
    "customer_id": "C0480",
    "channel": "web",
    "created_at": "2025-03-22 08:43:06",
    "payment_status": "paid",
    "items": [
      {
        "sku": "SKU029",
        "qty": 5,
        "unit_price": 15.0
      },
      {
        "sku": "SKU013",
        "qty": 5,
        "unit_price": 2.5
      }
    ]
  },
  {
    "order_id": "O202503220043",
    "customer_id": "C0108",
    "channel": "app",
    "created_at": "2025-03-22 19:08:34",
    "payment_status": "paid",
    "items": [
      {
        "sku": "SKU034",
        "qty": 4,
        "unit_price": 7.5
      }
    ]
  },
  {
    "order_id": "O202503220044",
    "customer_id": "C0487",
    "channel": "app",
    "created_at": "2025-03-22 13:12:17",
    "payment_status": "paid",
    "items": [
      {
        "sku": "SKU005",
        "qty": 4,
        "unit_price": 19.9
      },
      {
        "sku": "SKU020",
        "qty": 3,
        "unit_price": 19.9
      },
      {
        "sku": "SKU039",
        "qty": 3,
        "unit_price": 5.0
      }
    ]
  },
  {
    "order_id": "O202503220045",
    "customer_id": "C0515",
    "channel": "app",
    "created_at": "2025-03-22 20:06:21",
    "payment_status": "paid",
    "items": [
      {
        "sku": "SKU024",
        "qty": 5,
        "unit_price": 2.5
      }
    ]
  },
  {
    "order_id": "O202503220046",
    "customer_id": "C0484",
    "channel": "app",
    "created_at": "2025-03-22 10:47:30",
    "payment_status": "paid",
    "items": [
      {
        "sku": "SKU014",
        "qty": 3,
        "unit_price": 15.0
      },
      {
        "sku": "SKU019",
        "qty": 4,
        "unit_price": 5.0
      },
      {
        "sku": "SKU005",
        "qty": 2,
        "unit_price": 12.5
      }
    ]
  },
  {
    "order_id": "O202503220047",
    "customer_id": "C0461",
    "channel": "web",
    "created_at": "2025-03-22 21:22:47",
    "payment_status": "paid",
    "items": [
      {
        "sku": "SKU036",
        "qty": 4,
        "unit_price": 19.9
      },
      {
        "sku": "SKU005",
        "qty": 3,
        "unit_price": 7.5
      },
      {
        "sku": "SKU030",
        "qty": 4,
        "unit_price": 2.5
      },
      {
        "sku": "SKU017",
        "qty": 3,
        "unit_price": 9.9
      }
    ]
  },
  {
    "order_id": "O202503220048",
    "customer_id": "C0534",
    "channel": "app",
    "created_at": "2025-03-22 19:33:42",
    "payment_status": "paid",
    "items": [
      {
        "sku": "SKU014",
        "qty": 2,
        "unit_price": 4.0
      },
      {
        "sku": "SKU021",
        "qty": 1,
        "unit_price": 7.5
      },
      {
        "sku": "SKU029",
        "qty": 2,
        "unit_price": 9.9
      }
    ]
  },
  {
    "order_id": "O202503220049",
    "customer_id": "C0691",
    "channel": "app",
    "created_at": "2025-03-22 07:59:18",
    "payment_status": "paid",
    "items": [
      {
        "sku": "SKU039",
        "qty": 5,
        "unit_price": 9.9
      }
    ]
  },
  {
    "order_id": "O202503220050",
    "customer_id": "C0750",
    "channel": "app",
    "created_at": "2025-03-22 17:23:59",
    "payment_status": "paid",
    "items": [
      {
        "sku": "SKU026",
        "qty": 4,
        "unit_price": 8.0
      },
      {
        "sku": "SKU002",
        "qty": 1,
        "unit_price": 5.0
      }
    ]
  },
  {
    "order_id": "O202503220051",
    "customer_id": "C0299",
    "channel": "web",
    "created_at": "2025-03-22 21:30:03",
    "payment_status": "paid",
    "items": [
      {
        "sku": "SKU042",
        "qty": 1,
        "unit_price": 7.5
      },
      {
        "sku": "SKU036",
        "qty": 3,
        "unit_price": 12.5
      },
      {
        "sku": "SKU006",
        "qty": 4,
        "unit_price": 7.5
      }
    ]
  },
  {
    "order_id": "O202503220052",
    "customer_id": "C0126",
    "channel": "web",
    "created_at": "2025-03-22 22:35:12",
    "payment_status": "paid",
    "items": [
      {
        "sku": "SKU050",
        "qty": 3,
        "unit_price": 2.5
      },
      {
        "sku": "SKU030",
        "qty": 5,
        "unit_price": 15.0
      },
      {
        "sku": "SKU006",
        "qty": 5,
        "unit_price": 8.0
      }
    ]
  },
  {
    "order_id": "O202503220053",
    "customer_id": "C0127",
    "channel": "web",
    "created_at": "2025-03-22 10:07:14",
    "payment_status": "paid",
    "items": [
      {
        "sku": "SKU021",
        "qty": 2,
        "unit_price": 12.5
      },
      {
        "sku": "SKU030",
        "qty": 5,
        "unit_price": 8.0
      }
    ]
  },
  {
    "order_id": "O202503220054",
    "customer_id": "C0090",
    "channel": "app",
    "created_at": "2025-03-22 17:47:26",
    "payment_status": "pending",
    "items": [
      {
        "sku": "SKU021",
        "qty": 2,
        "unit_price": 19.9
      },
      {
        "sku": "SKU032",
        "qty": 1,
        "unit_price": 19.9
      },
      {
        "sku": "SKU004",
        "qty": 2,
        "unit_price": 2.5
      }
    ]
  },
  {
    "order_id": "O202503220055",
    "customer_id": "C0228",
    "channel": "web",
    "created_at": "2025-03-22 18:09:07",
    "payment_status": "paid",
    "items": [
      {
        "sku": "SKU040",
        "qty": 5,
        "unit_price": 8.0
      },
      {
        "sku": "SKU007",
        "qty": 1,
        "unit_price": 12.5
      },
      {
        "sku": "SKU042",
        "qty": 3,
        "unit_price": 15.0
      },
      {
        "sku": "SKU048",
        "qty": 2,
        "unit_price": 12.5
      }
    ]
  },
  {
    "order_id": "O202503220056",
    "customer_id": "C0629",
    "channel": "app",
    "created_at": "2025-03-22 18:09:29",
    "payment_status": "paid",
    "items": [
      {
        "sku": "SKU032",
        "qty": 2,
        "unit_price": 8.0
      },
      {
        "sku": "SKU031",
        "qty": 2,
        "unit_price": 5.0
      }
    ]
  },
  {
    "order_id": "O202503220057",
    "customer_id": "C0188",
    "channel": "web",
    "created_at": "2025-03-22 10:20:56",
    "payment_status": "paid",
    "items": [
      {
        "sku": "SKU020",
        "qty": 3,
        "unit_price": 12.5
      },
      {
        "sku": "SKU021",
        "qty": 2,
        "unit_price": 24.9
      },
      {
        "sku": "SKU010",
        "qty": 1,
        "unit_price": 2.5
      }
    ]
  },
  {
    "order_id": "O202503220058",
    "customer_id": "C0656",
    "channel": "web",
    "created_at": "2025-03-22 12:18:19",
    "payment_status": "paid",
    "items": [
      {
        "sku": "SKU039",
        "qty": 4,
        "unit_price": 9.9
      },
      {
        "sku": "SKU033",
        "qty": 5,
        "unit_price": 12.5
      },
      {
        "sku": "SKU001",
        "qty": 5,
        "unit_price": 7.5
      }
    ]
  },
  {
    "order_id": "O202503220059",
    "customer_id": "C0190",
    "channel": "web",
    "created_at": "2025-03-22 15:29:53",
    "payment_status": "pending",
    "items": [
      {
        "sku": "SKU009",
        "qty": 5,
        "unit_price": 2.5
      }
    ]
  },
  {
    "order_id": "O202503220060",
    "customer_id": "C0434",
    "channel": "app",
    "created_at": "2025-03-22 09:24:59",
    "payment_status": "paid",
    "items": [
      {
        "sku": "SKU045",
        "qty": 1,
        "unit_price": 4.0
      },
      {
        "sku": "SKU023",
        "qty": 1,
        "unit_price": 8.0
      }
    ]
  },
  {
    "order_id": "O202503220061",
    "customer_id": "C0255",
    "channel": "web",
    "created_at": "2025-03-22 08:50:05",
    "payment_status": "paid",
    "items": [
      {
        "sku": "SKU024",
        "qty": 4,
        "unit_price": 2.5
      },
      {
        "sku": "SKU044",
        "qty": 3,
        "unit_price": 19.9
      },
      {
        "sku": "SKU037",
        "qty": 5,
        "unit_price": 7.5
      }
    ]
  },
  {
    "order_id": "O202503220062",
    "customer_id": "C0037",
    "channel": "web",
    "created_at": "2025-03-22 17:55:39",
    "payment_status": "paid",
    "items": [
      {
        "sku": "SKU050",
        "qty": 1,
        "unit_price": 7.5
      }
    ]
  },
  {
    "order_id": "O202503220063",
    "customer_id": "C0267",
    "channel": "app",
    "created_at": "2025-03-22 08:49:35",
    "payment_status": "paid",
    "items": [
      {
        "sku": "SKU015",
        "qty": 4,
        "unit_price": 8.0
      },
      {
        "sku": "SKU014",
        "qty": 4,
        "unit_price": 2.5
      },
      {
        "sku": "SKU004",
        "qty": 4,
        "unit_price": 15.0
      },
      {
        "sku": "SKU034",
        "qty": 1,
        "unit_price": 7.5
      }
    ]
  },
  {
    "order_id": "O202503220064",
    "customer_id": "C0370",
    "channel": "web",
    "created_at": "2025-03-22 18:39:05",
    "payment_status": "paid",
    "items": [
      {
        "sku": "SKU011",
        "qty": 5,
        "unit_price": 9.9
      }
    ]
  },
  {
    "order_id": "O202503220065",
    "customer_id": "C0141",
    "channel": "app",
    "created_at": "2025-03-22 17:55:27",
    "payment_status": "paid",
    "items": [
      {
        "sku": "SKU025",
        "qty": 3,
        "unit_price": 15.0
      },
      {
        "sku": "SKU034",
        "qty": 2,
        "unit_price": 7.5
      },
      {
        "sku": "SKU020",
        "qty": 1,
        "unit_price": 4.0
      }
    ]
  },
  {
    "order_id": "O202503220066",
    "customer_id": "C0317",
    "channel": "web",
    "created_at": "2025-03-22 09:58:08",
    "payment_status": "paid",
    "items": [
      {
        "sku": "SKU047",
        "qty": 5,
        "unit_price": 7.5
      }
    ]
  },
  {
    "order_id": "O202503220067",
    "customer_id": "C0145",
    "channel": "app",
    "created_at": "2025-03-22 10:21:16",
    "payment_status": "paid",
    "items": [
      {
        "sku": "SKU022",
        "qty": 2,
        "unit_price": 8.0
      }
    ]
  },
  {
    "order_id": "O202503220068",
    "customer_id": "C0675",
    "channel": "web",
    "created_at": "2025-03-22 13:13:45",
    "payment_status": "paid",
    "items": [
      {
        "sku": "SKU019",
        "qty": 5,
        "unit_price": 5.0
      }
    ]
  },
  {
    "order_id": "O202503220069",
    "customer_id": "C0319",
    "channel": "web",
    "created_at": "2025-03-22 13:12:57",
    "payment_status": "paid",
    "items": [
      {
        "sku": "SKU045",
        "qty": 2,
        "unit_price": 9.9
      }
    ]
  },
  {
    "order_id": "O202503220070",
    "customer_id": "C0496",
    "channel": "app",
    "created_at": "2025-03-22 10:56:49",
    "payment_status": "paid",
    "items": [
      {
        "sku": "SKU013",
        "qty": 4,
        "unit_price": 19.9
      },
      {
        "sku": "SKU018",
        "qty": 4,
        "unit_price": 12.5
      },
      {
        "sku": "SKU047",
        "qty": 1,
        "unit_price": 5.0
      }
    ]
  },
  {
    "order_id": "O202503220071",
    "customer_id": "C0717",
    "channel": "app",
    "created_at": "2025-03-22 19:50:59",
    "payment_status": "paid",
    "items": [
      {
        "sku": "SKU033",
        "qty": 5,
        "unit_price": 7.5
      },
      {
        "sku": "SKU011",
        "qty": 2,
        "unit_price": 8.0
      },
      {
        "sku": "SKU011",
        "qty": 2,
        "unit_price": 5.0
      }
    ]
  },
  {
    "order_id": "O202503220072",
    "customer_id": "C0365",
    "channel": "app",
    "created_at": "2025-03-22 15:32:24",
    "payment_status": "paid",
    "items": [
      {
        "sku": "SKU043",
        "qty": 3,
        "unit_price": 4.0
      },
      {
        "sku": "SKU022",
        "qty": 3,
        "unit_price": 19.9
      },
      {
        "sku": "SKU026",
        "qty": 1,
        "unit_price": 12.5
      }
    ]
  },
  {
    "order_id": "O202503220073",
    "customer_id": "C0476",
    "channel": "web",
    "created_at": "2025-03-22 11:34:54",
    "payment_status": "paid",
    "items": [
      {
        "sku": "SKU003",
        "qty": 2,
        "unit_price": 19.9
      },
      {
        "sku": "SKU025",
        "qty": 4,
        "unit_price": 8.0
      }
    ]
  },
  {
    "order_id": "O202503220074",
    "customer_id": "C0587",
    "channel": "web",
    "created_at": "2025-03-22 09:42:56",
    "payment_status": "paid",
    "items": [
      {
        "sku": "SKU011",
        "qty": 5,
        "unit_price": 15.0
      },
      {
        "sku": "SKU034",
        "qty": 3,
        "unit_price": 19.9
      }
    ]
  },
  {
    "order_id": "O202503220075",
    "customer_id": "C0365",
    "channel": "web",
    "created_at": "2025-03-22 14:31:36",
    "payment_status": "paid",
    "items": [
      {
        "sku": "SKU024",
        "qty": 3,
        "unit_price": 24.9
      }
    ]
  },
  {
    "order_id": "O202503220076",
    "customer_id": "C0703",
    "channel": "app",
    "created_at": "2025-03-22 21:46:15",
    "payment_status": "paid",
    "items": [
      {
        "sku": "SKU045",
        "qty": 1,
        "unit_price": 8.0
      },
      {
        "sku": "SKU044",
        "qty": 2,
        "unit_price": 12.5
      },
      {
        "sku": "SKU014",
        "qty": 4,
        "unit_price": 15.0
      }
    ]
  },
  {
    "order_id": "O202503220077",
    "customer_id": "C0552",
    "channel": "app",
    "created_at": "2025-03-22 19:16:12",
    "payment_status": "paid",
    "items": [
      {
        "sku": "SKU021",
        "qty": 1,
        "unit_price": 7.5
      },
      {
        "sku": "SKU033",
        "qty": 1,
        "unit_price": 24.9
      },
      {
        "sku": "SKU044",
        "qty": 2,
        "unit_price": 15.0
      }
    ]
  },
  {
    "order_id": "O202503220078",
    "customer_id": "C0419",
    "channel": "app",
    "created_at": "2025-03-22 09:51:42",
    "payment_status": "paid",
    "items": [
      {
        "sku": "SKU020",
        "qty": 1,
        "unit_price": 5.0
      },
      {
        "sku": "SKU048",
        "qty": 3,
        "unit_price": 5.0
      },
      {
        "sku": "SKU027",
        "qty": 5,
        "unit_price": 2.5
      }
    ]
  },
  {
    "order_id": "O202503220079",
    "customer_id": "C0042",
    "channel": "app",
    "created_at": "2025-03-22 12:15:43",
    "payment_status": "paid",
    "items": [
      {
        "sku": "SKU050",
        "qty": 3,
        "unit_price": 15.0
      },
      {
        "sku": "SKU002",
        "qty": 3,
        "unit_price": 19.9
      }
    ]
  },
  {
    "order_id": "O202503220080",
    "customer_id": "C0583",
    "channel": "app",
    "created_at": "2025-03-22 09:17:22",
    "payment_status": "paid",
    "items": [
      {
        "sku": "SKU046",
        "qty": 4,
        "unit_price": 9.9
      },
      {
        "sku": "SKU037",
        "qty": 4,
        "unit_price": 2.5
      },
      {
        "sku": "SKU043",
        "qty": 1,
        "unit_price": 12.5
      }
    ]
  },
  {
    "order_id": "O202503220081",
    "customer_id": "C0449",
    "channel": "app",
    "created_at": "2025-03-22 16:25:11",
    "payment_status": "paid",
    "items": [
      {
        "sku": "SKU027",
        "qty": 2,
        "unit_price": 7.5
      },
      {
        "sku": "SKU019",
        "qty": 5,
        "unit_price": 24.9
      },
      {
        "sku": "SKU046",
        "qty": 5,
        "unit_price": 15.0
      },
      {
        "sku": "SKU004",
        "qty": 1,
        "unit_price": 9.9
      }
    ]
  },
  {
    "order_id": "O202503220082",
    "customer_id": "C0004",
    "channel": "app",
    "created_at": "2025-03-22 18:58:16",
    "payment_status": "paid",
    "items": [
      {
        "sku": "SKU015",
        "qty": 2,
        "unit_price": 24.9
      },
      {
        "sku": "SKU034",
        "qty": 3,
        "unit_price": 5.0
      },
      {
        "sku": "SKU018",
        "qty": 5,
        "unit_price": 8.0
      },
      {
        "sku": "SKU024",
        "qty": 4,
        "unit_price": 4.0
      }
    ]
  },
  {
    "order_id": "O202503220083",
    "customer_id": "C0712",
    "channel": "web",
    "created_at": "2025-03-22 22:51:54",
    "payment_status": "paid",
    "items": [
      {
        "sku": "SKU018",
        "qty": 1,
        "unit_price": 7.5
      },
      {
        "sku": "SKU010",
        "qty": 2,
        "unit_price": 5.0
      },
      {
        "sku": "SKU047",
        "qty": 2,
        "unit_price": 24.9
      },
      {
        "sku": "SKU015",
        "qty": 2,
        "unit_price": 7.5
      }
    ]
  },
  {
    "order_id": "O202503220084",
    "customer_id": "C0176",
    "channel": "app",
    "created_at": "2025-03-22 07:23:29",
    "payment_status": "paid",
    "items": [
      {
        "sku": "SKU028",
        "qty": 1,
        "unit_price": 7.5
      }
    ]
  },
  {
    "order_id": "O202503220085",
    "customer_id": "C0376",
    "channel": "web",
    "created_at": "2025-03-22 17:44:37",
    "payment_status": "paid",
    "items": [
      {
        "sku": "SKU025",
        "qty": 4,
        "unit_price": 5.0
      },
      {
        "sku": "SKU021",
        "qty": 4,
        "unit_price": 4.0
      },
      {
        "sku": "SKU043",
        "qty": 2,
        "unit_price": 8.0
      },
      {
        "sku": "SKU044",
        "qty": 1,
        "unit_price": 9.9
      }
    ]
  },
  {
    "order_id": "O202503220086",
    "customer_id": "C0096",
    "channel": "app",
    "created_at": "2025-03-22 13:12:31",
    "payment_status": "paid",
    "items": [
      {
        "sku": "SKU011",
        "qty": 5,
        "unit_price": 7.5
      }
    ]
  },
  {
    "order_id": "O202503220087",
    "customer_id": "C0707",
    "channel": "web",
    "created_at": "2025-03-22 14:58:37",
    "payment_status": "paid",
    "items": [
      {
        "sku": "SKU029",
        "qty": 5,
        "unit_price": 12.5
      },
      {
        "sku": "SKU022",
        "qty": 2,
        "unit_price": 8.0
      },
      {
        "sku": "SKU001",
        "qty": 2,
        "unit_price": 8.0
      },
      {
        "sku": "SKU019",
        "qty": 3,
        "unit_price": 7.5
      }
    ]
  },
  {
    "order_id": "O202503220088",
    "customer_id": "C0243",
    "channel": "app",
    "created_at": "2025-03-22 18:51:09",
    "payment_status": "paid",
    "items": [
      {
        "sku": "SKU050",
        "qty": 1,
        "unit_price": 24.9
      }
    ]
  },
  {
    "order_id": "O202503220089",
    "customer_id": "C0184",
    "channel": "app",
    "created_at": "2025-03-22 11:10:46",
    "payment_status": "paid",
    "items": [
      {
        "sku": "SKU004",
        "qty": 1,
        "unit_price": 7.5
      },
      {
        "sku": "SKU044",
        "qty": 2,
        "unit_price": 19.9
      },
      {
        "sku": "SKU032",
        "qty": 4,
        "unit_price": 4.0
      }
    ]
  },
  {
    "order_id": "O202503220090",
    "customer_id": "C0492",
    "channel": "app",
    "created_at": "2025-03-22 08:09:18",
    "payment_status": "paid",
    "items": [
      {
        "sku": "SKU031",
        "qty": 4,
        "unit_price": 2.5
      }
    ]
  },
  {
    "order_id": "O202503220091",
    "customer_id": "C0167",
    "channel": "app",
    "created_at": "2025-03-22 22:54:58",
    "payment_status": "paid",
    "items": [
      {
        "sku": "SKU007",
        "qty": 2,
        "unit_price": 15.0
      },
      {
        "sku": "SKU001",
        "qty": 5,
        "unit_price": 7.5
      },
      {
        "sku": "SKU034",
        "qty": 5,
        "unit_price": 12.5
      }
    ]
  },
  {
    "order_id": "O202503220092",
    "customer_id": "C0080",
    "channel": "web",
    "created_at": "2025-03-22 15:12:58",
    "payment_status": "failed",
    "items": [
      {
        "sku": "SKU004",
        "qty": 3,
        "unit_price": 15.0
      },
      {
        "sku": "SKU036",
        "qty": 2,
        "unit_price": 5.0
      },
      {
        "sku": "SKU039",
        "qty": 5,
        "unit_price": 5.0
      },
      {
        "sku": "SKU042",
        "qty": 4,
        "unit_price": 4.0
      }
    ]
  },
  {
    "order_id": "O202503220093",
    "customer_id": "C0781",
    "channel": "web",
    "created_at": "2025-03-22 08:13:58",
    "payment_status": "pending",
    "items": [
      {
        "sku": "SKU043",
        "qty": 3,
        "unit_price": 5.0
      }
    ]
  },
  {
    "order_id": "O202503220094",
    "customer_id": "C0126",
    "channel": "web",
    "created_at": "2025-03-22 13:08:32",
    "payment_status": "paid",
    "items": [
      {
        "sku": "SKU029",
        "qty": 2,
        "unit_price": 15.0
      },
      {
        "sku": "SKU027",
        "qty": 3,
        "unit_price": 9.9
      }
    ]
  },
  {
    "order_id": "O202503220095",
    "customer_id": "C0622",
    "channel": "web",
    "created_at": "2025-03-22 07:32:04",
    "payment_status": "paid",
    "items": [
      {
        "sku": "SKU030",
        "qty": 2,
        "unit_price": 4.0
      },
      {
        "sku": "SKU044",
        "qty": 3,
        "unit_price": 15.0
      },
      {
        "sku": "SKU018",
        "qty": 1,
        "unit_price": 5.0
      },
      {
        "sku": "SKU033",
        "qty": 4,
        "unit_price": 8.0
      }
    ]
  },
  {
    "order_id": "O202503220096",
    "customer_id": "C0286",
    "channel": "web",
    "created_at": "2025-03-22 13:28:03",
    "payment_status": "paid",
    "items": [
      {
        "sku": "SKU024",
        "qty": 1,
        "unit_price": 9.9
      },
      {
        "sku": "SKU047",
        "qty": 2,
        "unit_price": 12.5
      },
      {
        "sku": "SKU033",
        "qty": 4,
        "unit_price": 2.5
      },
      {
        "sku": "SKU040",
        "qty": 5,
        "unit_price": 12.5
      }
    ]
  },
  {
    "order_id": "O202503220097",
    "customer_id": "C0540",
    "channel": "web",
    "created_at": "2025-03-22 17:37:11",
    "payment_status": "paid",
    "items": [
      {
        "sku": "SKU040",
        "qty": 1,
        "unit_price": 7.5
      }
    ]
  },
  {
    "order_id": "O202503220098",
    "customer_id": "C0600",
    "channel": "web",
    "created_at": "2025-03-22 09:13:17",
    "payment_status": "pending",
    "items": [
      {
        "sku": "SKU003",
        "qty": 5,
        "unit_price": 24.9
      },
      {
        "sku": "SKU044",
        "qty": 1,
        "unit_price": 24.9
      },
      {
        "sku": "SKU023",
        "qty": 5,
        "unit_price": 7.5
      },
      {
        "sku": "SKU017",
        "qty": 2,
        "unit_price": 5.0
      }
    ]
  },
  {
    "order_id": "O202503220099",
    "customer_id": "C0755",
    "channel": "app",
    "created_at": "2025-03-22 21:57:21",
    "payment_status": "paid",
    "items": [
      {
        "sku": "SKU036",
        "qty": 5,
        "unit_price": 12.5
      },
      {
        "sku": "SKU034",
        "qty": 2,
        "unit_price": 4.0
      }
    ]
  },
  {
    "order_id": "O202503220100",
    "customer_id": "C0225",
    "channel": "web",
    "created_at": "2025-03-22 12:12:08",
    "payment_status": "pending",
    "items": [
      {
        "sku": "SKU040",
        "qty": 4,
        "unit_price": 2.5
      },
      {
        "sku": "SKU025",
        "qty": 4,
        "unit_price": 4.0
      }
    ]
  },
  {
    "order_id": "O202503220088",
    "customer_id": "C0243",
    "channel": "app",
    "created_at": "2025-03-22 18:51:09",
    "payment_status": "paid",
    "items": [
      {
        "sku": "SKU050",
        "qty": 1,
        "unit_price": 24.9
      }
    ]
  },
  {
    "order_id": "O202503220009",
    "customer_id": "C0591",
    "channel": "app",
    "created_at": "2025-03-22 07:18:20",
    "payment_status": "pending",
    "items": [
      {
        "sku": "SKU008",
        "qty": 3,
        "unit_price": 24.9
      },
      {
        "sku": "SKU008",
        "qty": 5,
        "unit_price": 2.5
      },
      {
        "sku": "SKU007",
        "qty": 4,
        "unit_price": 12.5
      }
    ]
  },
  {
    "order_id": "O202503220061",
    "customer_id": "C0255",
    "channel": "web",
    "created_at": "2025-03-22 08:50:05",
    "payment_status": "paid",
    "items": [
      {
        "sku": "SKU024",
        "qty": 4,
        "unit_price": 2.5
      },
      {
        "sku": "SKU044",
        "qty": 3,
        "unit_price": 19.9
      },
      {
        "sku": "SKU037",
        "qty": 5,
        "unit_price": 7.5
      }
    ]
  }
]