[
  {
    "order_id": "O202503230001",
    "customer_id": "C0044",
    "channel": "web",
    "created_at": "2025-03-23 17:40:32",
    "payment_status": "paid",
    "items": [
      {
        "sku": "SKU048",
        "qty": 2,
        "unit_price": 12.5
      },
      {
        "sku": "SKU012",
        "qty": 1,
        "unit_price": 5.0
      },
      {
        "sku": "SKU008",
        "qty": 2,
        "unit_price": 7.5
      }
    ]
  },
  {
    "order_id": "O202503230002",
    "customer_id": "C0462",
    "channel": "web",
    "created_at": "2025-03-23 22:03:28",
    "payment_status": "paid",
    "items": [
      {
        "sku": "SKU050",
        "qty": 2,
        "unit_price": -9.9
      }
    ]
  },
  {
    "order_id": "O202503230003",
    "customer_id": "C0378",
    "channel": "web",
    "created_at": "2025-03-23 21:18:03",
    "payment_status": "paid",
    "items": [
      {
        "sku": "SKU049",
        "qty": 2,
        "unit_price": 24.9
      },
      {
        "sku": "SKU002",
        "qty": 5,
        "unit_price": 4.0
      }
    ]
  },
  {
    "order_id": "O202503230004",
    "customer_id": "C0439",
    "channel": "app",
    "created_at": "2025-03-23 12:43:20",
    "payment_status": "paid",
    "items": [
      {
        "sku": "SKU036",
        "qty": 3,
        "unit_price": 12.5
      },
      {
        "sku": "SKU028",
        "qty": 3,
        "unit_price": 2.5
      },
      {
        "sku": "SKU027",
        "qty": 1,
        "unit_price": 7.5
      }
    ]
  },
  {
    "order_id": "O202503230005",
    "customer_id": "C0396",
    "channel": "web",
    "created_at": "2025-03-23 15:37:13",
    "payment_status": "paid",
    "items": [
      {
        "sku": "SKU006",
        "qty": 4,
        "unit_price": 19.9
      },
      {
        "sku": "SKU039",
        "qty": 1,
        "unit_price": 8.0
      },
      {
        "sku": "SKU011",
        "qty": 2,
        "unit_price": 24.9
      }
    ]
  },
  {
    "order_id": "O202503230006",
    "customer_id": "C0233",
    "channel": "web",
    "created_at": "2025-03-23 18:18:01",
    "payment_status": "paid",
    "items": [
      {
        "sku": "SKU015",
        "qty": 4,
        "unit_price": 5.0
      }
    ]
  },
  {
    "order_id": "O202503230007",
    "customer_id": "C0156",
    "channel": "app",
    "created_at": "2025-03-23 07:12:05",
    "payment_status": "paid",
    "items": [
      {
        "sku": "SKU043",
        "qty": 1,
        "unit_price": 9.9
      }
    ]
  },
  {
    "order_id": "O202503230008",
    "customer_id": "C0445",
    "channel": "web",
    "created_at": "2025-03-23 12:54:16",
    "payment_status": "paid",
    "items": [
      {
        "sku": "SKU048",
        "qty": 4,
        "unit_price": 5.0
      },
      {
        "sku": "SKU047",
        "qty": 3,
        "unit_price": 8.0
      }
    ]
  },
  {
    "order_id": "O202503230009",
    "customer_id": "C0091",
    "channel": "web",
    "created_at": "2025-03-23 08:33:36",
    "payment_status": "paid",
    "items": [
      {
        "sku": "SKU009",
        "qty": 4,
        "unit_price": 5.0
      },
      {
        "sku": "SKU038",
        "qty": 1,
        "unit_price": 12.5
      }
    ]
  },
  {
    "order_id": "O202503230010",
    "customer_id": "C0210",
    "channel": "app",
    "created_at": "2025-03-23 12:54:06",
    "payment_status": "paid",
    "items": [
      {
        "sku": "SKU002",
        "qty": 4,
        "unit_price": 2.5
      }
    ]
  },
  {
    "order_id": "O202503230011",
    "customer_id": "C0276",
    "channel": "web",
    "created_at": "2025-03-23 19:32:02",
    "payment_status": "paid",
    "items": [
      {
        "sku": "SKU032",
        "qty": 1,
        "unit_price": 5.0
      },
      {
        "sku": "SKU016",
        "qty": 1,
        "unit_price": 2.5
      }
    ]
  },
  {
    "order_id": "O202503230012",
    "customer_id": "C0109",
    "channel": "app",
    "created_at": "2025-03-23 12:45:28",
    "payment_status": "paid",
    "items": [
      {
        "sku": "SKU008",
        "qty": 2,
        "unit_price": 2.5
      },
      {
        "sku": "SKU046",
        "qty": 4,
        "unit_price": 7.5
      },
      {
        "sku": "SKU018",
        "qty": 5,
        "unit_price": 2.5
      },
      {
        "sku": "SKU043",
        "qty": 1,
        "unit_price": 19.9
      }
    ]
  },
  {
    "order_id": "O202503230013",
    "customer_id": "C0328",
    "channel": "web",
    "created_at": "2025-03-23 13:54:36",
    "payment_status": "paid",
    "items": [
      {
        "sku": "SKU046",
        "qty": 2,
        "unit_price": 7.5
      },
      {
        "sku": "SKU016",
        "qty": 4,
        "unit_price": 7.5
      },
      {
        "sku": "SKU010",
        "qty": 1,
        "unit_price": 5.0
      },
      {
        "sku": "SKU032",
        "qty": 4,
        "unit_price": 15.0
      }
    ]
  },
  {
    "order_id": "O202503230014",
    "customer_id": "C0641",
    "channel": "app",
    "created_at": "2025-03-23 10:52:47",
    "payment_status": "paid",
    "items": [
      {
        "sku": "SKU044",
        "qty": 2,
        "unit_price": 2.5
      },
      {
        "sku": "SKU010",
        "qty": 4,
        "unit_price": 4.0
      }
    ]
  },
  {
    "order_id": "O202503230015",
    "customer_id": "C0578",
    "channel": "web",
    "created_at": "2025-03-23 22:18:16",
    "payment_status": "pending",
    "items": [
      {
        "sku": "SKU011",
        "qty": 2,
        "unit_price": 9.9
      },
      {
        "sku": "SKU038",
        "qty": 5,
        "unit_price": 15.0
      }
    ]
  },
  {
    "order_id": "O202503230016",
    "customer_id": "C0731",
    "channel": "app",
    "created_at": "2025-03-23 09:07:19",
    "payment_status": "paid",
    "items": [
      {
        "sku": "SKU018",
        "qty": 2,
        "unit_price": 8.0
      }
    ]
  },
  {
    "order_id": "O202503230017",
    "customer_id": "C0794",
    "channel": "web",
    "created_at": "2025-03-23 22:37:30",
    "payment_status": "paid",
    "items": [
      {
        "sku": "SKU032",
        "qty": 3,
        "unit_price": 12.5
      },
      {
        "sku": "SKU044",
        "qty": 3,
        "unit_price": 19.9
      },
      {
        "sku": "SKU048",
        "qty": 2,
        "unit_price": 15.0
      },
      {
        "sku": "SKU041",
        "qty": 3,
        "unit_price": 2.5
      }
    ]
  },
  {
    "order_id": "O202503230018",
    "customer_id": "C0195",
    "channel": "web",
    "created_at": "2025-03-23 11:58:40",
    "payment_status": "paid",
    "items": [
      {
        "sku": "SKU050",
        "qty": 1,
        "unit_price": -9.9
      },
      {
        "sku": "SKU004",
        "qty": 4,
        "unit_price": 19.9
      }
    ]
  },
  {
    "order_id": "O202503230019",
    "customer_id": "C0721",
    "channel": "web",
    "created_at": "2025-03-23 22:55:32",
    "payment_status": "paid",
    "items": [
      {
        "sku": "SKU028",
        "qty": 3,
        "unit_price": 24.9
      },
      {
        "sku": "SKU007",
        "qty": 4,
        "unit_price": 8.0
      }
    ]
  },
  {
    "order_id": "O202503230020",
    "customer_id": "C0381",
    "channel": "web",
    "created_at": "2025-03-23 20:34:42",
    "payment_status": "paid",
    "items": [
      {
        "sku": "SKU021",
        "qty": 3,
        "unit_price": 19.9
      },
      {
        "sku": "SKU012",
        "qty": 3,
        "unit_price": 12.5
      },
      {
        "sku": "SKU033",
        "qty": 5,
        "unit_price": 24.9
      },
      {
        "sku": "SKU046",
        "qty": 4,
        "unit_price": 2.5
      }
    ]
  },
  {
    "order_id": "O202503230021",
    "customer_id": "C0634",
    "channel": "app",
    "created_at": "2025-03-23 21:46:18",
    "payment_status": "paid",
    "items": [
      {
        "sku": "SKU043",
        "qty": 2,
        "unit_price": 9.9
      },
      {
        "sku": "SKU020",
        "qty": 2,
        "unit_price": 19.9
      },
      {
        "sku": "SKU043",
        "qty": 5,
        "unit_price": 12.5
      }
    ]
  },
  {
    "order_id": "O202503230022",
    "customer_id": "C0007",
    "channel": "app",
    "created_at": "2025-03-23 10:50:38",
    "payment_status": "paid",
    "items": [
      {
        "sku": "SKU050",
        "qty": 2,
        "unit_price": 4.0
      },
      {
        "sku": "SKU026",
        "qty": 1,
        "unit_price": 7.5
      }
    ]
  },
  {
    "order_id": "O202503230023",
    "customer_id": "C0466",
    "channel": "web",
    "created_at": "2025-03-23 15:54:13",
    "payment_status": "paid",
    "items": [
      {
        "sku": "SKU014",
        "qty": 2,
        "unit_price": 8.0
      },
      {
        "sku": "SKU045",
        "qty": 2,
        "unit_price": 24.9
      }
    ]
  },
  {
    "order_id": "O202503230024",
    "customer_id": "C0056",
    "channel": "web",
    "created_at": "2025-03-23 14:48:35",
    "payment_status": "paid",
    "items": [
      {
        "sku": "SKU001",
        "qty": 1,
        "unit_price": 7.5
      },
      {
        "sku": "SKU014",
        "qty": 3,
        "unit_price": 5.0
      }
    ]
  },
  {
    "order_id": "O202503230025",
    "customer_id": "C0420",
    "channel": "app",
    "created_at": "2025-03-23 14:22:58",
    "payment_status": "paid",
    "items": [
      {
        "sku": "SKU037",
        "qty": 4,
        "unit_price": 9.9
      }
    ]
  },
  {
    "order_id": "O202503230026",
    "customer_id": "C0330",
    "channel": "web",
    "created_at": "2025-03-23 19:29:09",
    "payment_status": "paid",
    "items": [
      {
        "sku": "SKU019",
        "qty": 4,
        "unit_price": 7.5
      },
      {
        "sku": "SKU017",
        "qty": 3,
        "unit_price": 8.0
      },
      {
        "sku": "SKU032",
        "qty": 4,
        "unit_price": 24.9
      }
    ]
  },
  {
    "order_id": "O202503230027",
    "customer_id": "C0135",
    "channel": "app",
    "created_at": "2025-03-23 07:56:53",
    "payment_status": "paid",
    "items": [
      {
        "sku": "SKU046",
        "qty": 5,
        "unit_price": 2.5
      },
      {
        "sku": "SKU037",
        "qty": 5,
        "unit_price": 15.0
      },
      {
        "sku": "SKU050",
        "qty": 3,
        "unit_price": 19.9
      }
    ]
  },
  {
    "order_id": "O202503230028",
    "customer_id": "C0062",
    "channel": "web",
    "created_at": "2025-03-23 19:36:37",
    "payment_status": "pending",
    "items": [
      {
        "sku": "SKU007",
        "qty": 5,
        "unit_price": 9.9
      },
      {
        "sku": "SKU036",
        "qty": 3,
        "unit_price": 24.9
      }
    ]
  },
  {
    "order_id": "O202503230029",
    "customer_id": "C0558",
    "channel": "web",
    "created_at": "2025-03-23 09:01:45",
    "payment_status": "paid",
    "items": [
      {
        "sku": "SKU024",
        "qty": 2,
        "unit_price": 2.5
      },
      {
        "sku": "SKU037",
        "qty": 1,
        "unit_price": 8.0
      },
      {
        "sku": "SKU017",
        "qty": 5,
        "unit_price": 15.0
      },
      {
        "sku": "SKU033",
        "qty": 5,
        "unit_price": 7.5
      }
    ]
  },
  {
    "order_id": "O202503230030",
    "customer_id": "C0129",
    "channel": "web",
    "created_at": "2025-03-23 09:48:18",
    "payment_status": "paid",
    "items": [
      {
        "sku": "SKU039",
        "qty": 3,
        "unit_price": 7.5
      },
      {
        "sku": "SKU049",
        "qty": 5,
        "unit_price": 2.5
      },
      {
        "sku": "SKU050",
        "qty": 2,
        "unit_price": 19.9
      },
      {
        "sku": "SKU020",
        "qty": 2,
        "unit_price": 24.9
      }
    ]
  },
  {
    "order_id": "O202503230031",
    "customer_id": "C0127",
    "channel": "app",
    "created_at": "2025-03-23 14:58:03",
    "payment_status": "failed",
    "items": [
      {
        "sku": "SKU044",
        "qty": 2,
        "unit_price": 24.9
      },
      {
        "sku": "SKU023",
        "qty": 3,
        "unit_price": 12.5
      },
      {
        "sku": "SKU007",
        "qty": 1,
        "unit_price": 8.0
      },
      {
        "sku": "SKU014",
        "qty": 3,
        "unit_price": 8.0
      }
    ]
  },
  {
    "order_id": "O202503230032",
    "customer_id": "C0152",
    "channel": "app",
    "created_at": "2025-03-23 11:27:50",
    "payment_status": "paid",
    "items": [
      {
        "sku": "SKU039",
        "qty": 4,
        "unit_price": 8.0
      },
      {
        "sku": "SKU039",
        "qty": 5,
        "unit_price": 4.0
      },
      {
        "sku": "SKU015",
        "qty": 3,
        "unit_price": 7.5
      }
    ]
  },
  {
    "order_id": "O202503230033",
    "customer_id": "C0535",
    "channel": "app",
    "created_at": "2025-03-23 22:55:37",
    "payment_status": "paid",
    "items": [
      {
        "sku": "SKU013",
        "qty": 3,
        "unit_price": 9.9
      }
    ]
  },
  {
    "order_id": "O202503230034",
    "customer_id": "C0198",
    "channel": "app",
    "created_at": "2025-03-23 15:42:14",
    "payment_status": "paid",
    "items": [
      {
        "sku": "SKU031",
        "qty": 3,
        "unit_price": 7.5
      },
      {
        "sku": "SKU039",
        "qty": 5,
        "unit_price": 19.9
      }
    ]
  },
  {
    "order_id": "O202503230035",
    "customer_id": "C0654",
    "channel": "app",
    "created_at": "2025-03-23 08:13:20",
    "payment_status": "paid",
    "items": [
      {
        "sku": "SKU049",
        "qty": 2,
        "unit_price": 8.0
      },
      {
        "sku": "SKU015",
        "qty": 5,
        "unit_price": 4.0
      }
    ]
  },
  {
    "order_id": "O202503230036",
    "customer_id": "C0764",
    "channel": "app",
    "created_at": "2025-03-23 14:45:42",
    "payment_status": "paid",
    "items": [
      {
        "sku": "SKU044",
        "qty": 4,
        "unit_price": 15.0
      }
    ]
  },
  {
    "order_id": "O202503230037",
    "customer_id": "C0334",
    "channel": "web",
    "created_at": "2025-03-23 11:02:28",
    "payment_status": "paid",
    "items": [
      {
        "sku": "SKU038",
        "qty": 3,
        "unit_price": 2.5
      }
    ]
  },
  {
    "order_id": "O202503230038",
    "customer_id": "C0632",
    "channel": "web",
    "created_at": "2025-03-23 07:46:12",
    "payment_status": "paid",
    "items": [
      {
        "sku": "SKU022",
        "qty": 5,
        "unit_price": 19.9
      }
    ]
  },
  {
    "order_id": "O202503230039",
    "customer_id": "C0536",
    "channel": "web",
    "created_at": "2025-03-23 12:50:16",
    "payment_status": "paid",
    "items": [
      {
        "sku": "SKU042",
        "qty": 2,
        "unit_price": 2.5
      },
      {
        "sku": "SKU041",
        "qty": 5,
        "unit_price": 8.0
      }
    ]
  },
  {
    "order_id": "O202503230040",
    "customer_id": "C0352",
    "channel": "app",
    "created_at": "2025-03-23 07:40:11",
    "payment_status": "paid",
    "items": [
      {
        "sku": "SKU034",
        "qty": 1,
        "unit_price": 7.5
      }
    ]
  },
  {
    "order_id": "O202503230041",
    "customer_id": "C0686",
    "channel": "app",
    "created_at": "2025-03-23 18:32:51",
    "payment_status": "paid",
    "items": [
      {
        "sku": "SKU045",
        "qty": 4,
        "unit_price": 15.0
      },
      {
        "sku": "SKU046",
        "qty": 4,
        "unit_price": 8.0
      },
      {
        "sku": "SKU017",
        "qty": 3,
        "unit_price": 24.9
      },
      {
        "sku": "SKU041",
        "qty": 4,
        "unit_price": 12.5
      }
    ]
  },
  {
    "order_id": "O202503230042",
    "customer_id": "C0753",
    "channel": "web",
    "created_at": "2025-03-23 12:27:48",
    "payment_status": "paid",
    "items": [
      {
        "sku": "SKU009",
        "qty": 5,
        "unit_price": 2.5
      },
      {
        "sku": "SKU037",
        "qty": 3,
        "unit_price": 7.5
      },
      {
        "sku": "SKU045",
        "qty": 5,
        "unit_price": 24.9
      }
    ]
  },
  {
    "order_id": "O202503230043",
    "customer_id": "C0141",
    "channel": "app",
    "created_at": "2025-03-23 13:31:17",
    "payment_status": "paid",
    "items": [
      {
        "sku": "SKU037",
        "qty": 1,
        "unit_price": 8.0
      },
      {
        "sku": "SKU019",
        "qty": 5,
        "unit_price": 9.9
      }
    ]
  },
  {
    "order_id": "O202503230044",
    "customer_id": "C0326",
    "channel": "app",
    "created_at": "2025-03-23 08:38:57",
    "payment_status": "paid",
    "items": [
      {
        "sku": "SKU039",
        "qty": 1,
        "unit_price": 9.9
      }
    ]
  },
  {
    "order_id": "O202503230045",
    "customer_id": "C0220",
    "channel": "app",
    "created_at": "2025-03-23 15:26:20",
    "payment_status": "paid",
    "items": [
      {
        "sku": "SKU037",
        "qty": 2,
        "unit_price": 5.0
      },
      {
        "sku": "SKU006",
        "qty": 5,
        "unit_price": 4.0
      },
      {
        "sku": "SKU005",
        "qty": 3,
        "unit_price": 24.9
      }
    ]
  },
  {
    "order_id": "O202503230046",
    "customer_id": "C0555",
    "channel": "app",
    "created_at": "2025-03-23 15:55:57",
    "payment_status": "paid",
    "items": [
      {
        "sku": "SKU041",
        "qty": 3,
        "unit_price": 24.9
      },
      {
        "sku": "SKU009",
        "qty": 1,
        "unit_price": 9.9
      },
      {
        "sku": "SKU049",
        "qty": 3,
        "unit_price": 24.9
      },
      {
        "sku": "SKU001",
        "qty": 1,
        "unit_price": 9.9
      }
    ]
  },
  {
    "order_id": "O202503230047",
    "customer_id": "C0785",
    "channel": "web",
    "created_at": "2025-03-23 14:08:34",
    "payment_status": "paid",
    "items": [
      {
        "sku": "SKU012",
        "qty": 4,
        "unit_price": 19.9
      },
      {
        "sku": "SKU002",
        "qty": 4,
        "unit_price": 9.9
      }
    ]
  },
  {
    "order_id": "O202503230048",
    "customer_id": "C0662",
    "channel": "app",
    "created_at": "2025-03-23 08:47:07",
    "payment_status": "paid",
    "items": [
      {
        "sku": "SKU006",
        "qty": 4,
        "unit_price": 5.0
      }
    ]
  },
  {
    "order_id": "O202503230049",
    "customer_id": "C0098",
    "channel": "web",
    "created_at": "2025-03-23 16:27:34",
    "payment_status": "paid",
    "items": [
      {
        "sku": "SKU021",
        "qty": 2,
        "unit_price": 4.0
      }
    ]
  },
  {
    "order_id": "O202503230050",
    "customer_id": "C0193",
    "channel": "app",
    "created_at": "2025-03-23 09:46:01",
    "payment_status": "pending",
    "items": [
      {
        "sku": "SKU014",
        "qty": 2,
        "unit_price": 2.5
      },
      {
        "sku": "SKU012",
        "qty": 4,
        "unit_price": 4.0
      }
    ]
  },
  {
    "order_id": "O202503230051",
    "customer_id": "C0592",
    "channel": "app",
    "created_at": "2025-03-23 07:14:49",
    "payment_status": "paid",
    "items": [
      {
        "sku": "SKU010",
        "qty": 3,
        "unit_price": 15.0
      },
      {
        "sku": "SKU043",
        "qty": 1,
        "unit_price": 5.0
      }
    ]
  },
  {
    "order_id": "O202503230052",
    "customer_id": "C0170",
    "channel": "web",
    "created_at": "2025-03-23 21:26:18",
    "payment_status": "paid",
    "items": [
      {
        "sku": "SKU040",
        "qty": 2,
        "unit_price": 8.0
      },
      {
        "sku": "SKU048",
        "qty": 2,
        "unit_price": 9.9
      }
    ]
  },
  {
    "order_id": "O202503230053",
    "customer_id": "C0772",
    "channel": "app",
    "created_at": "2025-03-23 18:39:13",
    "payment_status": "paid",
    "items": [
      {
        "sku": "SKU023",
        "qty": 3,
        "unit_price": 5.0
      }
    ]
  },
  {
    "order_id": "O202503230054",
    "customer_id": "C0624",
    "channel": "app",
    "created_at": "2025-03-23 12:36:43",
    "payment_status": "paid",
    "items": [
      {
        "sku": "SKU039",
        "qty": 4,
        "unit_price": 2.5
      },
      {
        "sku": "SKU018",
        "qty": 1,
        "unit_price": 4.0
      },
      {
        "sku": "SKU023",
        "qty": 5,
        "unit_price": 4.0
      }
    ]
  },
  {
    "order_id": "O202503230055",
    "customer_id": "C0747",
    "channel": "web",
    "created_at": "2025-03-23 16:34:52",
    "payment_status": "paid",
    "items": [
      {
        "sku": "SKU032",
        "qty": 3,
        "unit_price": 7.5
      },
      {
        "sku": "SKU005",
        "qty": 1,
        "unit_price": 8.0
      },
      {
        "sku": "SKU020",
        "qty": 1,
        "unit_price": 9.9
      },
      {
        "sku": "SKU045",
        "qty": 2,
        "unit_price": 7.5
      }
    ]
  },
  {
    "order_id": "O202503230056",
    "customer_id": "C0430",
    "channel": "app",
    "created_at": "2025-03-23 22:12:59",
    "payment_status": "paid",
    "items": [
      {
        "sku": "SKU043",
        "qty": 2,
        "unit_price": 5.0
      }
    ]
  },
  {
    "order_id": "O202503230057",
    "customer_id": "C0373",
    "channel": "app",
    "created_at": "2025-03-23 17:23:23",
    "payment_status": "paid",
    "items": [
      {
        "sku": "SKU038",
        "qty": 5,
        "unit_price": 5.0
      }
    ]
  },
  {
    "order_id": "O202503230058",
    "customer_id": "C0493",
    "channel": "app",
    "created_at": "2025-03-23 17:55:17",
    "payment_status": "paid",
    "items": [
      {
        "sku": "SKU019",
        "qty": 4,
        "unit_price": 15.0
      },
      {
        "sku": "SKU009",
        "qty": 5,
        "unit_price": 7.5
      },
      {
        "sku": "SKU048",
        "qty": 4,
        "unit_price": 9.9
      },
      {
        "sku": "SKU024",
        "qty": 4,
        "unit_price": 2.5
      }
    ]
  },
  {
    "order_id": "O202503230059",
    "customer_id": "C0682",
    "channel": "app",
    "created_at": "2025-03-23 11:22:38",
    "payment_status": "paid",
    "items": [
      {
        "sku": "SKU027",
        "qty": 5,
        "unit_price": 2.5
      },
      {
        "sku": "SKU015",
        "qty": 1,
        "unit_price": 12.5
      },
      {
        "sku": "SKU045",
        "qty": 2,
        "unit_price": 2.5
      }
    ]
  },
  {
    "order_id": "O202503230060",
    "customer_id": "C0268",
    "channel": "web",
    "created_at": "2025-03-23 20:37:03",
    "payment_status": "paid",
    "items": [
      {
        "sku": "SKU007",
        "qty": 1,
        "unit_price": 4.0
      }
    ]
  },
  {
    "order_id": "O202503230061",
    "customer_id": "C0696",
    "channel": "app",
    "created_at": "2025-03-23 22:01:38",
    "payment_status": "paid",
    "items": [
      {
        "sku": "SKU047",
        "qty": 5,
        "unit_price": 8.0
      },
      {
        "sku": "SKU016",
        "qty": 1,
        "unit_price": 4.0
      }
    ]
  },
  {
    "order_id": "O202503230062",
    "customer_id": "C0131",
    "channel": "web",
    "created_at": "2025-03-23 09:14:16",
    "payment_status": "paid",
    "items": [
      {
        "sku": "SKU049",
        "qty": 5,
        "unit_price": 9.9
      },
      {
        "sku": "SKU014",
        "qty": 5,
        "unit_price": 7.5
      },
      {
        "sku": "SKU023",
        "qty": 2,
        "unit_price": 12.5
      },
      {
        "sku": "SKU021",
        "qty": 1,
        "unit_price": 15.0
      }
    ]
  },
  {
    "order_id": "O202503230063",
    "customer_id": "C0300",
    "channel": "app",
    "created_at": "2025-03-23 08:01:54",
    "payment_status": "paid",
    "items": [
      {
        "sku": "SKU026",
        "qty": 3,
        "unit_price": 4.0
      },
      {
        "sku": "SKU043",
        "qty": 2,
        "unit_price": 2.5
      },
      {
        "sku": "SKU043",
        "qty": 5,
        "unit_price": 4.0
      },
      {
        "sku": "SKU032",
        "qty": 3,
        "unit_price": 9.9
      }
    ]
  },
  {
    "order_id": "O202503230064",
    "customer_id": "C0434",
    "channel": "web",
    "created_at": "2025-03-23 13:51:25",
    "payment_status": "paid",
    "items": [
      {
        "sku": "SKU016",
        "qty": 2,
        "unit_price": 24.9
      },
      {
        "sku": "SKU003",
        "qty": 5,
        "unit_price": 12.5
      },
      {
        "sku": "SKU042",
        "qty": 2,
        "unit_price": 15.0
      },
      {
        "sku": "SKU021",
        "qty": 4,
        "unit_price": 5.0
      }
    ]
  },
  {
    "order_id": "O202503230065",
    "customer_id": "C0145",
    "channel": "web",
    "created_at": "2025-03-23 11:26:14",
    "payment_status": "paid",
    "items": [
      {
        "sku": "SKU044",
        "qty": 1,
        "unit_price": 12.5
      },
      {
        "sku": "SKU020",
        "qty": 1,
        "unit_price": 9.9
      }
    ]
  },
  {
    "order_id": "O202503230066",
    "customer_id": "C0045",
    "channel": "web",
    "created_at": "2025-03-23 18:32:27",
    "payment_status": "paid",
    "items": [
      {
        "sku": "SKU023",
        "qty": 1,
        "unit_price": 19.9
      },
      {
        "sku": "SKU011",
        "qty": 4,
        "unit_price": 12.5
      }
    ]
  },
  {
    "order_id": "O202503230067",
    "customer_id": "C0245",
    "channel": "app",
    "created_at": "2025-03-23 14:52:02",
    "payment_status": "paid",
    "items": [
      {
        "sku": "SKU027",
        "qty": 2,
        "unit_price": 7.5
      },
      {
        "sku": "SKU031",
        "qty": 2,
        "unit_price": 19.9
      },
      {
        "sku": "SKU034",
        "qty": 2,
        "unit_price": 8.0
      },
      {
        "sku": "SKU028",
        "qty": 1,
        "unit_price": 5.0
      }
    ]
  },
  {
    "order_id": "O202503230068",
    "customer_id": "C0150",
    "channel": "web",
    "created_at": "2025-03-23 15:21:43",
    "payment_status": "paid",
    "items": [
      {
        "sku": "SKU037",
        "qty": 5,
        "unit_price": 12.5
      }
    ]
  },
  {
    "order_id": "O202503230069",
    "customer_id": "C0230",
    "channel": "web",
    "created_at": "2025-03-23 07:54:11",
    "payment_status": "paid",
    "items": [
      {
        "sku": "SKU005",
        "qty": 5,
        "unit_price": 19.9
      },
      {
        "sku": "SKU016",
        "qty": 3,
        "unit_price": 4.0
      }
    ]
  },
  {
    "order_id": "O202503230070",
    "customer_id": "C0259",
    "channel": "app",
    "created_at": "2025-03-23 18:24:17",
    "payment_status": "paid",
    "items": [
      {
        "sku": "SKU004",
        "qty": 3,
        "unit_price": 19.9
      }
    ]
  },
  {
    "order_id": "O202503230071",
    "customer_id": "C0125",
    "channel": "web",
    "created_at": "2025-03-23 13:07:39",
    "payment_status": "failed",
    "items": [
      {
        "sku": "SKU011",
        "qty": 1,
        "unit_price": 19.9
      },
      {
        "sku": "SKU047",
        "qty": 5,
        "unit_price": 7.5
      },
      {
        "sku": "SKU029",
        "qty": 5,
        "unit_price": 12.5
      }
    ]
  },
  {
    "order_id": "O202503230072",
    "customer_id": "C0625",
    "channel": "app",
    "created_at": "2025-03-23 21:32:27",
    "payment_status": "paid",
    "items": [
      {
        "sku": "SKU013",
        "qty": 4,
        "unit_price": 19.9
      },
      {
        "sku": "SKU023",
        "qty": 1,
        "unit_price": 4.0
      }
    ]
  },
  {
    "order_id": "O202503230073",
    "customer_id": "C0400",
    "channel": "web",
    "created_at": "2025-03-23 17:07:06",
    "payment_status": "paid",
    "items": [
      {
        "sku": "SKU047",
        "qty": 4,
        "unit_price": 9.9
      },
      {
        "sku": "SKU012",
        "qty": 2,
        "unit_price": 12.5
      },
      {
        "sku": "SKU049",
        "qty": 5,
        "unit_price": 4.0
      },
      {
        "sku": "SKU031",
        "qty": 3,
        "unit_price": 8.0
      }
    ]
  },
  {
    "order_id": "O202503230074",
    "customer_id": "C0593",
    "channel": "web",
    "created_at": "2025-03-23 08:30:29",
    "payment_status": "paid",
    "items": [
      {
        "sku": "SKU001",
        "qty": 3,
        "unit_price": 19.9
      },
      {
        "sku": "SKU032",
        "qty": 4,
        "unit_price": 2.5
      }
    ]
  },
  {
    "order_id": "O202503230075",
    "customer_id": "C0043",
    "channel": "app",
    "created_at": "2025-03-23 09:55:57",
    "payment_status": "paid",
    "items": [
      {
        "sku": "SKU003",
        "qty": 4,
        "unit_price": 19.9
      }
    ]
  },
  {
    "order_id": "O202503230076",
    "customer_id": "C0791",
    "channel": "web",
    "created_at": "2025-03-23 15:35:01",
    "payment_status": "paid",
    "items": [
      {
        "sku": "SKU042",
        "qty": 4,
        "unit_price": 4.0
      },
      {
        "sku": "SKU014",
        "qty": 1,
        "unit_price": 9.9
      }
    ]
  },
  {
    "order_id": "O202503230077",
    "customer_id": "C0490",
    "channel": "app",
    "created_at": "2025-03-23 18:23:09",
    "payment_status": "paid",
    "items": [
      {
        "sku": "SKU025",
        "qty": 5,
        "unit_price": 12.5
      }
    ]
  },
  {
    "order_id": "O202503230078",
    "customer_id": "C0623",
    "channel": "app",
    "created_at": "2025-03-23 08:19:09",
    "payment_status": "paid",
    "items": [
      {
        "sku": "SKU043",
        "qty": 3,
        "unit_price": 7.5
      },
      {
        "sku": "SKU001",
        "qty": 4,
        "unit_price": 24.9
      },
      {
        "sku": "SKU009",
        "qty": 2,
        "unit_price": 19.9
      },
      {
        "sku": "SKU012",
        "qty": 4,
        "unit_price": 12.5
      }
    ]
  },
  {
    "order_id": "O202503230079",
    "customer_id": "C0456",
    "channel": "app",
    "created_at": "2025-03-23 10:29:57",
    "payment_status": "paid",
    "items": [
      {
        "sku": "SKU041",
        "qty": 2,
        "unit_price": 8.0
      },
      {
        "sku": "SKU003",
        "qty": 3,
        "unit_price": 24.9
      },
      {
        "sku": "SKU024",
        "qty": 5,
        "unit_price": 7.5
      },
      {
        "sku": "SKU026",
        "qty": 5,
        "unit_price": 15.0
      }
    ]
  },
  {
    "order_id": "O202503230080",
    "customer_id": "C0598",
    "channel": "app",
    "created_at": "2025-03-23 09:44:05",
    "payment_status": "pending",
    "items": [
      {
        "sku": "SKU006",
        "qty": 1,
        "unit_price": 12.5
      }
    ]
  },
  {
    "order_id": "O202503230081",
    "customer_id": "C0345",
    "channel": "web",
    "created_at": "2025-03-23 09:52:23",
    "payment_status": "paid",
    "items": [
      {
        "sku": "SKU024",
        "qty": 2,
        "unit_price": 12.5
      }
    ]
  },
  {
    "order_id": "O202503230082",
    "customer_id": "C0341",
    "channel": "web",
    "created_at": "2025-03-23 16:25:46",
    "payment_status": "paid",
    "items": [
      {
        "sku": "SKU031",
        "qty": 4,
        "unit_price": 15.0
      },
      {
        "sku": "SKU037",
        "qty": 3,
        "unit_price": 24.9
      },
      {
        "sku": "SKU017",
        "qty": 1,
        "unit_price": 5.0
      },
      {
        "sku": "SKU027",
        "qty": 4,
        "unit_price": 5.0
      }
    ]
  },
  {
    "order_id": "O202503230083",
    "customer_id": "C0557",
    "channel": "app",
    "created_at": "2025-03-23 12:23:29",
    "payment_status": "paid",
    "items": [
      {
        "sku": "SKU041",
        "qty": 4,
        "unit_price": 7.5
      },
      {
        "sku": "SKU019",
        "qty": 2,
        "unit_price": 24.9
      },
      {
        "sku": "SKU004",
        "qty": 3,
        "unit_price": 19.9
      }
    ]
  },
  {
    "order_id": "O202503230084",
    "customer_id": "C0064",
    "channel": "web",
    "created_at": "2025-03-23 16:21:58",
    "payment_status": "failed",
    "items": [
      {
        "sku": "SKU043",
        "qty": 4,
        "unit_price": 9.9
      }
    ]
  },
  {
    "order_id": "O202503230085",
    "customer_id": "C0272",
    "channel": "app",
    "created_at": "2025-03-23 17:49:26",
    "payment_status": "paid",
    "items": [
      {
        "sku": "SKU044",
        "qty": 4,
        "unit_price": 12.5
      },
      {
        "sku": "SKU016",
        "qty": 4,
        "unit_price": 9.9
      }
    ]
  },
  {
    "order_id": "O202503230086",
    "customer_id": "C0533",
    "channel": "app",
    "created_at": "2025-03-23 14:58:24",
    "payment_status": "paid",
    "items": [
      {
        "sku": "SKU032",
        "qty": 5,
        "unit_price": 15.0
      },
      {
        "sku": "SKU002",
        "qty": 2,
        "unit_price": 5.0
      },
      {
        "sku": "SKU041",
        "qty": 5,
        "unit_price": 4.0
      }
    ]
  },
  {
    "order_id": "O202503230087",
    "customer_id": "C0336",
    "channel": "app",
    "created_at": "2025-03-23 21:09:17",
    "payment_status": "paid",
    "items": [
      {
        "sku": "SKU033",
        "qty": 1,
        "unit_price": 2.5
      }
    ]
  },
  {
    "order_id": "O202503230088",
    "customer_id": "C0070",
    "channel": "app",
    "created_at": "2025-03-23 16:21:17",
    "payment_status": "paid",
    "items": [
      {
        "sku": "SKU014",
        "qty": 3,
        "unit_price": 7.5
      },
      {
        "sku": "SKU025",
        "qty": 3,
        "unit_price": 5.0
      },
      {
        "sku": "SKU038",
        "qty": 4,
        "unit_price": 12.5
      },
      {
        "sku": "SKU049",
        "qty": 5,
        "unit_price": 19.9
      }
    ]
  },
  {
    "order_id": "O202503230089",
    "customer_id": "C0307",
    "channel": "web",
    "created_at": "2025-03-23 21:36:56",
    "payment_status": "pending",
    "items": [
      {
        "sku": "SKU002",
        "qty": 1,
        "unit_price": 5.0
      },
      {
        "sku": "SKU027",
        "qty": 1,
        "unit_price": 2.5
      }
    ]
  },
  {
    "order_id": "O202503230090",
    "customer_id": "C0136",
    "channel": "web",
    "created_at": "2025-03-23 10:19:51",
    "payment_status": "paid",
    "items": [
      {
        "sku": "SKU044",
        "qty": 1,
        "unit_price": 4.0
      },
      {
        "sku": "SKU050",
        "qty": 5,
        "unit_price": 9.9
      }
    ]
  },
  {
    "order_id": "O202503230091",
    "customer_id": "C0675",
    "channel": "web",
    "created_at": "2025-03-23 07:13:39",
    "payment_status": "paid",
    "items": [
      {
        "sku": "SKU041",
        "qty": 2,
        "unit_price": 15.0
      },
      {
        "sku": "SKU023",
        "qty": 3,
        "unit_price": 5.0
      }
    ]
  },
  {
    "order_id": "O202503230092",
    "customer_id": "C0344",
    "channel": "web",
    "created_at": "2025-03-23 21:41:10",
    "payment_status": "paid",
    "items": [
      {
        "sku": "SKU013",
        "qty": 4,
        "unit_price": 19.9
      }
    ]
  },
  {
    "order_id": "O202503230093",
    "customer_id": "C0186",
    "channel": "app",
    "created_at": "2025-03-23 11:10:55",
    "payment_status": "paid",
    "items": [
      {
        "sku": "SKU041",
        "qty": 5,
        "unit_price": 7.5
      }
    ]
  },
  {
    "order_id": "O202503230094",
    "customer_id": "C0607",
    "channel": "web",
    "created_at": "2025-03-23 22:13:14",
    "payment_status": "paid",
    "items": [
      {
        "sku": "SKU041",
        "qty": 1,
        "unit_price": 5.0
      },
      {
        "sku": "SKU026",
        "qty": 4,
        "unit_price": 5.0
      },
      {
        "sku": "SKU043",
        "qty": 1,
        "unit_price": 2.5
      },
      {
        "sku": "SKU027",
        "qty": 1,
        "unit_price": 7.5
      }
    ]
  },
  {
    "order_id": "O202503230095",
    "customer_id": "C0395",
    "channel": "web",
    "created_at": "2025-03-23 10:07:16",
    "payment_status": "paid",
    "items": [
      {
        "sku": "SKU013",
        "qty": 2,
        "unit_price": 4.0
      },
      {
        "sku": "SKU003",
        "qty": 3,
        "unit_price": 4.0
      },
      {
        "sku": "SKU004",
        "qty": 1,
        "unit_price": 8.0
      },
      {
        "sku": "SKU002",
        "qty": 2,
        "unit_price": 15.0
      }
    ]
  },
  {
    "order_id": "O202503230096",
    "customer_id": "C0728",
    "channel": "app",
    "created_at": "2025-03-23 08:29:08",
    "payment_status": "paid",
    "items": [
      {
        "sku": "SKU016",
        "qty": 3,
        "unit_price": 24.9
      }
    ]
  },
  {
    "order_id": "O202503230097",
    "customer_id": "C0063",
    "channel": "web",
    "created_at": "2025-03-23 16:00:13",
    "payment_status": "paid",
    "items": [
      {
        "sku": "SKU008",
        "qty": 3,
        "unit_price": 15.0
      },
      {
        "sku": "SKU010",
        "qty": 2,
        "unit_price": 4.0
      }
    ]
  },
  {
    "order_id": "O202503230098",
    "customer_id": "C0410",
    "channel": "web",
    "created_at": "2025-03-23 16:31:04",
    "payment_status": "paid",
    "items": [
      {
        "sku": "SKU033",
        "qty": 2,
        "unit_price": 15.0
      },
      {
        "sku": "SKU008",
        "qty": 5,
        "unit_price": 7.5
      }
    ]
  },
  {
    "order_id": "O202503230099",
    "customer_id": "C0050",
    "channel": "web",
    "created_at": "2025-03-23 13:45:14",
    "payment_status": "paid",
    "items": [
      {
        "sku": "SKU041",
        "qty": 2,
        "unit_price": 7.5
      }
    ]
  },
  {
    "order_id": "O202503230100",
    "customer_id": "C0456",
    "channel": "web",
    "created_at": "2025-03-23 18:05:02",
    "payment_status": "paid",
    "items": [
      {
        "sku": "SKU034",
        "qty": 2,
        "unit_price": 4.0
      },
      {
        "sku": "SKU030",
        "qty": 5,
        "unit_price": 12.5
      },
      {
        "sku": "SKU044",
        "qty": 2,
        "unit_price": 5.0
      },
      {
        "sku": "SKU031",
        "qty": 3,
        "unit_price": 2.5
      }
    ]
  },
  {
    "order_id": "O202503230023",
    "customer_id": "C0466",
    "channel": "web",
    "created_at": "2025-03-23 15:54:13",
    "payment_status": "paid",
    "items": [
      {
        "sku": "SKU014",
        "qty": 2,
        "unit_price": 8.0
      },
      {
        "sku": "SKU045",
        "qty": 2,
        "unit_price": 24.9
      }
    ]
  },
  {
    "order_id": "O202503230039",
    "customer_id": "C0536",
    "channel": "web",
    "created_at": "2025-03-23 12:50:16",
    "payment_status": "paid",
    "items": [
      {
        "sku": "SKU042",
        "qty": 2,
        "unit_price": 2.5
      },
      {
        "sku": "SKU041",
        "qty": 5,
        "unit_price": 8.0
      }
    ]
  },
  {
    "order_id": "O202503230057",
    "customer_id": "C0373",
    "channel": "app",
    "created_at": "2025-03-23 17:23:23",
    "payment_status": "paid",
    "items": [
      {
        "sku": "SKU038",
        "qty": 5,
        "unit_price": 5.0
      }
    ]
  }
]