[
  {
    "order_id": "O202503060001",
    "customer_id": "C0754",
    "channel": "web",
    "created_at": "2025-03-06 15:17:35",
    "payment_status": "pending",
    "items": [
      {
        "sku": "SKU046",
        "qty": 5,
        "unit_price": 15.0
      }
    ]
  },
  {
    "order_id": "O202503060002",
    "customer_id": "C0780",
    "channel": "app",
    "created_at": "2025-03-06 16:32:58",
    "payment_status": "paid",
    "items": [
      {
        "sku": "SKU011",
        "qty": 4,
        "unit_price": 5.0
      }
    ]
  },
  {
    "order_id": "O202503060003",
    "customer_id": "C0729",
    "channel": "web",
    "created_at": "2025-03-06 10:55:25",
    "payment_status": "paid",
    "items": [
      {
        "sku": "SKU016",
        "qty": 1,
        "unit_price": 19.9
      },
      {
        "sku": "SKU030",
        "qty": 4,
        "unit_price": 9.9
      },
      {
        "sku": "SKU048",
        "qty": 5,
        "unit_price": 12.5
      }
    ]
  },
  {
    "order_id": "O202503060004",
    "customer_id": "C0531",
    "channel": "app",
    "created_at": "2025-03-06 13:16:31",
    "payment_status": "paid",
    "items": [
      {
        "sku": "SKU045",
        "qty": 1,
        "unit_price": 19.9
      },
      {
        "sku": "SKU012",
        "qty": 5,
        "unit_price": 2.5
      },
      {
        "sku": "SKU019",
        "qty": 4,
        "unit_price": 7.5
      }
    ]
  },
  {
    "order_id": "O202503060005",
    "customer_id": "C0063",
    "channel": "web",
    "created_at": "2025-03-06 09:18:16",
    "payment_status": "paid",
    "items": [
      {
        "sku": "SKU020",
        "qty": 5,
        "unit_price": 12.5
      }
    ]
  },
  {
    "order_id": "O202503060006",
    "customer_id": "C0264",
    "channel": "app",
    "created_at": "2025-03-06 20:23:33",
    "payment_status": "paid",
    "items": [
      {
        "sku": "SKU008",
        "qty": 1,
        "unit_price": 2.5
      }
    ]
  },
  {
    "order_id": "O202503060007",
    "customer_id": "C0424",
    "channel": "web",
    "created_at": "2025-03-06 10:04:52",
    "payment_status": "paid",
    "items": [
      {
        "sku": "SKU034",
        "qty": 1,
        "unit_price": 2.5
      },
      {
        "sku": "SKU038",
        "qty": 2,
        "unit_price": 9.9
      },
      {
        "sku": "SKU021",
        "qty": 4,
        "unit_price": 24.9
      }
    ]
  },
  {
    "order_id": "O202503060008",
    "customer_id": "C0095",
    "channel": "web",
    "created_at": "2025-03-06 14:58:30",
    "payment_status": "paid",
    "items": [
      {
        "sku": "SKU008",
        "qty": 4,
        "unit_price": 5.0
      }
    ]
  },
  {
    "order_id": "O202503060009",
    "customer_id": "C0768",
    "channel": "app",
    "created_at": "2025-03-06 11:22:47",
    "payment_status": "pending",
    "items": [
      {
        "sku": "SKU040",
        "qty": 5,
        "unit_price": 12.5
      }
    ]
  },
  {
    "order_id": "O202503060010",
    "customer_id": "C0617",
    "channel": "app",
    "created_at": "2025-03-06 15:18:19",
    "payment_status": "paid",
    "items": [
      {
        "sku": "SKU042",
        "qty": 1,
        "unit_price": 5.0
      },
      {
        "sku": "SKU047",
        "qty": 5,
        "unit_price": 19.9
      },
      {
        "sku": "SKU007",
        "qty": 3,
        "unit_price": 24.9
      }
    ]
  },
  {
    "order_id": "O202503060011",
    "customer_id": "C0743",
    "channel": "web",
    "created_at": "2025-03-06 18:43:49",
    "payment_status": "paid",
    "items": [
      {
        "sku": "SKU018",
        "qty": 5,
        "unit_price": 24.9
      },
      {
        "sku": "SKU021",
        "qty": 4,
        "unit_price": 5.0
      },
      {
        "sku": "SKU038",
        "qty": 4,
        "unit_price": 8.0
      },
      {
        "sku": "SKU012",
        "qty": 1,
        "unit_price": 19.9
      }
    ]
  },
  {
    "order_id": "O202503060012",
    "customer_id": "C0247",
    "channel": "app",
    "created_at": "2025-03-06 11:45:23",
    "payment_status": "paid",
    "items": [
      {
        "sku": "SKU020",
        "qty": 4,
        "unit_price": 4.0
      },
      {
        "sku": "SKU014",
        "qty": 5,
        "unit_price": 2.5
      },
      {
        "sku": "SKU031",
        "qty": 5,
        "unit_price": 5.0
      }
    ]
  },
  {
    "order_id": "O202503060013",
    "customer_id": "C0521",
    "channel": "web",
    "created_at": "2025-03-06 17:59:05",
    "payment_status": "paid",
    "items": [
      {
        "sku": "SKU039",
        "qty": 1,
        "unit_price": 24.9
      }
    ]
  },
  {
    "order_id": "O202503060014",
    "customer_id": "C0243",
    "channel": "web",
    "created_at": "2025-03-06 16:07:52",
    "payment_status": "paid",
    "items": [
      {
        "sku": "SKU003",
        "qty": 1,
        "unit_price": 9.9
      },
      {
        "sku": "SKU049",
        "qty": 1,
        "unit_price": 24.9
      },
      {
        "sku": "SKU042",
        "qty": 2,
        "unit_price": 8.0
      },
      {
        "sku": "SKU015",
        "qty": 4,
        "unit_price": 15.0
      }
    ]
  },
  {
    "order_id": "O202503060015",
    "customer_id": "C0396",
    "channel": "web",
    "created_at": "2025-03-06 12:03:21",
    "payment_status": "paid",
    "items": [
      {
        "sku": "SKU048",
        "qty": 5,
        "unit_price": 19.9
      },
      {
        "sku": "SKU014",
        "qty": 5,
        "unit_price": 7.5
      },
      {
        "sku": "SKU026",
        "qty": 5,
        "unit_price": 5.0
      },
      {
        "sku": "SKU033",
        "qty": 5,
        "unit_price": 24.9
      }
    ]
  },
  {
    "order_id": "O202503060016",
    "customer_id": "C0522",
    "channel": "web",
    "created_at": "2025-03-06 21:56:00",
    "payment_status": "paid",
    "items": [
      {
        "sku": "SKU044",
        "qty": 4,
        "unit_price": 4.0
      }
    ]
  },
  {
    "order_id": "O202503060017",
    "customer_id": "C0421",
    "channel": "app",
    "created_at": "2025-03-06 17:18:22",
    "payment_status": "paid",
    "items": [
      {
        "sku": "SKU030",
        "qty": 2,
        "unit_price": 8.0
      },
      {
        "sku": "SKU045",
        "qty": 5,
        "unit_price": 9.9
      },
      {
        "sku": "SKU041",
        "qty": 3,
        "unit_price": 12.5
      }
    ]
  },
  {
    "order_id": "O202503060018",
    "customer_id": "C0113",
    "channel": "app",
    "created_at": "2025-03-06 17:44:09",
    "payment_status": "paid",
    "items": [
      {
        "sku": "SKU023",
        "qty": 3,
        "unit_price": 15.0
      },
      {
        "sku": "SKU027",
        "qty": 4,
        "unit_price": 19.9
      },
      {
        "sku": "SKU012",
        "qty": 3,
        "unit_price": -5.0
      },
      {
        "sku": "SKU013",
        "qty": 3,
        "unit_price": 9.9
      }
    ]
  },
  {
    "order_id": "O202503060019",
    "customer_id": "C0682",
    "channel": "app",
    "created_at": "2025-03-06 22:31:08",
    "payment_status": "pending",
    "items": [
      {
        "sku": "SKU016",
        "qty": 3,
        "unit_price": 2.5
      },
      {
        "sku": "SKU002",
        "qty": 2,
        "unit_price": 8.0
      }
    ]
  },
  {
    "order_id": "O202503060020",
    "customer_id": "C0256",
    "channel": "web",
    "created_at": "2025-03-06 19:09:00",
    "payment_status": "paid",
    "items": [
      {
        "sku": "SKU004",
        "qty": 1,
        "unit_price": 8.0
      },
      {
        "sku": "SKU041",
        "qty": 2,
        "unit_price": 24.9
      }
    ]
  },
  {
    "order_id": "O202503060021",
    "customer_id": "C0080",
    "channel": "web",
    "created_at": "2025-03-06 14:47:50",
    "payment_status": "pending",
    "items": [
      {
        "sku": "SKU016",
        "qty": 2,
        "unit_price": 4.0
      },
      {
        "sku": "SKU036",
        "qty": 1,
        "unit_price": 7.5
      }
    ]
  },
  {
    "order_id": "O202503060022",
    "customer_id": "C0179",
    "channel": "app",
    "created_at": "2025-03-06 08:58:50",
    "payment_status": "paid",
    "items": [
      {
        "sku": "SKU005",
        "qty": 2,
        "unit_price": 5.0
      },
      {
        "sku": "SKU040",
        "qty": 3,
        "unit_price": 4.0
      }
    ]
  },
  {
    "order_id": "O202503060023",
    "customer_id": "C0002",
    "channel": "web",
    "created_at": "2025-03-06 16:51:56",
    "payment_status": "paid",
    "items": [
      {
        "sku": "SKU007",
        "qty": 5,
        "unit_price": 5.0
      }
    ]
  },
  {
    "order_id": "O202503060024",
    "customer_id": "C0783",
    "channel": "web",
    "created_at": "2025-03-06 13:24:17",
    "payment_status": "paid",
    "items": [
      {
        "sku": "SKU010",
        "qty": 2,
        "unit_price": 2.5
      }
    ]
  },
  {
    "order_id": "O202503060025",
    "customer_id": "C0748",
    "channel": "web",
    "created_at": "2025-03-06 15:10:48",
    "payment_status": "paid",
    "items": [
      {
        "sku": "SKU017",
        "qty": 1,
        "unit_price": 15.0
      },
      {
        "sku": "SKU045",
        "qty": 4,
        "unit_price": 2.5
      }
    ]
  },
  {
    "order_id": "O202503060026",
    "customer_id": "C0579",
    "channel": "app",
    "created_at": "2025-03-06 18:56:33",
    "payment_status": "paid",
    "items": [
      {
        "sku": "SKU050",
        "qty": 4,
        "unit_price": 2.5
      },
      {
        "sku": "SKU032",
        "qty": 4,
        "unit_price": 7.5
      },
      {
        "sku": "SKU026",
        "qty": 1,
        "unit_price": 7.5
      },
      {
        "sku": "SKU048",
        "qty": 2,
        "unit_price": 15.0
      }
    ]
  },
  {
    "order_id": "O202503060027",
    "customer_id": "C0527",
    "channel": "web",
    "created_at": "2025-03-06 11:05:33",
    "payment_status": "paid",
    "items": [
      {
        "sku": "SKU029",
        "qty": 2,
        "unit_price": 24.9
      },
      {
        "sku": "SKU006",
        "qty": 3,
        "unit_price": 4.0
      },
      {
        "sku": "SKU012",
        "qty": 4,
        "unit_price": 8.0
      },
      {
        "sku": "SKU049",
        "qty": 5,
        "unit_price": 24.9
      }
    ]
  },
  {
    "order_id": "O202503060028",
    "customer_id": "C0612",
    "channel": "web",
    "created_at": "2025-03-06 11:51:09",
    "payment_status": "paid",
    "items": [
      {
        "sku": "SKU006",
        "qty": 3,
        "unit_price": 24.9
      },
      {
        "sku": "SKU032",
        "qty": 3,
        "unit_price": 12.5
      }
    ]
  },
  {
    "order_id": "O202503060029",
    "customer_id": "C0092",
    "channel": "app",
    "created_at": "2025-03-06 16:49:03",
    "payment_status": "paid",
    "items": [
      {
        "sku": "SKU019",
        "qty": 4,
        "unit_price": 4.0
      }
    ]
  },
  {
    "order_id": "O202503060030",
    "customer_id": "C0079",
    "channel": "app",
    "created_at": "2025-03-06 10:40:57",
    "payment_status": "pending",
    "items": [
      {
        "sku": "SKU010",
        "qty": 2,
        "unit_price": 7.5
      },
      {
        "sku": "SKU010",
        "qty": 3,
        "unit_price": 19.9
      }
    ]
  },
  {
    "order_id": "O202503060031",
    "customer_id": "C0391",
    "channel": "web",
    "created_at": "2025-03-06 20:47:42",
    "payment_status": "paid",
    "items": [
      {
        "sku": "SKU004",
        "qty": 1,
        "unit_price": 4.0
      },
      {
        "sku": "SKU012",
        "qty": 1,
        "unit_price": 8.0
      },
      {
        "sku": "SKU021",
        "qty": 5,
        "unit_price": 7.5
      },
      {
        "sku": "SKU008",
        "qty": 2,
        "unit_price": 7.5
      }
    ]
  },
  {
    "order_id": "O202503060032",
    "customer_id": "C0095",
    "channel": "web",
    "created_at": "2025-03-06 22:45:23",
    "payment_status": "paid",
    "items": [
      {
        "sku": "SKU005",
        "qty": 5,
        "unit_price": 19.9
      }
    ]
  },
  {
    "order_id": "O202503060033",
    "customer_id": "C0028",
    "channel": "app",
    "created_at": "2025-03-06 19:07:15",
    "payment_status": "paid",
    "items": [
      {
        "sku": "SKU046",
        "qty": 1,
        "unit_price": 24.9
      },
      {
        "sku": "SKU046",
        "qty": 4,
        "unit_price": 8.0
      },
      {
        "sku": "SKU025",
        "qty": 1,
        "unit_price": 24.9
      }
    ]
  },
  {
    "order_id": "O202503060034",
    "customer_id": "C0431",
    "channel": "app",
    "created_at": "2025-03-06 11:06:25",
    "payment_status": "paid",
    "items": [
      {
        "sku": "SKU048",
        "qty": 1,
        "unit_price": 12.5
      },
      {
        "sku": "SKU047",
        "qty": 2,
        "unit_price": 7.5
      },
      {
        "sku": "SKU002",
        "qty": 5,
        "unit_price": 7.5
      },
      {
        "sku": "SKU020",
        "qty": 3,
        "unit_price": 4.0
      }
    ]
  },
  {
    "order_id": "O202503060035",
    "customer_id": "C0094",
    "channel": "app",
    "created_at": "2025-03-06 10:22:39",
    "payment_status": "paid",
    "items": [
      {
        "sku": "SKU003",
        "qty": 2,
        "unit_price": 9.9
      }
    ]
  },
  {
    "order_id": "O202503060036",
    "customer_id": "C0153",
    "channel": "app",
    "created_at": "2025-03-06 07:05:00",
    "payment_status": "paid",
    "items": [
      {
        "sku": "SKU012",
        "qty": 5,
        "unit_price": 9.9
      },
      {
        "sku": "SKU017",
        "qty": 2,
        "unit_price": 9.9
      },
      {
        "sku": "SKU044",
        "qty": 4,
        "unit_price": 12.5
      },
      {
        "sku": "SKU040",
        "qty": 1,
        "unit_price": 7.5
      }
    ]
  },
  {
    "order_id": "O202503060037",
    "customer_id": "C0287",
    "channel": "app",
    "created_at": "2025-03-06 12:59:57",
    "payment_status": "paid",
    "items": [
      {
        "sku": "SKU037",
        "qty": 4,
        "unit_price": 15.0
      },
      {
        "sku": "SKU037",
        "qty": 3,
        "unit_price": 7.5
      },
      {
        "sku": "SKU003",
        "qty": 4,
        "unit_price": 9.9
      },
      {
        "sku": "SKU048",
        "qty": 5,
        "unit_price": 5.0
      }
    ]
  },
  {
    "order_id": "O202503060038",
    "customer_id": "C0540",
    "channel": "app",
    "created_at": "2025-03-06 18:26:33",
    "payment_status": "paid",
    "items": [
      {
        "sku": "SKU032",
        "qty": 3,
        "unit_price": 12.5
      },
      {
        "sku": "SKU045",
        "qty": 1,
        "unit_price": 19.9
      }
    ]
  },
  {
    "order_id": "O202503060039",
    "customer_id": "C0603",
    "channel": "web",
    "created_at": "2025-03-06 21:42:03",
    "payment_status": "paid",
    "items": [
      {
        "sku": "SKU046",
        "qty": 2,
        "unit_price": 12.5
      },
      {
        "sku": "SKU039",
        "qty": 3,
        "unit_price": 7.5
      },
      {
        "sku": "SKU016",
        "qty": 3,
        "unit_price": 2.5
      },
      {
        "sku": "SKU038",
        "qty": 1,
        "unit_price": 15.0
      }
    ]
  },
  {
    "order_id": "O202503060040",
    "customer_id": "C0341",
    "channel": "app",
    "created_at": "2025-03-06 07:44:22",
    "payment_status": "paid",
    "items": [
      {
        "sku": "SKU013",
        "qty": 3,
        "unit_price": 5.0
      },
      {
        "sku": "SKU021",
        "qty": 4,
        "unit_price": 9.9
      },
      {
        "sku": "SKU008",
        "qty": 4,
        "unit_price": 7.5
      }
    ]
  },
  {
    "order_id": "O202503060041",
    "customer_id": "C0697",
    "channel": "app",
    "created_at": "2025-03-06 22:07:29",
    "payment_status": "paid",
    "items": [
      {
        "sku": "SKU005",
        "qty": 1,
        "unit_price": 9.9
      },
      {
        "sku": "SKU011",
        "qty": 5,
        "unit_price": 2.5
      },
      {
        "sku": "SKU018",
        "qty": 4,
        "unit_price": 9.9
      },
      {
        "sku": "SKU009",
        "qty": 3,
        "unit_price": 9.9
      }
    ]
  },
  {
    "order_id": "O202503060042",
    "customer_id": "C0337",
    "channel": "app",
    "created_at": "2025-03-06 07:15:05",
    "payment_status": "paid",
    "items": [
      {
        "sku": "SKU013",
        "qty": 5,
        "unit_price": 7.5
      }
    ]
  },
  {
    "order_id": "O202503060043",
    "customer_id": "C0052",
    "channel": "web",
    "created_at": "2025-03-06 22:26:13",
    "payment_status": "paid",
    "items": [
      {
        "sku": "SKU016",
        "qty": 4,
        "unit_price": 24.9
      },
      {
        "sku": "SKU007",
        "qty": 3,
        "unit_price": 5.0
      },
      {
        "sku": "SKU049",
        "qty": 4,
        "unit_price": 2.5
      },
      {
        "sku": "SKU029",
        "qty": 2,
        "unit_price": 8.0
      }
    ]
  },
  {
    "order_id": "O202503060044",
    "customer_id": "C0311",
    "channel": "web",
    "created_at": "2025-03-06 21:38:33",
    "payment_status": "failed",
    "items": [
      {
        "sku": "SKU021",
        "qty": 1,
        "unit_price": 2.5
      }
    ]
  },
  {
    "order_id": "O202503060045",
    "customer_id": "C0109",
    "channel": "app",
    "created_at": "2025-03-06 11:39:47",
    "payment_status": "paid",
    "items": [
      {
        "sku": "SKU004",
        "qty": 3,
        "unit_price": 7.5
      }
    ]
  },
  {
    "order_id": "O202503060046",
    "customer_id": "C0610",
    "channel": "app",
    "created_at": "2025-03-06 22:51:59",
    "payment_status": "paid",
    "items": [
      {
        "sku": "SKU018",
        "qty": 3,
        "unit_price": 4.0
      }
    ]
  },
  {
    "order_id": "O202503060047",
    "customer_id": "C0726",
    "channel": "web",
    "created_at": "2025-03-06 08:42:45",
    "payment_status": "paid",
    "items": [
      {
        "sku": "SKU039",
        "qty": 3,
        "unit_price": 7.5
      }
    ]
  },
  {
    "order_id": "O202503060048",
    "customer_id": "C0580",
    "channel": "web",
    "created_at": "2025-03-06 16:28:30",
    "payment_status": "paid",
    "items": [
      {
        "sku": "SKU017",
        "qty": 4,
        "unit_price": 8.0
      }
    ]
  },
  {
    "order_id": "O202503060049",
    "customer_id": "C0367",
    "channel": "app",
    "created_at": "2025-03-06 20:16:28",
    "payment_status": "pending",
    "items": [
      {
        "sku": "SKU023",
        "qty": 3,
        "unit_price": 2.5
      },
      {
        "sku": "SKU020",
        "qty": 2,
        "unit_price": -7.5
      }
    ]
  },
  {
    "order_id": "O202503060050",
    "customer_id": "C0702",
    "channel": "app",
    "created_at": "2025-03-06 15:49:09",
    "payment_status": "paid",
    "items": [
      {
        "sku": "SKU047",
        "qty": 3,
        "unit_price": 5.0
      }
    ]
  },
  {
    "order_id": "O202503060051",
    "customer_id": "C0134",
    "channel": "web",
    "created_at": "2025-03-06 20:17:41",
    "payment_status": "paid",
    "items": [
      {
        "sku": "SKU007",
        "qty": 1,
        "unit_price": 19.9
      },
      {
        "sku": "SKU045",
        "qty": 1,
        "unit_price": 12.5
      },
      {
        "sku": "SKU029",
        "qty": 1,
        "unit_price": 5.0
      }
    ]
  },
  {
    "order_id": "O202503060052",
    "customer_id": "C0019",
    "channel": "web",
    "created_at": "2025-03-06 14:35:17",
    "payment_status": "paid",
    "items": [
      {
        "sku": "SKU034",
        "qty": 4,
        "unit_price": 2.5
      },
      {
        "sku": "SKU032",
        "qty": 5,
        "unit_price": 4.0
      }
    ]
  },
  {
    "order_id": "O202503060053",
    "customer_id": "C0568",
    "channel": "web",
    "created_at": "2025-03-06 17:34:14",
    "payment_status": "paid",
    "items": [
      {
        "sku": "SKU008",
        "qty": 2,
        "unit_price": 4.0
      },
      {
        "sku": "SKU027",
        "qty": 4,
        "unit_price": 2.5
      },
      {
        "sku": "SKU041",
        "qty": 1,
        "unit_price": 9.9
      },
      {
        "sku": "SKU037",
        "qty": 1,
        "unit_price": 9.9
      }
    ]
  },
  {
    "order_id": "O202503060054",
    "customer_id": "C0723",
    "channel": "web",
    "created_at": "2025-03-06 17:24:19",
    "payment_status": "paid",
    "items": [
      {
        "sku": "SKU011",
        "qty": 5,
        "unit_price": 15.0
      },
      {
        "sku": "SKU050",
        "qty": 3,
        "unit_price": 8.0
      },
      {
        "sku": "SKU040",
        "qty": 4,
        "unit_price": 5.0
      }
    ]
  },
  {
    "order_id": "O202503060055",
    "customer_id": "C0236",
    "channel": "web",
    "created_at": "2025-03-06 10:46:09",
    "payment_status": "paid",
    "items": [
      {
        "sku": "SKU025",
        "qty": 5,
        "unit_price": 4.0
      },
      {
        "sku": "SKU014",
        "qty": 5,
        "unit_price": 15.0
      },
      {
        "sku": "SKU005",
        "qty": 2,
        "unit_price": 9.9
      }
    ]
  },
  {
    "order_id": "O202503060056",
    "customer_id": "C0152",
    "channel": "app",
    "created_at": "2025-03-06 12:14:31",
    "payment_status": "paid",
    "items": [
      {
        "sku": "SKU045",
        "qty": 3,
        "unit_price": 19.9
      },
      {
        "sku": "SKU018",
        "qty": 5,
        "unit_price": 4.0
      },
      {
        "sku": "SKU046",
        "qty": 4,
        "unit_price": 19.9
      }
    ]
  },
  {
    "order_id": "O202503060057",
    "customer_id": "C0395",
    "channel": "web",
    "created_at": "2025-03-06 18:41:54",
    "payment_status": "paid",
    "items": [
      {
        "sku": "SKU042",
        "qty": 5,
        "unit_price": 2.5
      },
      {
        "sku": "SKU011",
        "qty": 4,
        "unit_price": 24.9
      },
      {
        "sku": "SKU032",
        "qty": 3,
        "unit_price": 4.0
      },
      {
        "sku": "SKU045",
        "qty": 2,
        "unit_price": 9.9
      }
    ]
  },
  {
    "order_id": "O202503060058",
    "customer_id": "C0277",
    "channel": "app",
    "created_at": "2025-03-06 19:59:39",
    "payment_status": "paid",
    "items": [
      {
        "sku": "SKU005",
        "qty": 5,
        "unit_price": 2.5
      },
      {
        "sku": "SKU011",
        "qty": 4,
        "unit_price": 5.0
      },
      {
        "sku": "SKU025",
        "qty": 2,
        "unit_price": 19.9
      }
    ]
  },
  {
    "order_id": "O202503060059",
    "customer_id": "C0291",
    "channel": "web",
    "created_at": "2025-03-06 09:43:01",
    "payment_status": "paid",
    "items": [
      {
        "sku": "SKU020",
        "qty": 4,
        "unit_price": 5.0
      },
      {
        "sku": "SKU015",
        "qty": 3,
        "unit_price": 15.0
      },
      {
        "sku": "SKU044",
        "qty": 1,
        "unit_price": 12.5
      },
      {
        "sku": "SKU009",
        "qty": 4,
        "unit_price": 24.9
      }
    ]
  },
  {
    "order_id": "O202503060060",
    "customer_id": "C0022",
    "channel": "web",
    "created_at": "2025-03-06 16:08:58",
    "payment_status": "paid",
    "items": [
      {
        "sku": "SKU049",
        "qty": 1,
        "unit_price": 24.9
      }
    ]
  },
  {
    "order_id": "O202503060061",
    "customer_id": "C0111",
    "channel": "web",
    "created_at": "2025-03-06 16:50:20",
    "payment_status": "paid",
    "items": [
      {
        "sku": "SKU047",
        "qty": 1,
        "unit_price": 24.9
      },
      {
        "sku": "SKU038",
        "qty": 3,
        "unit_price": 7.5
      },
      {
        "sku": "SKU026",
        "qty": 3,
        "unit_price": 7.5
      }
    ]
  },
  {
    "order_id": "O202503060062",
    "customer_id": "C0734",
    "channel": "app",
    "created_at": "2025-03-06 20:37:28",
    "payment_status": "paid",
    "items": [
      {
        "sku": "SKU031",
        "qty": 2,
        "unit_price": 4.0
      },
      {
        "sku": "SKU028",
        "qty": 3,
        "unit_price": 9.9
      }
    ]
  },
  {
    "order_id": "O202503060063",
    "customer_id": "C0145",
    "channel": "app",
    "created_at": "2025-03-06 19:11:00",
    "payment_status": "paid",
    "items": [
      {
        "sku": "SKU050",
        "qty": 1,
        "unit_price": 5.0
      },
      {
        "sku": "SKU020",
        "qty": 4,
        "unit_price": 8.0
      },
      {
        "sku": "SKU024",
        "qty": 1,
        "unit_price": 9.9
      }
    ]
  },
  {
    "order_id": "O202503060064",
    "customer_id": "C0094",
    "channel": "app",
    "created_at": "2025-03-06 11:53:36",
    "payment_status": "failed",
    "items": [
      {
        "sku": "SKU028",
        "qty": 4,
        "unit_price": 9.9
      },
      {
        "sku": "SKU032",
        "qty": 4,
        "unit_price": 9.9
      }
    ]
  },
  {
    "order_id": "O202503060065",
    "customer_id": "C0216",
    "channel": "web",
    "created_at": "2025-03-06 19:43:43",
    "payment_status": "paid",
    "items": [
      {
        "sku": "SKU025",
        "qty": 3,
        "unit_price": 12.5
      }
    ]
  },
  {
    "order_id": "O202503060066",
    "customer_id": "C0585",
    "channel": "web",
    "created_at": "2025-03-06 08:48:34",
    "payment_status": "paid",
    "items": [
      {
        "sku": "SKU024",
        "qty": 4,
        "unit_price": 2.5
      },
      {
        "sku": "SKU027",
        "qty": 5,
        "unit_price": 4.0
      }
    ]
  },
  {
    "order_id": "O202503060067",
    "customer_id": "C0558",
    "channel": "app",
    "created_at": "2025-03-06 11:46:55",
    "payment_status": "paid",
    "items": [
      {
        "sku": "SKU033",
        "qty": 3,
        "unit_price": 15.0
      },
      {
        "sku": "SKU028",
        "qty": 4,
        "unit_price": 7.5
      },
      {
        "sku": "SKU012",
        "qty": 2,
        "unit_price": 2.5
      },
      {
        "sku": "SKU039",
        "qty": 5,
        "unit_price": 9.9
      }
    ]
  },
  {
    "order_id": "O202503060068",
    "customer_id": "C0695",
    "channel": "web",
    "created_at": "2025-03-06 13:23:53",
    "payment_status": "paid",
    "items": [
      {
        "sku": "SKU015",
        "qty": 1,
        "unit_price": 8.0
      },
      {
        "sku": "SKU034",
        "qty": 1,
        "unit_price": 7.5
      },
      {
        "sku": "SKU043",
        "qty": 4,
        "unit_price": 15.0
      }
    ]
  },
  {
    "order_id": "O202503060069",
    "customer_id": "C0400",
    "channel": "app",
    "created_at": "2025-03-06 21:46:53",
    "payment_status": "paid",
    "items": [
      {
        "sku": "SKU019",
        "qty": 3,
        "unit_price": 9.9
      },
      {
        "sku": "SKU014",
        "qty": 1,
        "unit_price": 5.0
      },
      {
        "sku": "SKU036",
        "qty": 5,
        "unit_price": 19.9
      },
      {
        "sku": "SKU049",
        "qty": 2,
        "unit_price": 12.5
      }
    ]
  },
  {
    "order_id": "O202503060070",
    "customer_id": "C0225",
    "channel": "app",
    "created_at": "2025-03-06 15:07:54",
    "payment_status": "paid",
    "items": [
      {
        "sku": "SKU001",
        "qty": 3,
        "unit_price": 24.9
      },
      {
        "sku": "SKU004",
        "qty": 5,
        "unit_price": 2.5
      }
    ]
  },
  {
    "order_id": "O202503060071",
    "customer_id": "C0269",
    "channel": "app",
    "created_at": "2025-03-06 18:47:12",
    "payment_status": "pending",
    "items": [
      {
        "sku": "SKU003",
        "qty": 5,
        "unit_price": 4.0
      },
      {
        "sku": "SKU038",
        "qty": 4,
        "unit_price": 19.9
      }
    ]
  },
  {
    "order_id": "O202503060072",
    "customer_id": "C0434",
    "channel": "app",
    "created_at": "2025-03-06 07:33:26",
    "payment_status": "paid",
    "items": [
      {
        "sku": "SKU016",
        "qty": 4,
        "unit_price": 24.9
      },
      {
        "sku": "SKU040",
        "qty": 2,
        "unit_price": 12.5
      },
      {
        "sku": "SKU009",
        "qty": 4,
        "unit_price": 7.5
      }
    ]
  },
  {
    "order_id": "O202503060073",
    "customer_id": "C0258",
    "channel": "app",
    "created_at": "2025-03-06 10:02:50",
    "payment_status": "paid",
    "items": [
      {
        "sku": "SKU021",
        "qty": 5,
        "unit_price": 5.0
      },
      {
        "sku": "SKU005",
        "qty": 3,
        "unit_price": 4.0
      },
      {
        "sku": "SKU023",
        "qty": 5,
        "unit_price": 5.0
      }
    ]
  },
  {
    "order_id": "O202503060074",
    "customer_id": "C0435",
    "channel": "web",
    "created_at": "2025-03-06 22:46:06",
    "payment_status": "paid",
    "items": [
      {
        "sku": "SKU043",
        "qty": 3,
        "unit_price": 4.0
      },
      {
        "sku": "SKU010",
        "qty": 1,
        "unit_price": 5.0
      },
      {
        "sku": "SKU046",
        "qty": 1,
        "unit_price": 4.0
      }
    ]
  },
  {
    "order_id": "O202503060075",
    "customer_id": "C0036",
    "channel": "app",
    "created_at": "2025-03-06 21:37:20",
    "payment_status": "paid",
    "items": [
      {
        "sku": "SKU020",
        "qty": 4,
        "unit_price": 24.9
      },
      {
        "sku": "SKU023",
        "qty": 3,
        "unit_price": 9.9
      },
      {
        "sku": "SKU026",
        "qty": 2,
        "unit_price": 4.0
      },
      {
        "sku": "SKU047",
        "qty": 2,
        "unit_price": 15.0
      }
    ]
  },
  {
    "order_id": "O202503060076",
    "customer_id": "C0113",
    "channel": "web",
    "created_at": "2025-03-06 14:07:39",
    "payment_status": "paid",
    "items": [
      {
        "sku": "SKU042",
        "qty": 2,
        "unit_price": 15.0
      },
      {
        "sku": "SKU020",
        "qty": 3,
        "unit_price": 8.0
      }
    ]
  },
  {
    "order_id": "O202503060077",
    "customer_id": "C0469",
    "channel": "app",
    "created_at": "2025-03-06 13:46:29",
    "payment_status": "paid",
    "items": [
      {
        "sku": "SKU050",
        "qty": 4,
        "unit_price": 19.9
      }
    ]
  },
  {
    "order_id": "O202503060078",
    "customer_id": "C0713",
    "channel": "web",
    "created_at": "2025-03-06 16:33:31",
    "payment_status": "paid",
    "items": [
      {
        "sku": "SKU045",
        "qty": 5,
        "unit_price": 12.5
      },
      {
        "sku": "SKU047",
        "qty": 4,
        "unit_price": 8.0
      }
    ]
  },
  {
    "order_id": "O202503060079",
    "customer_id": "C0292",
    "channel": "app",
    "created_at": "2025-03-06 08:59:46",
    "payment_status": "paid",
    "items": [
      {
        "sku": "SKU005",
        "qty": 5,
        "unit_price": 4.0
      },
      {
        "sku": "SKU007",
        "qty": 4,
        "unit_price": 15.0
      },
      {
        "sku": "SKU007",
        "qty": 5,
        "unit_price": 9.9
      }
    ]
  },
  {
    "order_id": "O202503060080",
    "customer_id": "C0601",
    "channel": "web",
    "created_at": "2025-03-06 09:28:55",
    "payment_status": "pending",
    "items": [
      {
        "sku": "SKU029",
        "qty": 5,
        "unit_price": 2.5
      },
      {
        "sku": "SKU038",
        "qty": 1,
        "unit_price": 7.5
      },
      {
        "sku": "SKU029",
        "qty": 2,
        "unit_price": 4.0
      }
    ]
  },
  {
    "order_id": "O202503060081",
    "customer_id": "C0570",
    "channel": "web",
    "created_at": "2025-03-06 10:47:13",
    "payment_status": "paid",
    "items": [
      {
        "sku": "SKU022",
        "qty": 2,
        "unit_price": 12.5
      }
    ]
  },
  {
    "order_id": "O202503060082",
    "customer_id": "C0029",
    "channel": "app",
    "created_at": "2025-03-06 10:08:54",
    "payment_status": "paid",
    "items": [
      {
        "sku": "SKU022",
        "qty": 4,
        "unit_price": 19.9
      },
      {
        "sku": "SKU034",
        "qty": 3,
        "unit_price": 9.9
      },
      {
        "sku": "SKU004",
        "qty": 1,
        "unit_price": 5.0
      },
      {
        "sku": "SKU011",
        "qty": 4,
        "unit_price": 5.0
      }
    ]
  },
  {
    "order_id": "O202503060083",
    "customer_id": "C0527",
    "channel": "web",
    "created_at": "2025-03-06 17:39:04",
    "payment_status": "paid",
    "items": [
      {
        "sku": "SKU010",
        "qty": 5,
        "unit_price": 19.9
      },
      {
        "sku": "SKU022",
        "qty": 4,
        "unit_price": 2.5
      },
      {
        "sku": "SKU009",
        "qty": 4,
        "unit_price": 2.5
      },
      {
        "sku": "SKU003",
        "qty": 3,
        "unit_price": 7.5
      }
    ]
  },
  {
    "order_id": "O202503060084",
    "customer_id": "C0174",
    "channel": "web",
    "created_at": "2025-03-06 16:13:22",
    "payment_status": "paid",
    "items": [
      {
        "sku": "SKU028",
        "qty": 5,
        "unit_price": 4.0
      }
    ]
  },
  {
    "order_id": "O202503060085",
    "customer_id": "C0291",
    "channel": "app",
    "created_at": "2025-03-06 16:48:09",
    "payment_status": "paid",
    "items": [
      {
        "sku": "SKU041",
        "qty": 3,
        "unit_price": 4.0
      }
    ]
  },
  {
    "order_id": "O202503060086",
    "customer_id": "C0137",
    "channel": "app",
    "created_at": "2025-03-06 08:18:23",
    "payment_status": "failed",
    "items": [
      {
        "sku": "SKU021",
        "qty": 5,
        "unit_price": 8.0
      }
    ]
  },
  {
    "order_id": "O202503060087",
    "customer_id": "C0386",
    "channel": "web",
    "created_at": "2025-03-06 10:46:28",
    "payment_status": "paid",
    "items": [
      {
        "sku": "SKU049",
        "qty": 2,
        "unit_price": 7.5
      },
      {
        "sku": "SKU026",
        "qty": 1,
        "unit_price": 8.0
      },
      {
        "sku": "SKU007",
        "qty": 3,
        "unit_price": 12.5
      },
      {
        "sku": "SKU050",
        "qty": 4,
        "unit_price": 2.5
      }
    ]
  },
  {
    "order_id": "O202503060088",
    "customer_id": "C0437",
    "channel": "web",
    "created_at": "2025-03-06 18:57:38",
    "payment_status": "paid",
    "items": [
      {
        "sku": "SKU043",
        "qty": 3,
        "unit_price": 2.5
      }
    ]
  },
  {
    "order_id": "O202503060089",
    "customer_id": "C0159",
    "channel": "web",
    "created_at": "2025-03-06 15:08:33",
    "payment_status": "paid",
    "items": [
      {
        "sku": "SKU011",
        "qty": 1,
        "unit_price": 8.0
      },
      {
        "sku": "SKU040",
        "qty": 3,
        "unit_price": 12.5
      },
      {
        "sku": "SKU033",
        "qty": 4,
        "unit_price": 2.5
      }
    ]
  },
  {
    "order_id": "O202503060090",
    "customer_id": "C0741",
    "channel": "web",
    "created_at": "2025-03-06 22:36:58",
    "payment_status": "paid",
    "items": [
      {
        "sku": "SKU015",
        "qty": 1,
        "unit_price": 12.5
      }
    ]
  },
  {
    "order_id": "O202503060091",
    "customer_id": "C0659",
    "channel": "app",
    "created_at": "2025-03-06 18:10:24",
    "payment_status": "paid",
    "items": [
      {
        "sku": "SKU029",
        "qty": 5,
        "unit_price": 19.9
      }
    ]
  },
  {
    "order_id": "O202503060092",
    "customer_id": "C0700",
    "channel": "web",
    "created_at": "2025-03-06 09:36:57",
    "payment_status": "failed",
    "items": [
      {
        "sku": "SKU046",
        "qty": 3,
        "unit_price": 7.5
      }
    ]
  },
  {
    "order_id": "O202503060093",
    "customer_id": "C0468",
    "channel": "app",
    "created_at": "2025-03-06 10:10:08",
    "payment_status": "paid",
    "items": [
      {
        "sku": "SKU044",
        "qty": 5,
        "unit_price": 12.5
      },
      {
        "sku": "SKU006",
        "qty": 5,
        "unit_price": 9.9
      },
      {
        "sku": "SKU009",
        "qty": 3,
        "unit_price": 4.0
      },
      {
        "sku": "SKU030",
        "qty": 2,
        "unit_price": 19.9
      }
    ]
  },
  {
    "order_id": "O202503060094",
    "customer_id": "C0102",
    "channel": "app",
    "created_at": "2025-03-06 17:46:02",
    "payment_status": "paid",
    "items": [
      {
        "sku": "SKU010",
        "qty": 5,
        "unit_price": 7.5
      }
    ]
  },
  {
    "order_id": "O202503060095",
    "customer_id": "C0643",
    "channel": "app",
    "created_at": "2025-03-06 19:39:48",
    "payment_status": "paid",
    "items": [
      {
        "sku": "SKU040",
        "qty": 2,
        "unit_price": 9.9
      },
      {
        "sku": "SKU004",
        "qty": 5,
        "unit_price": 15.0
      },
      {
        "sku": "SKU028",
        "qty": 1,
        "unit_price": 4.0
      },
      {
        "sku": "SKU050",
        "qty": 4,
        "unit_price": 8.0
      }
    ]
  },
  {
    "order_id": "O202503060096",
    "customer_id": "C0505",
    "channel": "app",
    "created_at": "2025-03-06 08:27:05",
    "payment_status": "paid",
    "items": [
      {
        "sku": "SKU021",
        "qty": 2,
        "unit_price": 4.0
      },
      {
        "sku": "SKU023",
        "qty": 5,
        "unit_price": 19.9
      }
    ]
  },
  {
    "order_id": "O202503060097",
    "customer_id": "C0330",
    "channel": "app",
    "created_at": "2025-03-06 08:37:08",
    "payment_status": "paid",
    "items": [
      {
        "sku": "SKU026",
        "qty": 1,
        "unit_price": 24.9
      },
      {
        "sku": "SKU018",
        "qty": 4,
        "unit_price": 5.0
      }
    ]
  },
  {
    "order_id": "O202503060098",
    "customer_id": "C0611",
    "channel": "web",
    "created_at": "2025-03-06 16:07:00",
    "payment_status": "paid",
    "items": [
      {
        "sku": "SKU027",
        "qty": 3,
        "unit_price": 9.9
      },
      {
        "sku": "SKU012",
        "qty": 4,
        "unit_price": 8.0
      },
      {
        "sku": "SKU023",
        "qty": 5,
        "unit_price": 2.5
      }
    ]
  },
  {
    "order_id": "O202503060099",
    "customer_id": "C0601",
    "channel": "app",
    "created_at": "2025-03-06 21:07:33",
    "payment_status": "paid",
    "items": [
      {
        "sku": "SKU027",
        "qty": 5,
        "unit_price": 15.0
      },
      {
        "sku": "SKU010",
        "qty": 5,
        "unit_price": 5.0
      },
      {
        "sku": "SKU004",
        "qty": 2,
        "unit_price": 5.0
      }
    ]
  },
  {
    "order_id": "O202503060100",
    "customer_id": "C0273",
    "channel": "web",
    "created_at": "2025-03-06 17:43:54",
    "payment_status": "paid",
    "items": [
      {
        "sku": "SKU017",
        "qty": 4,
        "unit_price": 9.9
      },
      {
        "sku": "SKU027",
        "qty": 2,
        "unit_price": 5.0
      },
      {
        "sku": "SKU034",
        "qty": 2,
        "unit_price": 5.0
      }
    ]
  },
  {
    "order_id": "O202503060002",
    "customer_id": "C0780",
    "channel": "app",
    "created_at": "2025-03-06 16:32:58",
    "payment_status": "paid",
    "items": [
      {
        "sku": "SKU011",
        "qty": 4,
        "unit_price": 5.0
      }
    ]
  },
  {
    "order_id": "O202503060007",
    "customer_id": "C0424",
    "channel": "web",
    "created_at": "2025-03-06 10:04:52",
    "payment_status": "paid",
    "items": [
      {
        "sku": "SKU034",
        "qty": 1,
        "unit_price": 2.5
      },
      {
        "sku": "SKU038",
        "qty": 2,
        "unit_price": 9.9
      },
      {
        "sku": "SKU021",
        "qty": 4,
        "unit_price": 24.9
      }
    ]
  },
  {
    "order_id": "O202503060073",
    "customer_id": "C0258",
    "channel": "app",
    "created_at": "2025-03-06 10:02:50",
    "payment_status": "paid",
    "items": [
      {
        "sku": "SKU021",
        "qty": 5,
        "unit_price": 5.0
      },
      {
        "sku": "SKU005",
        "qty": 3,
        "unit_price": 4.0
      },
      {
        "sku": "SKU023",
        "qty": 5,
        "unit_price": 5.0
      }
    ]
  }
]