[
  {
    "order_id": "O202503130001",
    "customer_id": "C0484",
    "channel": "app",
    "created_at": "2025-03-13 09:39:12",
    "payment_status": "paid",
    "items": [
      {
        "sku": "SKU037",
        "qty": 4,
        "unit_price": 15.0
      },
      {
        "sku": "SKU024",
        "qty": 1,
        "unit_price": 19.9
      },
      {
        "sku": "SKU023",
        "qty": 1,
        "unit_price": 8.0
      }
    ]
  },
  {
    "order_id": "O202503130002",
    "customer_id": "C0767",
    "channel": "web",
    "created_at": "2025-03-13 13:53:45",
    "payment_status": "paid",
    "items": [
      {
        "sku": "SKU043",
        "qty": 4,
        "unit_price": 7.5
      },
      {
        "sku": "SKU006",
        "qty": 1,
        "unit_price": 12.5
      }
    ]
  },
  {
    "order_id": "O202503130003",
    "customer_id": "C0207",
    "channel": "web",
    "created_at": "2025-03-13 17:16:45",
    "payment_status": "failed",
    "items": [
      {
        "sku": "SKU045",
        "qty": 3,
        "unit_price": 9.9
      },
      {
        "sku": "SKU031",
        "qty": 1,
        "unit_price": 5.0
      }
    ]
  },
  {
    "order_id": "O202503130004",
    "customer_id": "C0640",
    "channel": "web",
    "created_at": "2025-03-13 13:38:53",
    "payment_status": "paid",
    "items": [
      {
        "sku": "SKU029",
        "qty": 1,
        "unit_price": 4.0
      }
    ]
  },
  {
    "order_id": "O202503130005",
    "customer_id": "C0778",
    "channel": "web",
    "created_at": "2025-03-13 08:55:32",
    "payment_status": "pending",
    "items": [
      {
        "sku": "SKU010",
        "qty": 2,
        "unit_price": 12.5
      },
      {
        "sku": "SKU008",
        "qty": 4,
        "unit_price": 9.9
      }
    ]
  },
  {
    "order_id": "O202503130006",
    "customer_id": "C0732",
    "channel": "app",
    "created_at": "2025-03-13 09:59:29",
    "payment_status": "failed",
    "items": [
      {
        "sku": "SKU026",
        "qty": 2,
        "unit_price": 15.0
      }
    ]
  },
  {
    "order_id": "O202503130007",
    "customer_id": "C0502",
    "channel": "app",
    "created_at": "2025-03-13 21:15:25",
    "payment_status": "paid",
    "items": [
      {
        "sku": "SKU023",
        "qty": 4,
        "unit_price": 15.0
      }
    ]
  },
  {
    "order_id": "O202503130008",
    "customer_id": "C0158",
    "channel": "web",
    "created_at": "2025-03-13 21:10:36",
    "payment_status": "paid",
    "items": [
      {
        "sku": "SKU045",
        "qty": 5,
        "unit_price": 9.9
      },
      {
        "sku": "SKU031",
        "qty": 3,
        "unit_price": 8.0
      },
      {
        "sku": "SKU020",
        "qty": 5,
        "unit_price": 5.0
      },
      {
        "sku": "SKU028",
        "qty": 1,
        "unit_price": 9.9
      }
    ]
  },
  {
    "order_id": "O202503130009",
    "customer_id": "C0631",
    "channel": "app",
    "created_at": "2025-03-13 17:49:34",
    "payment_status": "paid",
    "items": [
      {
        "sku": "SKU007",
        "qty": 2,
        "unit_price": 15.0
      },
      {
        "sku": "SKU047",
        "qty": 3,
        "unit_price": 2.5
      },
      {
        "sku": "SKU040",
        "qty": 2,
        "unit_price": 9.9
      }
    ]
  },
  {
    "order_id": "O202503130010",
    "customer_id": "C0272",
    "channel": "app",
    "created_at": "2025-03-13 10:14:40",
    "payment_status": "paid",
    "items": [
      {
        "sku": "SKU027",
        "qty": 5,
        "unit_price": 5.0
      },
      {
        "sku": "SKU017",
        "qty": 5,
        "unit_price": 12.5
      }
    ]
  },
  {
    "order_id": "O202503130011",
    "customer_id": "C0319",
    "channel": "web",
    "created_at": "2025-03-13 20:01:52",
    "payment_status": "paid",
    "items": [
      {
        "sku": "SKU019",
        "qty": 5,
        "unit_price": 5.0
      },
      {
        "sku": "SKU006",
        "qty": 2,
        "unit_price": 7.5
      },
      {
        "sku": "SKU043",
        "qty": 2,
        "unit_price": 15.0
      }
    ]
  },
  {
    "order_id": "O202503130012",
    "customer_id": "C0570",
    "channel": "app",
    "created_at": "2025-03-13 14:29:24",
    "payment_status": "paid",
    "items": [
      {
        "sku": "SKU022",
        "qty": 4,
        "unit_price": 4.0
      },
      {
        "sku": "SKU023",
        "qty": 4,
        "unit_price": 4.0
      },
      {
        "sku": "SKU047",
        "qty": 5,
        "unit_price": 5.0
      },
      {
        "sku": "SKU002",
        "qty": 2,
        "unit_price": 2.5
      }
    ]
  },
  {
    "order_id": "O202503130013",
    "customer_id": "C0197",
    "channel": "app",
    "created_at": "2025-03-13 14:49:03",
    "payment_status": "paid",
    "items": [
      {
        "sku": "SKU010",
        "qty": 1,
        "unit_price": 19.9
      }
    ]
  },
  {
    "order_id": "O202503130014",
    "customer_id": "C0783",
    "channel": "web",
    "created_at": "2025-03-13 07:24:45",
    "payment_status": "paid",
    "items": [
      {
        "sku": "SKU050",
        "qty": 5,
        "unit_price": 7.5
      }
    ]
  },
  {
    "order_id": "O202503130015",
    "customer_id": "C0629",
    "channel": "web",
    "created_at": "2025-03-13 15:10:42",
    "payment_status": "pending",
    "items": [
      {
        "sku": "SKU042",
        "qty": 3,
        "unit_price": 4.0
      },
      {
        "sku": "SKU010",
        "qty": 5,
        "unit_price": 19.9
      },
      {
        "sku": "SKU002",
        "qty": 1,
        "unit_price": 19.9
      },
      {
        "sku": "SKU046",
        "qty": 1,
        "unit_price": 5.0
      }
    ]
  },
  {
    "order_id": "O202503130016",
    "customer_id": "C0125",
    "channel": "web",
    "created_at": "2025-03-13 17:15:02",
    "payment_status": "paid",
    "items": [
      {
        "sku": "SKU049",
        "qty": 2,
        "unit_price": 7.5
      }
    ]
  },
  {
    "order_id": "O202503130017",
    "customer_id": "C0692",
    "channel": "app",
    "created_at": "2025-03-13 07:57:35",
    "payment_status": "paid",
    "items": [
      {
        "sku": "SKU040",
        "qty": 1,
        "unit_price": 5.0
      },
      {
        "sku": "SKU046",
        "qty": 1,
        "unit_price": 9.9
      },
      {
        "sku": "SKU027",
        "qty": 3,
        "unit_price": 9.9
      }
    ]
  },
  {
    "order_id": "O202503130018",
    "customer_id": "C0638",
    "channel": "app",
    "created_at": "2025-03-13 10:52:05",
    "payment_status": "paid",
    "items": [
      {
        "sku": "SKU028",
        "qty": 5,
        "unit_price": 7.5
      },
      {
        "sku": "SKU046",
        "qty": 3,
        "unit_price": 4.0
      }
    ]
  },
  {
    "order_id": "O202503130019",
    "customer_id": "C0190",
    "channel": "web",
    "created_at": "2025-03-13 10:35:57",
    "payment_status": "pending",
    "items": [
      {
        "sku": "SKU031",
        "qty": 5,
        "unit_price": 2.5
      },
      {
        "sku": "SKU023",
        "qty": 1,
        "unit_price": 15.0
      },
      {
        "sku": "SKU012",
        "qty": 3,
        "unit_price": 4.0
      },
      {
        "sku": "SKU028",
        "qty": 3,
        "unit_price": 5.0
      }
    ]
  },
  {
    "order_id": "O202503130020",
    "customer_id": "C0117",
    "channel": "web",
    "created_at": "2025-03-13 16:47:23",
    "payment_status": "paid",
    "items": [
      {
        "sku": "SKU048",
        "qty": 2,
        "unit_price": 2.5
      },
      {
        "sku": "SKU045",
        "qty": 4,
        "unit_price": 19.9
      },
      {
        "sku": "SKU044",
        "qty": 1,
        "unit_price": 15.0
      },
      {
        "sku": "SKU042",
        "qty": 5,
        "unit_price": 9.9
      }
    ]
  },
  {
    "order_id": "O202503130021",
    "customer_id": "C0628",
    "channel": "web",
    "created_at": "2025-03-13 09:51:34",
    "payment_status": "paid",
    "items": [
      {
        "sku": "SKU001",
        "qty": 5,
        "unit_price": 2.5
      },
      {
        "sku": "SKU016",
        "qty": 1,
        "unit_price": 2.5
      },
      {
        "sku": "SKU049",
        "qty": 5,
        "unit_price": 5.0
      },
      {
        "sku": "SKU006",
        "qty": 1,
        "unit_price": 9.9
      }
    ]
  },
  {
    "order_id": "O202503130022",
    "customer_id": "C0443",
    "channel": "web",
    "created_at": "2025-03-13 09:44:14",
    "payment_status": "paid",
    "items": [
      {
        "sku": "SKU048",
        "qty": 1,
        "unit_price": 15.0
      },
      {
        "sku": "SKU049",
        "qty": 2,
        "unit_price": 15.0
      },
      {
        "sku": "SKU036",
        "qty": 2,
        "unit_price": 2.5
      }
    ]
  },
  {
    "order_id": "O202503130023",
    "customer_id": "C0307",
    "channel": "app",
    "created_at": "2025-03-13 12:39:07",
    "payment_status": "paid",
    "items": [
      {
        "sku": "SKU034",
        "qty": 1,
        "unit_price": 5.0
      },
      {
        "sku": "SKU016",
        "qty": 1,
        "unit_price": 5.0
      },
      {
        "sku": "SKU003",
        "qty": 3,
        "unit_price": 8.0
      }
    ]
  },
  {
    "order_id": "O202503130024",
    "customer_id": "C0040",
    "channel": "web",
    "created_at": "2025-03-13 14:18:44",
    "payment_status": "paid",
    "items": [
      {
        "sku": "SKU002",
        "qty": 3,
        "unit_price": 8.0
      },
      {
        "sku": "SKU030",
        "qty": 3,
        "unit_price": 15.0
      },
      {
        "sku": "SKU018",
        "qty": 5,
        "unit_price": 2.5
      },
      {
        "sku": "SKU034",
        "qty": 2,
        "unit_price": 5.0
      }
    ]
  },
  {
    "order_id": "O202503130025",
    "customer_id": "C0195",
    "channel": "app",
    "created_at": "2025-03-13 09:49:20",
    "payment_status": "paid",
    "items": [
      {
        "sku": "SKU040",
        "qty": 5,
        "unit_price": 19.9
      },
      {
        "sku": "SKU004",
        "qty": 3,
        "unit_price": 7.5
      }
    ]
  },
  {
    "order_id": "O202503130026",
    "customer_id": "C0289",
    "channel": "web",
    "created_at": "2025-03-13 16:20:22",
    "payment_status": "paid",
    "items": [
      {
        "sku": "SKU032",
        "qty": 1,
        "unit_price": 5.0
      },
      {
        "sku": "SKU040",
        "qty": 4,
        "unit_price": 15.0
      },
      {
        "sku": "SKU045",
        "qty": 3,
        "unit_price": 5.0
      },
      {
        "sku": "SKU016",
        "qty": 1,
        "unit_price": 12.5
      }
    ]
  },
  {
    "order_id": "O202503130027",
    "customer_id": "C0394",
    "channel": "app",
    "created_at": "2025-03-13 15:07:42",
    "payment_status": "paid",
    "items": [
      {
        "sku": "SKU005",
        "qty": 4,
        "unit_price": 24.9
      }
    ]
  },
  {
    "order_id": "O202503130028",
    "customer_id": "C0073",
    "channel": "app",
    "created_at": "2025-03-13 15:42:28",
    "payment_status": "paid",
    "items": [
      {
        "sku": "SKU006",
        "qty": 2,
        "unit_price": 7.5
      }
    ]
  },
  {
    "order_id": "O202503130029",
    "customer_id": "C0179",
    "channel": "app",
    "created_at": "2025-03-13 15:55:06",
    "payment_status": "paid",
    "items": [
      {
        "sku": "SKU013",
        "qty": 5,
        "unit_price": 19.9
      },
      {
        "sku": "SKU040",
        "qty": 1,
        "unit_price": 2.5
      },
      {
        "sku": "SKU017",
        "qty": 2,
        "unit_price": 19.9
      }
    ]
  },
  {
    "order_id": "O202503130030",
    "customer_id": "C0491",
    "channel": "app",
    "created_at": "2025-03-13 11:31:02",
    "payment_status": "paid",
    "items": [
      {
        "sku": "SKU040",
        "qty": 1,
        "unit_price": 9.9
      },
      {
        "sku": "SKU043",
        "qty": 5,
        "unit_price": 5.0
      },
      {
        "sku": "SKU039",
        "qty": 1,
        "unit_price": 15.0
      }
    ]
  },
  {
    "order_id": "O202503130031",
    "customer_id": "C0499",
    "channel": "web",
    "created_at": "2025-03-13 07:20:32",
    "payment_status": "paid",
    "items": [
      {
        "sku": "SKU029",
        "qty": 3,
        "unit_price": 7.5
      },
      {
        "sku": "SKU038",
        "qty": 4,
        "unit_price": 19.9
      },
      {
        "sku": "SKU002",
        "qty": 5,
        "unit_price": 2.5
      },
      {
        "sku": "SKU015",
        "qty": 5,
        "unit_price": 15.0
      }
    ]
  },
  {
    "order_id": "O202503130032",
    "customer_id": "C0099",
    "channel": "web",
    "created_at": "2025-03-13 15:12:05",
    "payment_status": "paid",
    "items": [
      {
        "sku": "SKU012",
        "qty": 1,
        "unit_price": 15.0
      }
    ]
  },
  {
    "order_id": "O202503130033",
    "customer_id": "C0337",
    "channel": "web",
    "created_at": "2025-03-13 15:07:22",
    "payment_status": "paid",
    "items": [
      {
        "sku": "SKU013",
        "qty": 5,
        "unit_price": 7.5
      },
      {
        "sku": "SKU050",
        "qty": 5,
        "unit_price": 8.0
      },
      {
        "sku": "SKU041",
        "qty": 2,
        "unit_price": 15.0
      }
    ]
  },
  {
    "order_id": "O202503130034",
    "customer_id": "C0779",
    "channel": "app",
    "created_at": "2025-03-13 19:08:18",
    "payment_status": "paid",
    "items": [
      {
        "sku": "SKU038",
        "qty": 1,
        "unit_price": 19.9
      },
      {
        "sku": "SKU008",
        "qty": 3,
        "unit_price": 24.9
      },
      {
        "sku": "SKU039",
        "qty": 3,
        "unit_price": 8.0
      }
    ]
  },
  {
    "order_id": "O202503130035",
    "customer_id": "C0780",
    "channel": "web",
    "created_at": "2025-03-13 16:40:11",
    "payment_status": "pending",
    "items": [
      {
        "sku": "SKU035",
        "qty": 1,
        "unit_price": 12.5
      },
      {
        "sku": "SKU032",
        "qty": 3,
        "unit_price": 2.5
      },
      {
        "sku": "SKU008",
        "qty": 4,
        "unit_price": 5.0
      }
    ]
  },
  {
    "order_id": "O202503130036",
    "customer_id": "C0035",
    "channel": "app",
    "created_at": "2025-03-13 15:28:31",
    "payment_status": "paid",
    "items": [
      {
        "sku": "SKU024",
        "qty": 4,
        "unit_price": 12.5
      },
      {
        "sku": "SKU010",
        "qty": 5,
        "unit_price": 12.5
      }
    ]
  },
  {
    "order_id": "O202503130037",
    "customer_id": "C0390",
    "channel": "web",
    "created_at": "2025-03-13 21:09:08",
    "payment_status": "paid",
    "items": [
      {
        "sku": "SKU001",
        "qty": 1,
        "unit_price": 9.9
      }
    ]
  },
  {
    "order_id": "O202503130038",
    "customer_id": "C0739",
    "channel": "web",
    "created_at": "2025-03-13 17:55:20",
    "payment_status": "paid",
    "items": [
      {
        "sku": "SKU014",
        "qty": 3,
        "unit_price": 4.0
      },
      {
        "sku": "SKU024",
        "qty": 2,
        "unit_price": 15.0
      },
      {
        "sku": "SKU004",
        "qty": 5,
        "unit_price": 12.5
      },
      {
        "sku": "SKU048",
        "qty": 2,
        "unit_price": 2.5
      }
    ]
  },
  {
    "order_id": "O202503130039",
    "customer_id": "C0607",
    "channel": "web",
    "created_at": "2025-03-13 08:23:13",
    "payment_status": "paid",
    "items": [
      {
        "sku": "SKU002",
        "qty": 2,
        "unit_price": 5.0
      },
      {
        "sku": "SKU031",
        "qty": 1,
        "unit_price": 24.9
      },
      {
        "sku": "SKU015",
        "qty": 4,
        "unit_price": 24.9
      },
      {
        "sku": "SKU002",
        "qty": 1,
        "unit_price": 9.9
      }
    ]
  },
  {
    "order_id": "O202503130040",
    "customer_id": "C0162",
    "channel": "web",
    "created_at": "2025-03-13 17:26:32",
    "payment_status": "paid",
    "items": [
      {
        "sku": "SKU022",
        "qty": 4,
        "unit_price": 19.9
      },
      {
        "sku": "SKU015",
        "qty": 4,
        "unit_price": 8.0
      },
      {
        "sku": "SKU002",
        "qty": 4,
        "unit_price": 4.0
      },
      {
        "sku": "SKU006",
        "qty": 1,
        "unit_price": 12.5
      }
    ]
  },
  {
    "order_id": "O202503130041",
    "customer_id": "C0174",
    "channel": "app",
    "created_at": "2025-03-13 08:54:45",
    "payment_status": "paid",
    "items": [
      {
        "sku": "SKU006",
        "qty": 4,
        "unit_price": 5.0
      },
      {
        "sku": "SKU050",
        "qty": 1,
        "unit_price": 19.9
      },
      {
        "sku": "SKU043",
        "qty": 2,
        "unit_price": 24.9
      }
    ]
  },
  {
    "order_id": "O202503130042",
    "customer_id": "C0196",
    "channel": "app",
    "created_at": "2025-03-13 16:38:22",
    "payment_status": "paid",
    "items": [
      {
        "sku": "SKU019",
        "qty": 4,
        "unit_price": 15.0
      },
      {
        "sku": "SKU023",
        "qty": 5,
        "unit_price": 15.0
      }
    ]
  },
  {
    "order_id": "O202503130043",
    "customer_id": "C0666",
    "channel": "web",
    "created_at": "2025-03-13 21:00:50",
    "payment_status": "paid",
    "items": [
      {
        "sku": "SKU003",
        "qty": 3,
        "unit_price": 19.9
      },
      {
        "sku": "SKU010",
        "qty": 2,
        "unit_price": 12.5
      },
      {
        "sku": "SKU044",
        "qty": 1,
        "unit_price": 2.5
      },
      {
        "sku": "SKU008",
        "qty": 3,
        "unit_price": 12.5
      }
    ]
  },
  {
    "order_id": "O202503130044",
    "customer_id": "C0687",
    "channel": "app",
    "created_at": "2025-03-13 10:18:21",
    "payment_status": "paid",
    "items": [
      {
        "sku": "SKU039",
        "qty": 4,
        "unit_price": 7.5
      },
      {
        "sku": "SKU008",
        "qty": 5,
        "unit_price": 2.5
      },
      {
        "sku": "SKU002",
        "qty": 2,
        "unit_price": 15.0
      },
      {
        "sku": "SKU013",
        "qty": 3,
        "unit_price": 24.9
      }
    ]
  },
  {
    "order_id": "O202503130045",
    "customer_id": "C0394",
    "channel": "app",
    "created_at": "2025-03-13 16:05:04",
    "payment_status": "paid",
    "items": [
      {
        "sku": "SKU031",
        "qty": 4,
        "unit_price": 19.9
      }
    ]
  },
  {
    "order_id": "O202503130046",
    "customer_id": "C0136",
    "channel": "app",
    "created_at": "2025-03-13 09:22:48",
    "payment_status": "paid",
    "items": [
      {
        "sku": "SKU034",
        "qty": 1,
        "unit_price": 15.0
      }
    ]
  },
  {
    "order_id": "O202503130047",
    "customer_id": "C0556",
    "channel": "web",
    "created_at": "2025-03-13 19:40:47",
    "payment_status": "paid",
    "items": [
      {
        "sku": "SKU027",
        "qty": 2,
        "unit_price": 19.9
      }
    ]
  },
  {
    "order_id": "O202503130048",
    "customer_id": "C0350",
    "channel": "web",
    "created_at": "2025-03-13 11:09:30",
    "payment_status": "paid",
    "items": [
      {
        "sku": "SKU001",
        "qty": 4,
        "unit_price": 8.0
      },
      {
        "sku": "SKU038",
        "qty": 4,
        "unit_price": 15.0
      }
    ]
  },
  {
    "order_id": "O202503130049",
    "customer_id": "C0090",
    "channel": "web",
    "created_at": "2025-03-13 16:12:02",
    "payment_status": "paid",
    "items": [
      {
        "sku": "SKU009",
        "qty": 4,
        "unit_price": 2.5
      },
      {
        "sku": "SKU027",
        "qty": 3,
        "unit_price": 15.0
      },
      {
        "sku": "SKU031",
        "qty": 5,
        "unit_price": 4.0
      }
    ]
  },
  {
    "order_id": "O202503130050",
    "customer_id": "C0568",
    "channel": "web",
    "created_at": "2025-03-13 07:52:37",
    "payment_status": "paid",
    "items": [
      {
        "sku": "SKU036",
        "qty": 3,
        "unit_price": 7.5
      },
      {
        "sku": "SKU017",
        "qty": 2,
        "unit_price": 19.9
      }
    ]
  },
  {
    "order_id": "O202503130051",
    "customer_id": "C0277",
    "channel": "app",
    "created_at": "2025-03-13 12:39:57",
    "payment_status": "paid",
    "items": [
      {
        "sku": "SKU002",
        "qty": 5,
        "unit_price": 4.0
      },
      {
        "sku": "SKU023",
        "qty": 2,
        "unit_price": 4.0
      },
      {
        "sku": "SKU043",
        "qty": 1,
        "unit_price": 4.0
      },
      {
        "sku": "SKU017",
        "qty": 1,
        "unit_price": 9.9
      }
    ]
  },
  {
    "order_id": "O202503130052",
    "customer_id": "C0797",
    "channel": "web",
    "created_at": "2025-03-13 22:35:59",
    "payment_status": "paid",
    "items": [
      {
        "sku": "SKU004",
        "qty": 5,
        "unit_price": 19.9
      },
      {
        "sku": "SKU035",
        "qty": 3,
        "unit_price": 15.0
      },
      {
        "sku": "SKU028",
        "qty": 1,
        "unit_price": 24.9
      }
    ]
  },
  {
    "order_id": "O202503130053",
    "customer_id": "C0692",
    "channel": "app",
    "created_at": "2025-03-13 16:07:20",
    "payment_status": "paid",
    "items": [
      {
        "sku": "SKU020",
        "qty": 4,
        "unit_price": 5.0
      },
      {
        "sku": "SKU033",
        "qty": 5,
        "unit_price": 9.9
      },
      {
        "sku": "SKU048",
        "qty": 5,
        "unit_price": 2.5
      },
      {
        "sku": "SKU012",
        "qty": 3,
        "unit_price": 9.9
      }
    ]
  },
  {
    "order_id": "O202503130054",
    "customer_id": "C0206",
    "channel": "web",
    "created_at": "2025-03-13 22:09:20",
    "payment_status": "pending",
    "items": [
      {
        "sku": "SKU050",
        "qty": 1,
        "unit_price": 8.0
      }
    ]
  },
  {
    "order_id": "O202503130055",
    "customer_id": "C0114",
    "channel": "app",
    "created_at": "2025-03-13 17:03:50",
    "payment_status": "paid",
    "items": [
      {
        "sku": "SKU022",
        "qty": 5,
        "unit_price": 24.9
      },
      {
        "sku": "SKU009",
        "qty": 2,
        "unit_price": 8.0
      }
    ]
  },
  {
    "order_id": "O202503130056",
    "customer_id": "C0318",
    "channel": "app",
    "created_at": "2025-03-13 17:14:40",
    "payment_status": "paid",
    "items": [
      {
        "sku": "SKU044",
        "qty": 1,
        "unit_price": 12.5
      },
      {
        "sku": "SKU044",
        "qty": 4,
        "unit_price": 4.0
      },
      {
        "sku": "SKU022",
        "qty": 1,
        "unit_price": 8.0
      }
    ]
  },
  {
    "order_id": "O202503130057",
    "customer_id": "C0678",
    "channel": "web",
    "created_at": "2025-03-13 10:47:14",
    "payment_status": "paid",
    "items": [
      {
        "sku": "SKU021",
        "qty": 5,
        "unit_price": 9.9
      },
      {
        "sku": "SKU009",
        "qty": 2,
        "unit_price": 4.0
      },
      {
        "sku": "SKU018",
        "qty": 2,
        "unit_price": 8.0
      }
    ]
  },
  {
    "order_id": "O202503130058",
    "customer_id": "C0090",
    "channel": "web",
    "created_at": "2025-03-13 17:51:55",
    "payment_status": "paid",
    "items": [
      {
        "sku": "SKU017",
        "qty": 3,
        "unit_price": 12.5
      },
      {
        "sku": "SKU009",
        "qty": 5,
        "unit_price": 12.5
      },
      {
        "sku": "SKU008",
        "qty": 4,
        "unit_price": 2.5
      },
      {
        "sku": "SKU012",
        "qty": 5,
        "unit_price": 5.0
      }
    ]
  },
  {
    "order_id": "O202503130059",
    "customer_id": "C0115",
    "channel": "app",
    "created_at": "2025-03-13 19:18:47",
    "payment_status": "paid",
    "items": [
      {
        "sku": "SKU018",
        "qty": 2,
        "unit_price": 4.0
      },
      {
        "sku": "SKU049",
        "qty": 3,
        "unit_price": 8.0
      },
      {
        "sku": "SKU010",
        "qty": 3,
        "unit_price": 24.9
      }
    ]
  },
  {
    "order_id": "O202503130060",
    "customer_id": "C0312",
    "channel": "web",
    "created_at": "2025-03-13 07:49:49",
    "payment_status": "paid",
    "items": [
      {
        "sku": "SKU009",
        "qty": 5,
        "unit_price": 15.0
      },
      {
        "sku": "SKU012",
        "qty": 1,
        "unit_price": 24.9
      },
      {
        "sku": "SKU024",
        "qty": 1,
        "unit_price": 24.9
      }
    ]
  },
  {
    "order_id": "O202503130061",
    "customer_id": "C0191",
    "channel": "web",
    "created_at": "2025-03-13 22:43:47",
    "payment_status": "paid",
    "items": [
      {
        "sku": "SKU020",
        "qty": 5,
        "unit_price": 15.0
      },
      {
        "sku": "SKU017",
        "qty": 2,
        "unit_price": 8.0
      }
    ]
  },
  {
    "order_id": "O202503130062",
    "customer_id": "C0756",
    "channel": "web",
    "created_at": "2025-03-13 16:07:16",
    "payment_status": "paid",
    "items": [
      {
        "sku": "SKU038",
        "qty": 4,
        "unit_price": 2.5
      },
      {
        "sku": "SKU024",
        "qty": 4,
        "unit_price": 2.5
      }
    ]
  },
  {
    "order_id": "O202503130063",
    "customer_id": "C0074",
    "channel": "app",
    "created_at": "2025-03-13 22:20:21",
    "payment_status": "paid",
    "items": [
      {
        "sku": "SKU025",
        "qty": 4,
        "unit_price": 7.5
      },
      {
        "sku": "SKU015",
        "qty": 3,
        "unit_price": -2.5
      }
    ]
  },
  {
    "order_id": "O202503130064",
    "customer_id": "C0528",
    "channel": "web",
    "created_at": "2025-03-13 13:17:51",
    "payment_status": "paid",
    "items": [
      {
        "sku": "SKU011",
        "qty": 4,
        "unit_price": 2.5
      },
      {
        "sku": "SKU044",
        "qty": 5,
        "unit_price": 12.5
      },
      {
        "sku": "SKU043",
        "qty": 2,
        "unit_price": 19.9
      }
    ]
  },
  {
    "order_id": "O202503130065",
    "customer_id": "C0730",
    "channel": "app",
    "created_at": "2025-03-13 11:06:00",
    "payment_status": "paid",
    "items": [
      {
        "sku": "SKU001",
        "qty": 2,
        "unit_price": 8.0
      },
      {
        "sku": "SKU039",
        "qty": 4,
        "unit_price": 12.5
      },
      {
        "sku": "SKU037",
        "qty": 2,
        "unit_price": -4.0
      },
      {
        "sku": "SKU001",
        "qty": 2,
        "unit_price": 2.5
      }
    ]
  },
  {
    "order_id": "O202503130066",
    "customer_id": "C0475",
    "channel": "app",
    "created_at": "2025-03-13 13:36:45",
    "payment_status": "paid",
    "items": [
      {
        "sku": "SKU008",
        "qty": 3,
        "unit_price": 8.0
      },
      {
        "sku": "SKU014",
        "qty": 3,
        "unit_price": 19.9
      },
      {
        "sku": "SKU022",
        "qty": 4,
        "unit_price": 12.5
      },
      {
        "sku": "SKU035",
        "qty": 1,
        "unit_price": 7.5
      }
    ]
  },
  {
    "order_id": "O202503130067",
    "customer_id": "C0457",
    "channel": "app",
    "created_at": "2025-03-13 10:27:01",
    "payment_status": "paid",
    "items": [
      {
        "sku": "SKU016",
        "qty": 2,
        "unit_price": 2.5
      },
      {
        "sku": "SKU019",
        "qty": 1,
        "unit_price": 15.0
      },
      {
        "sku": "SKU032",
        "qty": 1,
        "unit_price": 12.5
      },
      {
        "sku": "SKU005",
        "qty": 4,
        "unit_price": 12.5
      }
    ]
  },
  {
    "order_id": "O202503130068",
    "customer_id": "C0690",
    "channel": "app",
    "created_at": "2025-03-13 16:26:48",
    "payment_status": "paid",
    "items": [
      {
        "sku": "SKU003",
        "qty": 5,
        "unit_price": 12.5
      },
      {
        "sku": "SKU018",
        "qty": 4,
        "unit_price": 2.5
      }
    ]
  },
  {
    "order_id": "O202503130069",
    "customer_id": "C0400",
    "channel": "app",
    "created_at": "2025-03-13 07:04:37",
    "payment_status": "paid",
    "items": [
      {
        "sku": "SKU037",
        "qty": 5,
        "unit_price": 7.5
      },
      {
        "sku": "SKU002",
        "qty": 3,
        "unit_price": 19.9
      }
    ]
  },
  {
    "order_id": "O202503130070",
    "customer_id": "C0554",
    "channel": "app",
    "created_at": "2025-03-13 14:57:17",
    "payment_status": "pending",
    "items": [
      {
        "sku": "SKU014",
        "qty": 5,
        "unit_price": 24.9
      },
      {
        "sku": "SKU017",
        "qty": 5,
        "unit_price": 8.0
      },
      {
        "sku": "SKU040",
        "qty": 2,
        "unit_price": 24.9
      }
    ]
  },
  {
    "order_id": "O202503130071",
    "customer_id": "C0597",
    "channel": "app",
    "created_at": "2025-03-13 10:21:01",
    "payment_status": "paid",
    "items": [
      {
        "sku": "SKU015",
        "qty": 3,
        "unit_price": 24.9
      },
      {
        "sku": "SKU034",
        "qty": 2,
        "unit_price": 9.9
      },
      {
        "sku": "SKU048",
        "qty": 5,
        "unit_price": 19.9
      }
    ]
  },
  {
    "order_id": "O202503130072",
    "customer_id": "C0563",
    "channel": "web",
    "created_at": "2025-03-13 13:55:59",
    "payment_status": "paid",
    "items": [
      {
        "sku": "SKU045",
        "qty": 1,
        "unit_price": 8.0
      },
      {
        "sku": "SKU032",
        "qty": 2,
        "unit_price": 5.0
      }
    ]
  },
  {
    "order_id": "O202503130073",
    "customer_id": "C0141",
    "channel": "web",
    "created_at": "2025-03-13 09:12:17",
    "payment_status": "paid",
    "items": [
      {
        "sku": "SKU032",
        "qty": 2,
        "unit_price": 19.9
      },
      {
        "sku": "SKU045",
        "qty": 1,
        "unit_price": 24.9
      },
      {
        "sku": "SKU048",
        "qty": 3,
        "unit_price": 2.5
      },
      {
        "sku": "SKU044",
        "qty": 3,
        "unit_price": 4.0
      }
    ]
  },
  {
    "order_id": "O202503130074",
    "customer_id": "C0397",
    "channel": "app",
    "created_at": "2025-03-13 20:50:23",
    "payment_status": "paid",
    "items": [
      {
        "sku": "SKU023",
        "qty": 5,
        "unit_price": 9.9
      },
      {
        "sku": "SKU037",
        "qty": 4,
        "unit_price": 19.9
      },
      {
        "sku": "SKU022",
        "qty": 4,
        "unit_price": 5.0
      },
      {
        "sku": "SKU024",
        "qty": 1,
        "unit_price": 12.5
      }
    ]
  },
  {
    "order_id": "O202503130075",
    "customer_id": "C0017",
    "channel": "web",
    "created_at": "2025-03-13 19:23:07",
    "payment_status": "paid",
    "items": [
      {
        "sku": "SKU043",
        "qty": 1,
        "unit_price": 8.0
      },
      {
        "sku": "SKU001",
        "qty": 5,
        "unit_price": 4.0
      },
      {
        "sku": "SKU038",
        "qty": 2,
        "unit_price": 4.0
      }
    ]
  },
  {
    "order_id": "O202503130076",
    "customer_id": "C0617",
    "channel": "app",
    "created_at": "2025-03-13 08:04:06",
    "payment_status": "paid",
    "items": [
      {
        "sku": "SKU021",
        "qty": 4,
        "unit_price": 2.5
      },
      {
        "sku": "SKU015",
        "qty": 5,
        "unit_price": 19.9
      }
    ]
  },
  {
    "order_id": "O202503130077",
    "customer_id": "C0100",
    "channel": "web",
    "created_at": "2025-03-13 09:24:44",
    "payment_status": "paid",
    "items": [
      {
        "sku": "SKU045",
        "qty": 5,
        "unit_price": 15.0
      },
      {
        "sku": "SKU038",
        "qty": 4,
        "unit_price": 8.0
      },
      {
        "sku": "SKU012",
        "qty": 4,
        "unit_price": 12.5
      },
      {
        "sku": "SKU023",
        "qty": 4,
        "unit_price": 19.9
      }
    ]
  },
  {
    "order_id": "O202503130078",
    "customer_id": "C0492",
    "channel": "web",
    "created_at": "2025-03-13 14:59:48",
    "payment_status": "paid",
    "items": [
      {
        "sku": "SKU010",
        "qty": 2,
        "unit_price": 15.0
      }
    ]
  },
  {
    "order_id": "O202503130079",
    "customer_id": "C0573",
    "channel": "app",
    "created_at": "2025-03-13 13:02:32",
    "payment_status": "paid",
    "items": [
      {
        "sku": "SKU047",
        "qty": 2,
        "unit_price": 5.0
      }
    ]
  },
  {
    "order_id": "O202503130080",
    "customer_id": "C0080",
    "channel": "app",
    "created_at": "2025-03-13 20:23:58",
    "payment_status": "paid",
    "items": [
      {
        "sku": "SKU016",
        "qty": 5,
        "unit_price": -2.5
      },
      {
        "sku": "SKU028",
        "qty": 2,
        "unit_price": 8.0
      },
      {
        "sku": "SKU046",
        "qty": 2,
        "unit_price": 19.9
      }
    ]
  },
  {
    "order_id": "O202503130081",
    "customer_id": "C0727",
    "channel": "web",
    "created_at": "2025-03-13 14:56:29",
    "payment_status": "paid",
    "items": [
      {
        "sku": "SKU032",
        "qty": 2,
        "unit_price": 8.0
      }
    ]
  },
  {
    "order_id": "O202503130082",
    "customer_id": "C0186",
    "channel": "app",
    "created_at": "2025-03-13 14:53:50",
    "payment_status": "paid",
    "items": [
      {
        "sku": "SKU046",
        "qty": 4,
        "unit_price": 15.0
      },
      {
        "sku": "SKU013",
        "qty": 4,
        "unit_price": 9.9
      },
      {
        "sku": "SKU038",
        "qty": 5,
        "unit_price": 5.0
      },
      {
        "sku": "SKU040",
        "qty": 3,
        "unit_price": 4.0
      }
    ]
  },
  {
    "order_id": "O202503130083",
    "customer_id": "C0093",
    "channel": "app",
    "created_at": "2025-03-13 14:06:49",
    "payment_status": "paid",
    "items": [
      {
        "sku": "SKU039",
        "qty": 4,
        "unit_price": 19.9
      },
      {
        "sku": "SKU010",
        "qty": 2,
        "unit_price": 4.0
      },
      {
        "sku": "SKU028",
        "qty": 4,
        "unit_price": 2.5
      },
      {
        "sku": "SKU009",
        "qty": 4,
        "unit_price": 12.5
      }
    ]
  },
  {
    "order_id": "O202503130084",
    "customer_id": "C0627",
    "channel": "app",
    "created_at": "2025-03-13 19:51:48",
    "payment_status": "paid",
    "items": [
      {
        "sku": "SKU041",
        "qty": 1,
        "unit_price": 2.5
      },
      {
        "sku": "SKU027",
        "qty": 5,
        "unit_price": 7.5
      }
    ]
  },
  {
    "order_id": "O202503130085",
    "customer_id": "C0290",
    "channel": "app",
    "created_at": "2025-03-13 22:40:54",
    "payment_status": "paid",
    "items": [
      {
        "sku": "SKU050",
        "qty": 1,
        "unit_price": 8.0
      },
      {
        "sku": "SKU005",
        "qty": 1,
        "unit_price": 7.5
      }
    ]
  },
  {
    "order_id": "O202503130086",
    "customer_id": "C0088",
    "channel": "app",
    "created_at": "2025-03-13 08:40:25",
    "payment_status": "paid",
    "items": [
      {
        "sku": "SKU031",
        "qty": 5,
        "unit_price": 24.9
      },
      {
        "sku": "SKU050",
        "qty": 1,
        "unit_price": 15.0
      }
    ]
  },
  {
    "order_id": "O202503130087",
    "customer_id": "C0382",
    "channel": "app",
    "created_at": "2025-03-13 07:29:08",
    "payment_status": "paid",
    "items": [
      {
        "sku": "SKU020",
        "qty": 4,
        "unit_price": 8.0
      },
      {
        "sku": "SKU003",
        "qty": 1,
        "unit_price": 4.0
      },
      {
        "sku": "SKU003",
        "qty": 3,
        "unit_price": 7.5
      }
    ]
  },
  {
    "order_id": "O202503130088",
    "customer_id": "C0249",
    "channel": "web",
    "created_at": "2025-03-13 19:44:44",
    "payment_status": "paid",
    "items": [
      {
        "sku": "SKU019",
        "qty": 4,
        "unit_price": 12.5
      }
    ]
  },
  {
    "order_id": "O202503130089",
    "customer_id": "C0147",
    "channel": "app",
    "created_at": "2025-03-13 09:16:29",
    "payment_status": "paid",
    "items": [
      {
        "sku": "SKU048",
        "qty": 1,
        "unit_price": 5.0
      },
      {
        "sku": "SKU001",
        "qty": 2,
        "unit_price": 4.0
      }
    ]
  },
  {
    "order_id": "O202503130090",
    "customer_id": "C0193",
    "channel": "app",
    "created_at": "2025-03-13 20:05:36",
    "payment_status": "paid",
    "items": [
      {
        "sku": "SKU015",
        "qty": 2,
        "unit_price": 7.5
      }
    ]
  },
  {
    "order_id": "O202503130091",
    "customer_id": "C0559",
    "channel": "app",
    "created_at": "2025-03-13 10:59:59",
    "payment_status": "paid",
    "items": [
      {
        "sku": "SKU048",
        "qty": 1,
        "unit_price": 12.5
      },
      {
        "sku": "SKU023",
        "qty": 2,
        "unit_price": 9.9
      }
    ]
  },
  {
    "order_id": "O202503130092",
    "customer_id": "C0482",
    "channel": "web",
    "created_at": "2025-03-13 20:28:10",
    "payment_status": "paid",
    "items": [
      {
        "sku": "SKU013",
        "qty": 1,
        "unit_price": 9.9
      },
      {
        "sku": "SKU019",
        "qty": 5,
        "unit_price": 8.0
      },
      {
        "sku": "SKU015",
        "qty": 4,
        "unit_price": 12.5
      },
      {
        "sku": "SKU033",
        "qty": 1,
        "unit_price": 8.0
      }
    ]
  },
  {
    "order_id": "O202503130093",
    "customer_id": "C0441",
    "channel": "web",
    "created_at": "2025-03-13 11:55:45",
    "payment_status": "paid",
    "items": [
      {
        "sku": "SKU002",
        "qty": 5,
        "unit_price": 15.0
      },
      {
        "sku": "SKU022",
        "qty": 2,
        "unit_price": 24.9
      }
    ]
  },
  {
    "order_id": "O202503130094",
    "customer_id": "C0794",
    "channel": "app",
    "created_at": "2025-03-13 11:19:20",
    "payment_status": "paid",
    "items": [
      {
        "sku": "SKU018",
        "qty": 5,
        "unit_price": 2.5
      },
      {
        "sku": "SKU014",
        "qty": 2,
        "unit_price": 4.0
      }
    ]
  },
  {
    "order_id": "O202503130095",
    "customer_id": "C0177",
    "channel": "app",
    "created_at": "2025-03-13 16:45:05",
    "payment_status": "paid",
    "items": [
      {
        "sku": "SKU020",
        "qty": 1,
        "unit_price": 8.0
      },
      {
        "sku": "SKU001",
        "qty": 4,
        "unit_price": 4.0
      },
      {
        "sku": "SKU013",
        "qty": 4,
        "unit_price": 19.9
      },
      {
        "sku": "SKU029",
        "qty": 5,
        "unit_price": 7.5
      }
    ]
  },
  {
    "order_id": "O202503130096",
    "customer_id": "C0454",
    "channel": "app",
    "created_at": "2025-03-13 08:54:15",
    "payment_status": "paid",
    "items": [
      {
        "sku": "SKU031",
        "qty": 2,
        "unit_price": 7.5
      },
      {
        "sku": "SKU012",
        "qty": 5,
        "unit_price": 15.0
      }
    ]
  },
  {
    "order_id": "O202503130097",
    "customer_id": "C0464",
    "channel": "app",
    "created_at": "2025-03-13 07:56:24",
    "payment_status": "paid",
    "items": [
      {
        "sku": "SKU044",
        "qty": 5,
        "unit_price": 7.5
      },
      {
        "sku": "SKU034",
        "qty": 2,
        "unit_price": 15.0
      },
      {
        "sku": "SKU041",
        "qty": 1,
        "unit_price": 8.0
      },
      {
        "sku": "SKU036",
        "qty": 4,
        "unit_price": 19.9
      }
    ]
  },
  {
    "order_id": "O202503130098",
    "customer_id": "C0089",
    "channel": "app",
    "created_at": "2025-03-13 17:01:17",
    "payment_status": "paid",
    "items": [
      {
        "sku": "SKU001",
        "qty": 3,
        "unit_price": 19.9
      },
      {
        "sku": "SKU029",
        "qty": 4,
        "unit_price": 5.0
      }
    ]
  },
  {
    "order_id": "O202503130099",
    "customer_id": "C0276",
    "channel": "web",
    "created_at": "2025-03-13 20:10:11",
    "payment_status": "paid",
    "items": [
      {
        "sku": "SKU008",
        "qty": 3,
        "unit_price": 24.9
      },
      {
        "sku": "SKU045",
        "qty": 1,
        "unit_price": 5.0
      },
      {
        "sku": "SKU036",
        "qty": 4,
        "unit_price": 24.9
      },
      {
        "sku": "SKU016",
        "qty": 4,
        "unit_price": -4.0
      }
    ]
  },
  {
    "order_id": "O202503130100",
    "customer_id": "C0062",
    "channel": "app",
    "created_at": "2025-03-13 17:52:09",
    "payment_status": "paid",
    "items": [
      {
        "sku": "SKU045",
        "qty": 2,
        "unit_price": 9.9
      },
      {
        "sku": "SKU002",
        "qty": 5,
        "unit_price": 4.0
      },
      {
        "sku": "SKU013",
        "qty": 1,
        "unit_price": 4.0
      },
      {
        "sku": "SKU030",
        "qty": 5,
        "unit_price": 15.0
      }
    ]
  },
  {
    "order_id": "O202503130044",
    "customer_id": "C0687",
    "channel": "app",
    "created_at": "2025-03-13 10:18:21",
    "payment_status": "paid",
    "items": [
      {
        "sku": "SKU039",
        "qty": 4,
        "unit_price": 7.5
      },
      {
        "sku": "SKU008",
        "qty": 5,
        "unit_price": 2.5
      },
      {
        "sku": "SKU002",
        "qty": 2,
        "unit_price": 15.0
      },
      {
        "sku": "SKU013",
        "qty": 3,
        "unit_price": 24.9
      }
    ]
  },
  {
    "order_id": "O202503130093",
    "customer_id": "C0441",
    "channel": "web",
    "created_at": "2025-03-13 11:55:45",
    "payment_status": "paid",
    "items": [
      {
        "sku": "SKU002",
        "qty": 5,
        "unit_price": 15.0
      },
      {
        "sku": "SKU022",
        "qty": 2,
        "unit_price": 24.9
      }
    ]
  },
  {
    "order_id": "O202503130070",
    "customer_id": "C0554",
    "channel": "app",
    "created_at": "2025-03-13 14:57:17",
    "payment_status": "pending",
    "items": [
      {
        "sku": "SKU014",
        "qty": 5,
        "unit_price": 24.9
      },
      {
        "sku": "SKU017",
        "qty": 5,
        "unit_price": 8.0
      },
      {
        "sku": "SKU040",
        "qty": 2,
        "unit_price": 24.9
      }
    ]
  }
]