[
  {
    "order_id": "O202503280001",
    "customer_id": "C0610",
    "channel": "app",
    "created_at": "2025-03-28 09:14:57",
    "payment_status": "pending",
    "items": [
      {
        "sku": "SKU030",
        "qty": 5,
        "unit_price": 5.0
      }
    ]
  },
  {
    "order_id": "O202503280002",
    "customer_id": "C0404",
    "channel": "app",
    "created_at": "2025-03-28 13:43:56",
    "payment_status": "paid",
    "items": [
      {
        "sku": "SKU040",
        "qty": 1,
        "unit_price": 9.9
      },
      {
        "sku": "SKU048",
        "qty": 3,
        "unit_price": 24.9
      },
      {
        "sku": "SKU043",
        "qty": 3,
        "unit_price": 5.0
      },
      {
        "sku": "SKU019",
        "qty": 1,
        "unit_price": 15.0
      }
    ]
  },
  {
    "order_id": "O202503280003",
    "customer_id": "C0602",
    "channel": "web",
    "created_at": "2025-03-28 16:06:33",
    "payment_status": "paid",
    "items": [
      {
        "sku": "SKU007",
        "qty": 2,
        "unit_price": 12.5
      },
      {
        "sku": "SKU003",
        "qty": 4,
        "unit_price": 7.5
      },
      {
        "sku": "SKU016",
        "qty": 1,
        "unit_price": 8.0
      }
    ]
  },
  {
    "order_id": "O202503280004",
    "customer_id": "C0721",
    "channel": "app",
    "created_at": "2025-03-28 13:42:37",
    "payment_status": "paid",
    "items": [
      {
        "sku": "SKU025",
        "qty": 3,
        "unit_price": 19.9
      },
      {
        "sku": "SKU046",
        "qty": 3,
        "unit_price": 4.0
      }
    ]
  },
  {
    "order_id": "O202503280005",
    "customer_id": "C0193",
    "channel": "app",
    "created_at": "2025-03-28 16:59:27",
    "payment_status": "paid",
    "items": [
      {
        "sku": "SKU008",
        "qty": 3,
        "unit_price": 7.5
      }
    ]
  },
  {
    "order_id": "O202503280006",
    "customer_id": "C0082",
    "channel": "app",
    "created_at": "2025-03-28 15:33:53",
    "payment_status": "paid",
    "items": [
      {
        "sku": "SKU040",
        "qty": 2,
        "unit_price": 24.9
      },
      {
        "sku": "SKU033",
        "qty": 2,
        "unit_price": 12.5
      },
      {
        "sku": "SKU046",
        "qty": 2,
        "unit_price": 4.0
      }
    ]
  },
  {
    "order_id": "O202503280007",
    "customer_id": "C0116",
    "channel": "app",
    "created_at": "2025-03-28 20:03:09",
    "payment_status": "paid",
    "items": [
      {
        "sku": "SKU045",
        "qty": 4,
        "unit_price": 19.9
      },
      {
        "sku": "SKU027",
        "qty": 4,
        "unit_price": 5.0
      }
    ]
  },
  {
    "order_id": "O202503280008",
    "customer_id": "C0450",
    "channel": "app",
    "created_at": "2025-03-28 09:07:01",
    "payment_status": "paid",
    "items": [
      {
        "sku": "SKU038",
        "qty": 4,
        "unit_price": 7.5
      },
      {
        "sku": "SKU033",
        "qty": 3,
        "unit_price": 5.0
      },
      {
        "sku": "SKU040",
        "qty": 2,
        "unit_price": 19.9
      }
    ]
  },
  {
    "order_id": "O202503280009",
    "customer_id": "C0007",
    "channel": "web",
    "created_at": "2025-03-28 15:37:43",
    "payment_status": "paid",
    "items": [
      {
        "sku": "SKU045",
        "qty": 4,
        "unit_price": 15.0
      },
      {
        "sku": "SKU036",
        "qty": 3,
        "unit_price": 2.5
      },
      {
        "sku": "SKU049",
        "qty": 3,
        "unit_price": 7.5
      }
    ]
  },
  {
    "order_id": "O202503280010",
    "customer_id": "C0052",
    "channel": "web",
    "created_at": "2025-03-28 07:07:19",
    "payment_status": "paid",
    "items": [
      {
        "sku": "SKU045",
        "qty": 2,
        "unit_price": 4.0
      },
      {
        "sku": "SKU017",
        "qty": 4,
        "unit_price": 7.5
      },
      {
        "sku": "SKU003",
        "qty": 2,
        "unit_price": 7.5
      },
      {
        "sku": "SKU049",
        "qty": 2,
        "unit_price": 8.0
      }
    ]
  },
  {
    "order_id": "O202503280011",
    "customer_id": "C0762",
    "channel": "app",
    "created_at": "2025-03-28 18:36:08",
    "payment_status": "paid",
    "items": [
      {
        "sku": "SKU019",
        "qty": 3,
        "unit_price": 9.9
      }
    ]
  },
  {
    "order_id": "O202503280012",
    "customer_id": "C0007",
    "channel": "web",
    "created_at": "2025-03-28 17:30:03",
    "payment_status": "paid",
    "items": [
      {
        "sku": "SKU021",
        "qty": 1,
        "unit_price": 9.9
      },
      {
        "sku": "SKU001",
        "qty": 5,
        "unit_price": 24.9
      },
      {
        "sku": "SKU013",
        "qty": 4,
        "unit_price": 8.0
      },
      {
        "sku": "SKU020",
        "qty": 4,
        "unit_price": 9.9
      }
    ]
  },
  {
    "order_id": "O202503280013",
    "customer_id": "C0618",
    "channel": "web",
    "created_at": "2025-03-28 15:28:16",
    "payment_status": "paid",
    "items": [
      {
        "sku": "SKU043",
        "qty": 2,
        "unit_price": 2.5
      },
      {
        "sku": "SKU043",
        "qty": 1,
        "unit_price": 5.0
      }
    ]
  },
  {
    "order_id": "O202503280014",
    "customer_id": "C0074",
    "channel": "app",
    "created_at": "2025-03-28 15:29:41",
    "payment_status": "paid",
    "items": [
      {
        "sku": "SKU003",
        "qty": 2,
        "unit_price": 12.5
      },
      {
        "sku": "SKU016",
        "qty": 1,
        "unit_price": 15.0
      },
      {
        "sku": "SKU025",
        "qty": 4,
        "unit_price": 2.5
      },
      {
        "sku": "SKU037",
        "qty": 1,
        "unit_price": 2.5
      }
    ]
  },
  {
    "order_id": "O202503280015",
    "customer_id": "C0346",
    "channel": "app",
    "created_at": "2025-03-28 09:25:39",
    "payment_status": "paid",
    "items": [
      {
        "sku": "SKU015",
        "qty": 5,
        "unit_price": 9.9
      }
    ]
  },
  {
    "order_id": "O202503280016",
    "customer_id": "C0208",
    "channel": "app",
    "created_at": "2025-03-28 20:54:28",
    "payment_status": "paid",
    "items": [
      {
        "sku": "SKU013",
        "qty": 3,
        "unit_price": 7.5
      },
      {
        "sku": "SKU014",
        "qty": 1,
        "unit_price": 4.0
      },
      {
        "sku": "SKU050",
        "qty": 1,
        "unit_price": 19.9
      }
    ]
  },
  {
    "order_id": "O202503280017",
    "customer_id": "C0788",
    "channel": "web",
    "created_at": "2025-03-28 17:39:58",
    "payment_status": "failed",
    "items": [
      {
        "sku": "SKU043",
        "qty": 4,
        "unit_price": 12.5
      },
      {
        "sku": "SKU025",
        "qty": 4,
        "unit_price": 12.5
      }
    ]
  },
  {
    "order_id": "O202503280018",
    "customer_id": "C0593",
    "channel": "app",
    "created_at": "2025-03-28 12:29:33",
    "payment_status": "paid",
    "items": [
      {
        "sku": "SKU038",
        "qty": 5,
        "unit_price": 7.5
      },
      {
        "sku": "SKU043",
        "qty": 5,
        "unit_price": 8.0
      },
      {
        "sku": "SKU044",
        "qty": 1,
        "unit_price": 5.0
      }
    ]
  },
  {
    "order_id": "O202503280019",
    "customer_id": "C0689",
    "channel": "app",
    "created_at": "2025-03-28 21:28:37",
    "payment_status": "paid",
    "items": [
      {
        "sku": "SKU037",
        "qty": 3,
        "unit_price": 2.5
      },
      {
        "sku": "SKU044",
        "qty": 3,
        "unit_price": 24.9
      }
    ]
  },
  {
    "order_id": "O202503280020",
    "customer_id": "C0595",
    "channel": "web",
    "created_at": "2025-03-28 09:32:11",
    "payment_status": "paid",
    "items": [
      {
        "sku": "SKU030",
        "qty": 4,
        "unit_price": 7.5
      }
    ]
  },
  {
    "order_id": "O202503280021",
    "customer_id": "C0029",
    "channel": "app",
    "created_at": "2025-03-28 17:01:07",
    "payment_status": "paid",
    "items": [
      {
        "sku": "SKU025",
        "qty": 5,
        "unit_price": 15.0
      },
      {
        "sku": "SKU029",
        "qty": 4,
        "unit_price": 2.5
      },
      {
        "sku": "SKU048",
        "qty": 2,
        "unit_price": 12.5
      }
    ]
  },
  {
    "order_id": "O202503280022",
    "customer_id": "C0434",
    "channel": "web",
    "created_at": "2025-03-28 09:21:05",
    "payment_status": "paid",
    "items": [
      {
        "sku": "SKU022",
        "qty": 4,
        "unit_price": 19.9
      },
      {
        "sku": "SKU030",
        "qty": 2,
        "unit_price": 5.0
      }
    ]
  },
  {
    "order_id": "O202503280023",
    "customer_id": "C0344",
    "channel": "web",
    "created_at": "2025-03-28 08:04:18",
    "payment_status": "paid",
    "items": [
      {
        "sku": "SKU024",
        "qty": 1,
        "unit_price": 5.0
      },
      {
        "sku": "SKU028",
        "qty": 1,
        "unit_price": 9.9
      }
    ]
  },
  {
    "order_id": "O202503280024",
    "customer_id": "C0151",
    "channel": "web",
    "created_at": "2025-03-28 16:53:41",
    "payment_status": "paid",
    "items": [
      {
        "sku": "SKU032",
        "qty": 3,
        "unit_price": 9.9
      },
      {
        "sku": "SKU013",
        "qty": 4,
        "unit_price": 24.9
      }
    ]
  },
  {
    "order_id": "O202503280025",
    "customer_id": "C0616",
    "channel": "app",
    "created_at": "2025-03-28 11:16:22",
    "payment_status": "paid",
    "items": [
      {
        "sku": "SKU016",
        "qty": 4,
        "unit_price": 19.9
      },
      {
        "sku": "SKU008",
        "qty": 3,
        "unit_price": 15.0
      },
      {
        "sku": "SKU009",
        "qty": 4,
        "unit_price": 2.5
      }
    ]
  },
  {
    "order_id": "O202503280026",
    "customer_id": "C0568",
    "channel": "web",
    "created_at": "2025-03-28 12:52:43",
    "payment_status": "pending",
    "items": [
      {
        "sku": "SKU028",
        "qty": 3,
        "unit_price": 12.5
      },
      {
        "sku": "SKU019",
        "qty": 5,
        "unit_price": 9.9
      }
    ]
  },
  {
    "order_id": "O202503280027",
    "customer_id": "C0397",
    "channel": "app",
    "created_at": "2025-03-28 16:03:17",
    "payment_status": "paid",
    "items": [
      {
        "sku": "SKU037",
        "qty": 5,
        "unit_price": 7.5
      },
      {
        "sku": "SKU031",
        "qty": 1,
        "unit_price": 12.5
      },
      {
        "sku": "SKU028",
        "qty": 3,
        "unit_price": 24.9
      }
    ]
  },
  {
    "order_id": "O202503280028",
    "customer_id": "C0043",
    "channel": "web",
    "created_at": "2025-03-28 21:10:51",
    "payment_status": "paid",
    "items": [
      {
        "sku": "SKU045",
        "qty": 2,
        "unit_price": 24.9
      },
      {
        "sku": "SKU037",
        "qty": 2,
        "unit_price": 24.9
      }
    ]
  },
  {
    "order_id": "O202503280029",
    "customer_id": "C0193",
    "channel": "app",
    "created_at": "2025-03-28 16:58:13",
    "payment_status": "paid",
    "items": [
      {
        "sku": "SKU001",
        "qty": 3,
        "unit_price": 5.0
      },
      {
        "sku": "SKU017",
        "qty": 4,
        "unit_price": 7.5
      },
      {
        "sku": "SKU024",
        "qty": 5,
        "unit_price": 15.0
      },
      {
        "sku": "SKU024",
        "qty": 5,
        "unit_price": 7.5
      }
    ]
  },
  {
    "order_id": "O202503280030",
    "customer_id": "C0423",
    "channel": "app",
    "created_at": "2025-03-28 10:50:16",
    "payment_status": "paid",
    "items": [
      {
        "sku": "SKU008",
        "qty": 3,
        "unit_price": 19.9
      },
      {
        "sku": "SKU028",
        "qty": 1,
        "unit_price": 24.9
      },
      {
        "sku": "SKU001",
        "qty": 2,
        "unit_price": 8.0
      }
    ]
  },
  {
    "order_id": "O202503280031",
    "customer_id": "C0373",
    "channel": "app",
    "created_at": "2025-03-28 21:58:44",
    "payment_status": "paid",
    "items": [
      {
        "sku": "SKU034",
        "qty": 1,
        "unit_price": 15.0
      },
      {
        "sku": "SKU017",
        "qty": 2,
        "unit_price": 8.0
      },
      {
        "sku": "SKU037",
        "qty": 4,
        "unit_price": 8.0
      },
      {
        "sku": "SKU043",
        "qty": 2,
        "unit_price": 24.9
      }
    ]
  },
  {
    "order_id": "O202503280032",
    "customer_id": "C0368",
    "channel": "web",
    "created_at": "2025-03-28 15:26:20",
    "payment_status": "paid",
    "items": [
      {
        "sku": "SKU040",
        "qty": 2,
        "unit_price": 19.9
      }
    ]
  },
  {
    "order_id": "O202503280033",
    "customer_id": "C0521",
    "channel": "app",
    "created_at": "2025-03-28 15:37:42",
    "payment_status": "paid",
    "items": [
      {
        "sku": "SKU030",
        "qty": 1,
        "unit_price": 15.0
      },
      {
        "sku": "SKU045",
        "qty": 5,
        "unit_price": 8.0
      },
      {
        "sku": "SKU017",
        "qty": 3,
        "unit_price": 9.9
      }
    ]
  },
  {
    "order_id": "O202503280034",
    "customer_id": "C0586",
    "channel": "app",
    "created_at": "2025-03-28 22:26:47",
    "payment_status": "paid",
    "items": [
      {
        "sku": "SKU008",
        "qty": 1,
        "unit_price": 9.9
      },
      {
        "sku": "SKU047",
        "qty": 1,
        "unit_price": 24.9
      }
    ]
  },
  {
    "order_id": "O202503280035",
    "customer_id": "C0586",
    "channel": "web",
    "created_at": "2025-03-28 11:22:31",
    "payment_status": "paid",
    "items": [
      {
        "sku": "SKU010",
        "qty": 2,
        "unit_price": 24.9
      },
      {
        "sku": "SKU025",
        "qty": 5,
        "unit_price": 4.0
      },
      {
        "sku": "SKU042",
        "qty": 3,
        "unit_price": 2.5
      },
      {
        "sku": "SKU007",
        "qty": 1,
        "unit_price": 4.0
      }
    ]
  },
  {
    "order_id": "O202503280036",
    "customer_id": "C0694",
    "channel": "web",
    "created_at": "2025-03-28 17:22:14",
    "payment_status": "paid",
    "items": [
      {
        "sku": "SKU022",
        "qty": 5,
        "unit_price": 15.0
      }
    ]
  },
  {
    "order_id": "O202503280037",
    "customer_id": "C0219",
    "channel": "app",
    "created_at": "2025-03-28 08:41:05",
    "payment_status": "paid",
    "items": [
      {
        "sku": "SKU015",
        "qty": 2,
        "unit_price": 15.0
      },
      {
        "sku": "SKU023",
        "qty": 1,
        "unit_price": -5.0
      },
      {
        "sku": "SKU014",
        "qty": 5,
        "unit_price": 24.9
      }
    ]
  },
  {
    "order_id": "O202503280038",
    "customer_id": "C0463",
    "channel": "web",
    "created_at": "2025-03-28 18:10:17",
    "payment_status": "paid",
    "items": [
      {
        "sku": "SKU010",
        "qty": 2,
        "unit_price": 24.9
      },
      {
        "sku": "SKU016",
        "qty": 2,
        "unit_price": 9.9
      },
      {
        "sku": "SKU049",
        "qty": 1,
        "unit_price": 9.9
      }
    ]
  },
  {
    "order_id": "O202503280039",
    "customer_id": "C0637",
    "channel": "app",
    "created_at": "2025-03-28 14:02:53",
    "payment_status": "paid",
    "items": [
      {
        "sku": "SKU040",
        "qty": 4,
        "unit_price": 8.0
      },
      {
        "sku": "SKU007",
        "qty": 3,
        "unit_price": 4.0
      }
    ]
  },
  {
    "order_id": "O202503280040",
    "customer_id": "C0266",
    "channel": "web",
    "created_at": "2025-03-28 10:15:15",
    "payment_status": "paid",
    "items": [
      {
        "sku": "SKU023",
        "qty": 4,
        "unit_price": 4.0
      },
      {
        "sku": "SKU037",
        "qty": 3,
        "unit_price": 19.9
      }
    ]
  },
  {
    "order_id": "O202503280041",
    "customer_id": "C0377",
    "channel": "web",
    "created_at": "2025-03-28 12:28:03",
    "payment_status": "paid",
    "items": [
      {
        "sku": "SKU018",
        "qty": 2,
        "unit_price": 19.9
      }
    ]
  },
  {
    "order_id": "O202503280042",
    "customer_id": "C0570",
    "channel": "web",
    "created_at": "2025-03-28 13:12:11",
    "payment_status": "paid",
    "items": [
      {
        "sku": "SKU004",
        "qty": 3,
        "unit_price": 19.9
      },
      {
        "sku": "SKU006",
        "qty": 1,
        "unit_price": 8.0
      },
      {
        "sku": "SKU041",
        "qty": 2,
        "unit_price": 24.9
      },
      {
        "sku": "SKU048",
        "qty": 5,
        "unit_price": 5.0
      }
    ]
  },
  {
    "order_id": "O202503280043",
    "customer_id": "C0378",
    "channel": "app",
    "created_at": "2025-03-28 17:05:44",
    "payment_status": "paid",
    "items": [
      {
        "sku": "SKU035",
        "qty": 1,
        "unit_price": 12.5
      }
    ]
  },
  {
    "order_id": "O202503280044",
    "customer_id": "C0792",
    "channel": "web",
    "created_at": "2025-03-28 08:03:02",
    "payment_status": "paid",
    "items": [
      {
        "sku": "SKU024",
        "qty": 2,
        "unit_price": 12.5
      },
      {
        "sku": "SKU013",
        "qty": 4,
        "unit_price": 8.0
      },
      {
        "sku": "SKU003",
        "qty": 5,
        "unit_price": 2.5
      },
      {
        "sku": "SKU047",
        "qty": 3,
        "unit_price": 2.5
      }
    ]
  },
  {
    "order_id": "O202503280045",
    "customer_id": "C0058",
    "channel": "app",
    "created_at": "2025-03-28 17:58:45",
    "payment_status": "paid",
    "items": [
      {
        "sku": "SKU011",
        "qty": 3,
        "unit_price": 7.5
      },
      {
        "sku": "SKU033",
        "qty": 5,
        "unit_price": 12.5
      },
      {
        "sku": "SKU021",
        "qty": 2,
        "unit_price": 2.5
      },
      {
        "sku": "SKU021",
        "qty": 1,
        "unit_price": 24.9
      }
    ]
  },
  {
    "order_id": "O202503280046",
    "customer_id": "C0293",
    "channel": "web",
    "created_at": "2025-03-28 07:47:11",
    "payment_status": "paid",
    "items": [
      {
        "sku": "SKU022",
        "qty": 2,
        "unit_price": 8.0
      },
      {
        "sku": "SKU027",
        "qty": 5,
        "unit_price": 15.0
      },
      {
        "sku": "SKU039",
        "qty": 2,
        "unit_price": 12.5
      }
    ]
  },
  {
    "order_id": "O202503280047",
    "customer_id": "C0753",
    "channel": "web",
    "created_at": "2025-03-28 18:53:28",
    "payment_status": "paid",
    "items": [
      {
        "sku": "SKU048",
        "qty": 4,
        "unit_price": 7.5
      }
    ]
  },
  {
    "order_id": "O202503280048",
    "customer_id": "C0631",
    "channel": "web",
    "created_at": "2025-03-28 13:56:03",
    "payment_status": "paid",
    "items": [
      {
        "sku": "SKU037",
        "qty": 1,
        "unit_price": 15.0
      }
    ]
  },
  {
    "order_id": "O202503280049",
    "customer_id": "C0181",
    "channel": "app",
    "created_at": "2025-03-28 22:05:13",
    "payment_status": "failed",
    "items": [
      {
        "sku": "SKU002",
        "qty": 2,
        "unit_price": 2.5
      },
      {
        "sku": "SKU019",
        "qty": 4,
        "unit_price": 9.9
      }
    ]
  },
  {
    "order_id": "O202503280050",
    "customer_id": "C0785",
    "channel": "web",
    "created_at": "2025-03-28 13:43:54",
    "payment_status": "paid",
    "items": [
      {
        "sku": "SKU039",
        "qty": 4,
        "unit_price": 4.0
      }
    ]
  },
  {
    "order_id": "O202503280051",
    "customer_id": "C0387",
    "channel": "web",
    "created_at": "2025-03-28 22:53:21",
    "payment_status": "paid",
    "items": [
      {
        "sku": "SKU021",
        "qty": 5,
        "unit_price": 4.0
      },
      {
        "sku": "SKU021",
        "qty": 5,
        "unit_price": 24.9
      }
    ]
  },
  {
    "order_id": "O202503280052",
    "customer_id": "C0656",
    "channel": "app",
    "created_at": "2025-03-28 19:58:10",
    "payment_status": "paid",
    "items": [
      {
        "sku": "SKU009",
        "qty": 4,
        "unit_price": 8.0
      }
    ]
  },
  {
    "order_id": "O202503280053",
    "customer_id": "C0443",
    "channel": "app",
    "created_at": "2025-03-28 13:55:04",
    "payment_status": "paid",
    "items": [
      {
        "sku": "SKU029",
        "qty": 1,
        "unit_price": 2.5
      }
    ]
  },
  {
    "order_id": "O202503280054",
    "customer_id": "C0374",
    "channel": "web",
    "created_at": "2025-03-28 10:17:07",
    "payment_status": "paid",
    "items": [
      {
        "sku": "SKU005",
        "qty": 4,
        "unit_price": 15.0
      },
      {
        "sku": "SKU004",
        "qty": 3,
        "unit_price": 12.5
      },
      {
        "sku": "SKU030",
        "qty": 4,
        "unit_price": 15.0
      },
      {
        "sku": "SKU001",
        "qty": 4,
        "unit_price": 19.9
      }
    ]
  },
  {
    "order_id": "O202503280055",
    "customer_id": "C0008",
    "channel": "web",
    "created_at": "2025-03-28 21:01:35",
    "payment_status": "paid",
    "items": [
      {
        "sku": "SKU042",
        "qty": 1,
        "unit_price": 4.0
      }
    ]
  },
  {
    "order_id": "O202503280056",
    "customer_id": "C0417",
    "channel": "app",
    "created_at": "2025-03-28 16:14:34",
    "payment_status": "paid",
    "items": [
      {
        "sku": "SKU042",
        "qty": 5,
        "unit_price": 24.9
      },
      {
        "sku": "SKU048",
        "qty": 3,
        "unit_price": 8.0
      },
      {
        "sku": "SKU044",
        "qty": 4,
        "unit_price": 12.5
      },
      {
        "sku": "SKU021",
        "qty": 5,
        "unit_price": 12.5
      }
    ]
  },
  {
    "order_id": "O202503280057",
    "customer_id": "C0602",
    "channel": "web",
    "created_at": "2025-03-28 08:29:38",
    "payment_status": "paid",
    "items": [
      {
        "sku": "SKU027",
        "qty": 1,
        "unit_price": 4.0
      },
      {
        "sku": "SKU014",
        "qty": 1,
        "unit_price": 8.0
      },
      {
        "sku": "SKU034",
        "qty": 5,
        "unit_price": 2.5
      },
      {
        "sku": "SKU021",
        "qty": 1,
        "unit_price": 8.0
      }
    ]
  },
  {
    "order_id": "O202503280058",
    "customer_id": "C0234",
    "channel": "web",
    "created_at": "2025-03-28 12:50:47",
    "payment_status": "paid",
    "items": [
      {
        "sku": "SKU005",
        "qty": 3,
        "unit_price": 8.0
      }
    ]
  },
  {
    "order_id": "O202503280059",
    "customer_id": "C0335",
    "channel": "app",
    "created_at": "2025-03-28 21:29:42",
    "payment_status": "paid",
    "items": [
      {
        "sku": "SKU025",
        "qty": 3,
        "unit_price": 5.0
      },
      {
        "sku": "SKU039",
        "qty": 4,
        "unit_price": 8.0
      },
      {
        "sku": "SKU024",
        "qty": 4,
        "unit_price": 7.5
      },
      {
        "sku": "SKU050",
        "qty": 2,
        "unit_price": 2.5
      }
    ]
  },
  {
    "order_id": "O202503280060",
    "customer_id": "C0743",
    "channel": "web",
    "created_at": "2025-03-28 12:37:02",
    "payment_status": "paid",
    "items": [
      {
        "sku": "SKU023",
        "qty": 3,
        "unit_price": 4.0
      },
      {
        "sku": "SKU022",
        "qty": 2,
        "unit_price": 5.0
      },
      {
        "sku": "SKU038",
        "qty": 3,
        "unit_price": 7.5
      }
    ]
  },
  {
    "order_id": "O202503280061",
    "customer_id": "C0569",
    "channel": "web",
    "created_at": "2025-03-28 14:50:33",
    "payment_status": "paid",
    "items": [
      {
        "sku": "SKU047",
        "qty": 5,
        "unit_price": 19.9
      },
      {
        "sku": "SKU008",
        "qty": 2,
        "unit_price": 5.0
      }
    ]
  },
  {
    "order_id": "O202503280062",
    "customer_id": "C0642",
    "channel": "web",
    "created_at": "2025-03-28 14:43:56",
    "payment_status": "paid",
    "items": [
      {
        "sku": "SKU001",
        "qty": 5,
        "unit_price": 2.5
      },
      {
        "sku": "SKU039",
        "qty": 3,
        "unit_price": 5.0
      },
      {
        "sku": "SKU049",
        "qty": 5,
        "unit_price": 15.0
      }
    ]
  },
  {
    "order_id": "O202503280063",
    "customer_id": "C0521",
    "channel": "app",
    "created_at": "2025-03-28 13:22:07",
    "payment_status": "paid",
    "items": [
      {
        "sku": "SKU004",
        "qty": 2,
        "unit_price": 8.0
      },
      {
        "sku": "SKU005",
        "qty": 3,
        "unit_price": 12.5
      },
      {
        "sku": "SKU005",
        "qty": 5,
        "unit_price": 8.0
      }
    ]
  },
  {
    "order_id": "O202503280064",
    "customer_id": "C0208",
    "channel": "app",
    "created_at": "2025-03-28 18:57:30",
    "payment_status": "paid",
    "items": [
      {
        "sku": "SKU033",
        "qty": 3,
        "unit_price": 19.9
      },
      {
        "sku": "SKU047",
        "qty": 2,
        "unit_price": 4.0
      },
      {
        "sku": "SKU034",
        "qty": 1,
        "unit_price": 4.0
      },
      {
        "sku": "SKU036",
        "qty": 2,
        "unit_price": 9.9
      }
    ]
  },
  {
    "order_id": "O202503280065",
    "customer_id": "C0545",
    "channel": "web",
    "created_at": "2025-03-28 14:15:16",
    "payment_status": "paid",
    "items": [
      {
        "sku": "SKU013",
        "qty": 3,
        "unit_price": 7.5
      },
      {
        "sku": "SKU005",
        "qty": 2,
        "unit_price": 5.0
      },
      {
        "sku": "SKU040",
        "qty": 3,
        "unit_price": 2.5
      },
      {
        "sku": "SKU004",
        "qty": 2,
        "unit_price": 7.5
      }
    ]
  },
  {
    "order_id": "O202503280066",
    "customer_id": "C0350",
    "channel": "app",
    "created_at": "2025-03-28 08:25:16",
    "payment_status": "paid",
    "items": [
      {
        "sku": "SKU045",
        "qty": 2,
        "unit_price": 15.0
      },
      {
        "sku": "SKU047",
        "qty": 5,
        "unit_price": 5.0
      },
      {
        "sku": "SKU004",
        "qty": 2,
        "unit_price": 5.0
      },
      {
        "sku": "SKU020",
        "qty": 5,
        "unit_price": 24.9
      }
    ]
  },
  {
    "order_id": "O202503280067",
    "customer_id": "C0651",
    "channel": "app",
    "created_at": "2025-03-28 17:21:00",
    "payment_status": "paid",
    "items": [
      {
        "sku": "SKU004",
        "qty": 2,
        "unit_price": 4.0
      },
      {
        "sku": "SKU002",
        "qty": 3,
        "unit_price": 8.0
      }
    ]
  },
  {
    "order_id": "O202503280068",
    "customer_id": "C0716",
    "channel": "web",
    "created_at": "2025-03-28 09:09:24",
    "payment_status": "pending",
    "items": [
      {
        "sku": "SKU027",
        "qty": 1,
        "unit_price": 4.0
      },
      {
        "sku": "SKU007",
        "qty": 1,
        "unit_price": 7.5
      },
      {
        "sku": "SKU039",
        "qty": 1,
        "unit_price": 2.5
      },
      {
        "sku": "SKU009",
        "qty": 4,
        "unit_price": 15.0
      }
    ]
  },
  {
    "order_id": "O202503280069",
    "customer_id": "C0164",
    "channel": "web",
    "created_at": "2025-03-28 16:47:24",
    "payment_status": "paid",
    "items": [
      {
        "sku": "SKU028",
        "qty": 2,
        "unit_price": 15.0
      },
      {
        "sku": "SKU042",
        "qty": 1,
        "unit_price": 24.9
      }
    ]
  },
  {
    "order_id": "O202503280070",
    "customer_id": "C0097",
    "channel": "app",
    "created_at": "2025-03-28 09:06:19",
    "payment_status": "paid",
    "items": [
      {
        "sku": "SKU031",
        "qty": 4,
        "unit_price": 12.5
      }
    ]
  },
  {
    "order_id": "O202503280071",
    "customer_id": "C0005",
    "channel": "web",
    "created_at": "2025-03-28 21:31:21",
    "payment_status": "paid",
    "items": [
      {
        "sku": "SKU042",
        "qty": 1,
        "unit_price": 7.5
      },
      {
        "sku": "SKU025",
        "qty": 2,
        "unit_price": 5.0
      }
    ]
  },
  {
    "order_id": "O202503280072",
    "customer_id": "C0795",
    "channel": "web",
    "created_at": "2025-03-28 16:20:54",
    "payment_status": "paid",
    "items": [
      {
        "sku": "SKU029",
        "qty": 3,
        "unit_price": 2.5
      }
    ]
  },
  {
    "order_id": "O202503280073",
    "customer_id": "C0563",
    "channel": "app",
    "created_at": "2025-03-28 08:23:21",
    "payment_status": "paid",
    "items": [
      {
        "sku": "SKU019",
        "qty": 5,
        "unit_price": 8.0
      },
      {
        "sku": "SKU005",
        "qty": 4,
        "unit_price": 5.0
      },
      {
        "sku": "SKU035",
        "qty": 2,
        "unit_price": 15.0
      }
    ]
  },
  {
    "order_id": "O202503280074",
    "customer_id": "C0186",
    "channel": "web",
    "created_at": "2025-03-28 20:37:08",
    "payment_status": "paid",
    "items": [
      {
        "sku": "SKU037",
        "qty": 1,
        "unit_price": 5.0
      }
    ]
  },
  {
    "order_id": "O202503280075",
    "customer_id": "C0552",
    "channel": "web",
    "created_at": "2025-03-28 22:32:37",
    "payment_status": "paid",
    "items": [
      {
        "sku": "SKU043",
        "qty": 1,
        "unit_price": 9.9
      },
      {
        "sku": "SKU007",
        "qty": 4,
        "unit_price": 15.0
      }
    ]
  },
  {
    "order_id": "O202503280076",
    "customer_id": "C0278",
    "channel": "web",
    "created_at": "2025-03-28 10:38:41",
    "payment_status": "paid",
    "items": [
      {
        "sku": "SKU012",
        "qty": 1,
        "unit_price": 19.9
      }
    ]
  },
  {
    "order_id": "O202503280077",
    "customer_id": "C0615",
    "channel": "app",
    "created_at": "2025-03-28 17:51:43",
    "payment_status": "paid",
    "items": [
      {
        "sku": "SKU040",
        "qty": 2,
        "unit_price": 19.9
      }
    ]
  },
  {
    "order_id": "O202503280078",
    "customer_id": "C0392",
    "channel": "web",
    "created_at": "2025-03-28 09:34:51",
    "payment_status": "paid",
    "items": [
      {
        "sku": "SKU004",
        "qty": 1,
        "unit_price": 2.5
      },
      {
        "sku": "SKU013",
        "qty": 1,
        "unit_price": 4.0
      },
      {
        "sku": "SKU033",
        "qty": 1,
        "unit_price": 24.9
      }
    ]
  },
  {
    "order_id": "O202503280079",
    "customer_id": "C0543",
    "channel": "web",
    "created_at": "2025-03-28 21:35:08",
    "payment_status": "paid",
    "items": [
      {
        "sku": "SKU049",
        "qty": 3,
        "unit_price": 8.0
      }
    ]
  },
  {
    "order_id": "O202503280080",
    "customer_id": "C0058",
    "channel": "app",
    "created_at": "2025-03-28 12:04:51",
    "payment_status": "paid",
    "items": [
      {
        "sku": "SKU032",
        "qty": 3,
        "unit_price": 4.0
      },
      {
        "sku": "SKU036",
        "qty": 3,
        "unit_price": 7.5
      }
    ]
  },
  {
    "order_id": "O202503280081",
    "customer_id": "C0097",
    "channel": "app",
    "created_at": "2025-03-28 21:47:12",
    "payment_status": "failed",
    "items": [
      {
        "sku": "SKU005",
        "qty": 1,
        "unit_price": 5.0
      },
      {
        "sku": "SKU044",
        "qty": 1,
        "unit_price": 2.5
      },
      {
        "sku": "SKU015",
        "qty": 4,
        "unit_price": 19.9
      },
      {
        "sku": "SKU001",
        "qty": 4,
        "unit_price": 2.5
      }
    ]
  },
  {
    "order_id": "O202503280082",
    "customer_id": "C0448",
    "channel": "web",
    "created_at": "2025-03-28 12:46:51",
    "payment_status": "paid",
    "items": [
      {
        "sku": "SKU024",
        "qty": 1,
        "unit_price": 9.9
      }
    ]
  },
  {
    "order_id": "O202503280083",
    "customer_id": "C0543",
    "channel": "web",
    "created_at": "2025-03-28 15:00:13",
    "payment_status": "paid",
    "items": [
      {
        "sku": "SKU049",
        "qty": 3,
        "unit_price": 5.0
      },
      {
        "sku": "SKU001",
        "qty": 2,
        "unit_price": 8.0
      },
      {
        "sku": "SKU048",
        "qty": 1,
        "unit_price": 4.0
      }
    ]
  },
  {
    "order_id": "O202503280084",
    "customer_id": "C0232",
    "channel": "web",
    "created_at": "2025-03-28 16:31:23",
    "payment_status": "paid",
    "items": [
      {
        "sku": "SKU033",
        "qty": 4,
        "unit_price": 4.0
      },
      {
        "sku": "SKU013",
        "qty": 4,
        "unit_price": 2.5
      }
    ]
  },
  {
    "order_id": "O202503280085",
    "customer_id": "C0298",
    "channel": "app",
    "created_at": "2025-03-28 08:28:52",
    "payment_status": "pending",
    "items": [
      {
        "sku": "SKU022",
        "qty": 1,
        "unit_price": 8.0
      },
      {
        "sku": "SKU037",
        "qty": 5,
        "unit_price": 4.0
      }
    ]
  },
  {
    "order_id": "O202503280086",
    "customer_id": "C0158",
    "channel": "app",
    "created_at": "2025-03-28 17:11:19",
    "payment_status": "paid",
    "items": [
      {
        "sku": "SKU022",
        "qty": 3,
        "unit_price": 24.9
      },
      {
        "sku": "SKU025",
        "qty": 1,
        "unit_price": 24.9
      },
      {
        "sku": "SKU034",
        "qty": 1,
        "unit_price": 2.5
      }
    ]
  },
  {
    "order_id": "O202503280087",
    "customer_id": "C0250",
    "channel": "app",
    "created_at": "2025-03-28 21:32:06",
    "payment_status": "paid",
    "items": [
      {
        "sku": "SKU039",
        "qty": 3,
        "unit_price": 5.0
      },
      {
        "sku": "SKU030",
        "qty": 2,
        "unit_price": 24.9
      },
      {
        "sku": "SKU034",
        "qty": 1,
        "unit_price": 4.0
      },
      {
        "sku": "SKU037",
        "qty": 2,
        "unit_price": 2.5
      }
    ]
  },
  {
    "order_id": "O202503280088",
    "customer_id": "C0540",
    "channel": "app",
    "created_at": "2025-03-28 17:35:25",
    "payment_status": "paid",
    "items": [
      {
        "sku": "SKU023",
        "qty": 1,
        "unit_price": 4.0
      },
      {
        "sku": "SKU046",
        "qty": 5,
        "unit_price": 12.5
      },
      {
        "sku": "SKU030",
        "qty": 2,
        "unit_price": 9.9
      },
      {
        "sku": "SKU015",
        "qty": 3,
        "unit_price": 2.5
      }
    ]
  },
  {
    "order_id": "O202503280089",
    "customer_id": "C0432",
    "channel": "web",
    "created_at": "2025-03-28 16:40:59",
    "payment_status": "paid",
    "items": [
      {
        "sku": "SKU031",
        "qty": 5,
        "unit_price": 24.9
      },
      {
        "sku": "SKU011",
        "qty": 4,
        "unit_price": 24.9
      },
      {
        "sku": "SKU045",
        "qty": 5,
        "unit_price": 4.0
      },
      {
        "sku": "SKU012",
        "qty": 4,
        "unit_price": 2.5
      }
    ]
  },
  {
    "order_id": "O202503280090",
    "customer_id": "C0608",
    "channel": "app",
    "created_at": "2025-03-28 16:03:14",
    "payment_status": "paid",
    "items": [
      {
        "sku": "SKU037",
        "qty": 3,
        "unit_price": 5.0
      },
      {
        "sku": "SKU013",
        "qty": 4,
        "unit_price": 4.0
      },
      {
        "sku": "SKU048",
        "qty": 5,
        "unit_price": 8.0
      }
    ]
  },
  {
    "order_id": "O202503280091",
    "customer_id": "C0540",
    "channel": "app",
    "created_at": "2025-03-28 20:20:20",
    "payment_status": "paid",
    "items": [
      {
        "sku": "SKU013",
        "qty": 5,
        "unit_price": 24.9
      },
      {
        "sku": "SKU015",
        "qty": 5,
        "unit_price": 19.9
      },
      {
        "sku": "SKU049",
        "qty": 5,
        "unit_price": 12.5
      }
    ]
  },
  {
    "order_id": "O202503280092",
    "customer_id": "C0176",
    "channel": "app",
    "created_at": "2025-03-28 11:38:47",
    "payment_status": "paid",
    "items": [
      {
        "sku": "SKU028",
        "qty": 2,
        "unit_price": 7.5
      },
      {
        "sku": "SKU047",
        "qty": 5,
        "unit_price": 4.0
      },
      {
        "sku": "SKU036",
        "qty": 3,
        "unit_price": 9.9
      }
    ]
  },
  {
    "order_id": "O202503280093",
    "customer_id": "C0184",
    "channel": "app",
    "created_at": "2025-03-28 08:25:59",
    "payment_status": "paid",
    "items": [
      {
        "sku": "SKU030",
        "qty": 3,
        "unit_price": 7.5
      }
    ]
  },
  {
    "order_id": "O202503280094",
    "customer_id": "C0347",
    "channel": "web",
    "created_at": "2025-03-28 09:53:10",
    "payment_status": "pending",
    "items": [
      {
        "sku": "SKU044",
        "qty": 1,
        "unit_price": 5.0
      },
      {
        "sku": "SKU041",
        "qty": 1,
        "unit_price": 7.5
      }
    ]
  },
  {
    "order_id": "O202503280095",
    "customer_id": "C0607",
    "channel": "app",
    "created_at": "2025-03-28 08:12:02",
    "payment_status": "paid",
    "items": [
      {
        "sku": "SKU049",
        "qty": 5,
        "unit_price": 7.5
      }
    ]
  },
  {
    "order_id": "O202503280096",
    "customer_id": "C0168",
    "channel": "web",
    "created_at": "2025-03-28 08:40:45",
    "payment_status": "paid",
    "items": [
      {
        "sku": "SKU015",
        "qty": 4,
        "unit_price": 9.9
      },
      {
        "sku": "SKU026",
        "qty": 4,
        "unit_price": 4.0
      }
    ]
  },
  {
    "order_id": "O202503280097",
    "customer_id": "C0656",
    "channel": "web",
    "created_at": "2025-03-28 10:42:49",
    "payment_status": "paid",
    "items": [
      {
        "sku": "SKU027",
        "qty": 3,
        "unit_price": 15.0
      }
    ]
  },
  {
    "order_id": "O202503280098",
    "customer_id": "C0190",
    "channel": "web",
    "created_at": "2025-03-28 16:22:06",
    "payment_status": "paid",
    "items": [
      {
        "sku": "SKU013",
        "qty": 5,
        "unit_price": 5.0
      },
      {
        "sku": "SKU019",
        "qty": 4,
        "unit_price": -15.0
      }
    ]
  },
  {
    "order_id": "O202503280099",
    "customer_id": "C0743",
    "channel": "web",
    "created_at": "2025-03-28 21:48:44",
    "payment_status": "paid",
    "items": [
      {
        "sku": "SKU036",
        "qty": 3,
        "unit_price": 19.9
      },
      {
        "sku": "SKU021",
        "qty": 2,
        "unit_price": 24.9
      },
      {
        "sku": "SKU023",
        "qty": 5,
        "unit_price": 24.9
      },
      {
        "sku": "SKU020",
        "qty": 1,
        "unit_price": 4.0
      }
    ]
  },
  {
    "order_id": "O202503280100",
    "customer_id": "C0106",
    "channel": "web",
    "created_at": "2025-03-28 09:21:44",
    "payment_status": "paid",
    "items": [
      {
        "sku": "SKU004",
        "qty": 1,
        "unit_price": 15.0
      },
      {
        "sku": "SKU043",
        "qty": 5,
        "unit_price": 24.9
      },
      {
        "sku": "SKU017",
        "qty": 4,
        "unit_price": 15.0
      },
      {
        "sku": "SKU023",
        "qty": 5,
        "unit_price": 15.0
      }
    ]
  },
  {
    "order_id": "O202503280049",
    "customer_id": "C0181",
    "channel": "app",
    "created_at": "2025-03-28 22:05:13",
    "payment_status": "failed",
    "items": [
      {
        "sku": "SKU002",
        "qty": 2,
        "unit_price": 2.5
      },
      {
        "sku": "SKU019",
        "qty": 4,
        "unit_price": 9.9
      }
    ]
  },
  {
    "order_id": "O202503280018",
    "customer_id": "C0593",
    "channel": "app",
    "created_at": "2025-03-28 12:29:33",
    "payment_status": "paid",
    "items": [
      {
        "sku": "SKU038",
        "qty": 5,
        "unit_price": 7.5
      },
      {
        "sku": "SKU043",
        "qty": 5,
        "unit_price": 8.0
      },
      {
        "sku": "SKU044",
        "qty": 1,
        "unit_price": 5.0
      }
    ]
  },
  {
    "order_id": "O202503280080",
    "customer_id": "C0058",
    "channel": "app",
    "created_at": "2025-03-28 12:04:51",
    "payment_status": "paid",
    "items": [
      {
        "sku": "SKU032",
        "qty": 3,
        "unit_price": 4.0
      },
      {
        "sku": "SKU036",
        "qty": 3,
        "unit_price": 7.5
      }
    ]
  }
]