[
  {
    "order_id": "O202503170001",
    "customer_id": "C0484",
    "channel": "app",
    "created_at": "2025-03-17 22:16:17",
    "payment_status": "paid",
    "items": [
      {
        "sku": "SKU045",
        "qty": 3,
        "unit_price": 12.5
      },
      {
        "sku": "SKU031",
        "qty": 5,
        "unit_price": 4.0
      },
      {
        "sku": "SKU028",
        "qty": 4,
        "unit_price": 24.9
      }
    ]
  },
  {
    "order_id": "O202503170002",
    "customer_id": "C0331",
    "channel": "app",
    "created_at": "2025-03-17 08:12:05",
    "payment_status": "paid",
    "items": [
      {
        "sku": "SKU003",
        "qty": 5,
        "unit_price": 12.5
      }
    ]
  },
  {
    "order_id": "O202503170003",
    "customer_id": "C0403",
    "channel": "app",
    "created_at": "2025-03-17 11:51:34",
    "payment_status": "paid",
    "items": [
      {
        "sku": "SKU017",
        "qty": 5,
        "unit_price": 19.9
      }
    ]
  },
  {
    "order_id": "O202503170004",
    "customer_id": "C0583",
    "channel": "web",
    "created_at": "2025-03-17 22:57:04",
    "payment_status": "paid",
    "items": [
      {
        "sku": "SKU048",
        "qty": 5,
        "unit_price": 2.5
      },
      {
        "sku": "SKU041",
        "qty": 5,
        "unit_price": 9.9
      }
    ]
  },
  {
    "order_id": "O202503170005",
    "customer_id": "C0771",
    "channel": "app",
    "created_at": "2025-03-17 13:01:10",
    "payment_status": "pending",
    "items": [
      {
        "sku": "SKU005",
        "qty": 3,
        "unit_price": 8.0
      },
      {
        "sku": "SKU048",
        "qty": 3,
        "unit_price": 12.5
      }
    ]
  },
  {
    "order_id": "O202503170006",
    "customer_id": "C0445",
    "channel": "web",
    "created_at": "2025-03-17 07:43:00",
    "payment_status": "paid",
    "items": [
      {
        "sku": "SKU031",
        "qty": 2,
        "unit_price": 4.0
      },
      {
        "sku": "SKU045",
        "qty": 5,
        "unit_price": 19.9
      }
    ]
  },
  {
    "order_id": "O202503170007",
    "customer_id": "C0757",
    "channel": "app",
    "created_at": "2025-03-17 18:37:41",
    "payment_status": "paid",
    "items": [
      {
        "sku": "SKU023",
        "qty": 2,
        "unit_price": 15.0
      }
    ]
  },
  {
    "order_id": "O202503170008",
    "customer_id": "C0046",
    "channel": "app",
    "created_at": "2025-03-17 12:28:23",
    "payment_status": "paid",
    "items": [
      {
        "sku": "SKU049",
        "qty": 2,
        "unit_price": 9.9
      },
      {
        "sku": "SKU030",
        "qty": 4,
        "unit_price": 9.9
      },
      {
        "sku": "SKU046",
        "qty": 5,
        "unit_price": 12.5
      }
    ]
  },
  {
    "order_id": "O202503170009",
    "customer_id": "C0649",
    "channel": "app",
    "created_at": "2025-03-17 21:28:19",
    "payment_status": "paid",
    "items": [
      {
        "sku": "SKU040",
        "qty": 3,
        "unit_price": 4.0
      }
    ]
  },
  {
    "order_id": "O202503170010",
    "customer_id": "C0595",
    "channel": "app",
    "created_at": "2025-03-17 17:05:39",
    "payment_status": "paid",
    "items": [
      {
        "sku": "SKU040",
        "qty": 3,
        "unit_price": 2.5
      }
    ]
  },
  {
    "order_id": "O202503170011",
    "customer_id": "C0117",
    "channel": "app",
    "created_at": "2025-03-17 19:58:27",
    "payment_status": "paid",
    "items": [
      {
        "sku": "SKU050",
        "qty": 5,
        "unit_price": 9.9
      },
      {
        "sku": "SKU030",
        "qty": 5,
        "unit_price": 12.5
      },
      {
        "sku": "SKU024",
        "qty": 2,
        "unit_price": 2.5
      },
      {
        "sku": "SKU006",
        "qty": 5,
        "unit_price": 2.5
      }
    ]
  },
  {
    "order_id": "O202503170012",
    "customer_id": "C0718",
    "channel": "app",
    "created_at": "2025-03-17 15:43:15",
    "payment_status": "paid",
    "items": [
      {
        "sku": "SKU032",
        "qty": 2,
        "unit_price": 9.9
      },
      {
        "sku": "SKU021",
        "qty": 3,
        "unit_price": 15.0
      }
    ]
  },
  {
    "order_id": "O202503170013",
    "customer_id": "C0629",
    "channel": "app",
    "created_at": "2025-03-17 11:01:48",
    "payment_status": "paid",
    "items": [
      {
        "sku": "SKU034",
        "qty": 5,
        "unit_price": 15.0
      },
      {
        "sku": "SKU001",
        "qty": 5,
        "unit_price": 9.9
      },
      {
        "sku": "SKU045",
        "qty": 3,
        "unit_price": 24.9
      }
    ]
  },
  {
    "order_id": "O202503170014",
    "customer_id": "C0303",
    "channel": "app",
    "created_at": "2025-03-17 09:15:40",
    "payment_status": "paid",
    "items": [
      {
        "sku": "SKU017",
        "qty": 3,
        "unit_price": 4.0
      }
    ]
  },
  {
    "order_id": "O202503170015",
    "customer_id": "C0121",
    "channel": "app",
    "created_at": "2025-03-17 15:19:46",
    "payment_status": "paid",
    "items": [
      {
        "sku": "SKU019",
        "qty": 4,
        "unit_price": 24.9
      }
    ]
  },
  {
    "order_id": "O202503170016",
    "customer_id": "C0223",
    "channel": "app",
    "created_at": "2025-03-17 16:02:53",
    "payment_status": "paid",
    "items": [
      {
        "sku": "SKU004",
        "qty": 4,
        "unit_price": 8.0
      },
      {
        "sku": "SKU035",
        "qty": 1,
        "unit_price": 15.0
      }
    ]
  },
  {
    "order_id": "O202503170017",
    "customer_id": "C0414",
    "channel": "web",
    "created_at": "2025-03-17 22:59:35",
    "payment_status": "paid",
    "items": [
      {
        "sku": "SKU007",
        "qty": 1,
        "unit_price": 24.9
      },
      {
        "sku": "SKU022",
        "qty": 1,
        "unit_price": 5.0
      },
      {
        "sku": "SKU034",
        "qty": 1,
        "unit_price": 8.0
      }
    ]
  },
  {
    "order_id": "O202503170018",
    "customer_id": "C0218",
    "channel": "app",
    "created_at": "2025-03-17 19:39:45",
    "payment_status": "paid",
    "items": [
      {
        "sku": "SKU009",
        "qty": 1,
        "unit_price": 19.9
      }
    ]
  },
  {
    "order_id": "O202503170019",
    "customer_id": "C0035",
    "channel": "app",
    "created_at": "2025-03-17 14:54:46",
    "payment_status": "paid",
    "items": [
      {
        "sku": "SKU034",
        "qty": 5,
        "unit_price": 5.0
      },
      {
        "sku": "SKU030",
        "qty": 2,
        "unit_price": 12.5
      },
      {
        "sku": "SKU021",
        "qty": 2,
        "unit_price": 8.0
      }
    ]
  },
  {
    "order_id": "O202503170020",
    "customer_id": "C0081",
    "channel": "app",
    "created_at": "2025-03-17 09:09:17",
    "payment_status": "paid",
    "items": [
      {
        "sku": "SKU023",
        "qty": 1,
        "unit_price": 2.5
      }
    ]
  },
  {
    "order_id": "O202503170021",
    "customer_id": "C0468",
    "channel": "app",
    "created_at": "2025-03-17 14:14:09",
    "payment_status": "paid",
    "items": [
      {
        "sku": "SKU006",
        "qty": 3,
        "unit_price": 12.5
      },
      {
        "sku": "SKU035",
        "qty": 1,
        "unit_price": 9.9
      },
      {
        "sku": "SKU008",
        "qty": 4,
        "unit_price": 15.0
      },
      {
        "sku": "SKU044",
        "qty": 3,
        "unit_price": 24.9
      }
    ]
  },
  {
    "order_id": "O202503170022",
    "customer_id": "C0598",
    "channel": "app",
    "created_at": "2025-03-17 14:21:07",
    "payment_status": "paid",
    "items": [
      {
        "sku": "SKU003",
        "qty": 1,
        "unit_price": 4.0
      }
    ]
  },
  {
    "order_id": "O202503170023",
    "customer_id": "C0593",
    "channel": "app",
    "created_at": "2025-03-17 08:31:34",
    "payment_status": "paid",
    "items": [
      {
        "sku": "SKU032",
        "qty": 2,
        "unit_price": 19.9
      }
    ]
  },
  {
    "order_id": "O202503170024",
    "customer_id": "C0100",
    "channel": "app",
    "created_at": "2025-03-17 15:09:24",
    "payment_status": "paid",
    "items": [
      {
        "sku": "SKU040",
        "qty": 2,
        "unit_price": 9.9
      },
      {
        "sku": "SKU046",
        "qty": 1,
        "unit_price": 4.0
      },
      {
        "sku": "SKU047",
        "qty": 1,
        "unit_price": 4.0
      },
      {
        "sku": "SKU016",
        "qty": 5,
        "unit_price": 2.5
      }
    ]
  },
  {
    "order_id": "O202503170025",
    "customer_id": "C0309",
    "channel": "web",
    "created_at": "2025-03-17 08:06:34",
    "payment_status": "paid",
    "items": [
      {
        "sku": "SKU009",
        "qty": 3,
        "unit_price": 7.5
      }
    ]
  },
  {
    "order_id": "O202503170026",
    "customer_id": "C0028",
    "channel": "web",
    "created_at": "2025-03-17 07:39:22",
    "payment_status": "paid",
    "items": [
      {
        "sku": "SKU030",
        "qty": 2,
        "unit_price": 7.5
      }
    ]
  },
  {
    "order_id": "O202503170027",
    "customer_id": "C0315",
    "channel": "web",
    "created_at": "2025-03-17 09:22:12",
    "payment_status": "paid",
    "items": [
      {
        "sku": "SKU012",
        "qty": 1,
        "unit_price": 12.5
      }
    ]
  },
  {
    "order_id": "O202503170028",
    "customer_id": "C0485",
    "channel": "app",
    "created_at": "2025-03-17 09:30:54",
    "payment_status": "pending",
    "items": [
      {
        "sku": "SKU050",
        "qty": 3,
        "unit_price": 7.5
      }
    ]
  },
  {
    "order_id": "O202503170029",
    "customer_id": "C0001",
    "channel": "web",
    "created_at": "2025-03-17 07:01:38",
    "payment_status": "paid",
    "items": [
      {
        "sku": "SKU010",
        "qty": 4,
        "unit_price": 2.5
      }
    ]
  },
  {
    "order_id": "O202503170030",
    "customer_id": "C0753",
    "channel": "web",
    "created_at": "2025-03-17 08:47:02",
    "payment_status": "paid",
    "items": [
      {
        "sku": "SKU020",
        "qty": 4,
        "unit_price": 2.5
      },
      {
        "sku": "SKU014",
        "qty": 5,
        "unit_price": 5.0
      },
      {
        "sku": "SKU034",
        "qty": 2,
        "unit_price": 19.9
      }
    ]
  },
  {
    "order_id": "O202503170031",
    "customer_id": "C0710",
    "channel": "web",
    "created_at": "2025-03-17 12:00:50",
    "payment_status": "paid",
    "items": [
      {
        "sku": "SKU019",
        "qty": 3,
        "unit_price": 19.9
      },
      {
        "sku": "SKU048",
        "qty": 3,
        "unit_price": 12.5
      }
    ]
  },
  {
    "order_id": "O202503170032",
    "customer_id": "C0668",
    "channel": "web",
    "created_at": "2025-03-17 11:15:06",
    "payment_status": "paid",
    "items": [
      {
        "sku": "SKU012",
        "qty": 3,
        "unit_price": 24.9
      },
      {
        "sku": "SKU015",
        "qty": 5,
        "unit_price": 15.0
      }
    ]
  },
  {
    "order_id": "O202503170033",
    "customer_id": "C0491",
    "channel": "web",
    "created_at": "2025-03-17 17:52:38",
    "payment_status": "paid",
    "items": [
      {
        "sku": "SKU019",
        "qty": 2,
        "unit_price": 19.9
      },
      {
        "sku": "SKU009",
        "qty": 3,
        "unit_price": -4.0
      },
      {
        "sku": "SKU036",
        "qty": 2,
        "unit_price": 5.0
      },
      {
        "sku": "SKU050",
        "qty": 3,
        "unit_price": 15.0
      }
    ]
  },
  {
    "order_id": "O202503170034",
    "customer_id": "C0231",
    "channel": "web",
    "created_at": "2025-03-17 21:08:13",
    "payment_status": "paid",
    "items": [
      {
        "sku": "SKU018",
        "qty": 5,
        "unit_price": 5.0
      },
      {
        "sku": "SKU001",
        "qty": 1,
        "unit_price": 8.0
      },
      {
        "sku": "SKU040",
        "qty": 5,
        "unit_price": 15.0
      },
      {
        "sku": "SKU037",
        "qty": 3,
        "unit_price": 24.9
      }
    ]
  },
  {
    "order_id": "O202503170035",
    "customer_id": "C0394",
    "channel": "web",
    "created_at": "2025-03-17 12:43:17",
    "payment_status": "paid",
    "items": [
      {
        "sku": "SKU010",
        "qty": 3,
        "unit_price": 8.0
      },
      {
        "sku": "SKU013",
        "qty": 4,
        "unit_price": 5.0
      },
      {
        "sku": "SKU002",
        "qty": 5,
        "unit_price": 12.5
      },
      {
        "sku": "SKU014",
        "qty": 4,
        "unit_price": 12.5
      }
    ]
  },
  {
    "order_id": "O202503170036",
    "customer_id": "C0218",
    "channel": "web",
    "created_at": "2025-03-17 17:42:51",
    "payment_status": "paid",
    "items": [
      {
        "sku": "SKU032",
        "qty": 1,
        "unit_price": 8.0
      },
      {
        "sku": "SKU023",
        "qty": 1,
        "unit_price": 19.9
      }
    ]
  },
  {
    "order_id": "O202503170037",
    "customer_id": "C0620",
    "channel": "app",
    "created_at": "2025-03-17 14:57:03",
    "payment_status": "paid",
    "items": [
      {
        "sku": "SKU024",
        "qty": 3,
        "unit_price": 4.0
      },
      {
        "sku": "SKU020",
        "qty": 5,
        "unit_price": 7.5
      },
      {
        "sku": "SKU025",
        "qty": 3,
        "unit_price": 4.0
      },
      {
        "sku": "SKU025",
        "qty": 5,
        "unit_price": 12.5
      }
    ]
  },
  {
    "order_id": "O202503170038",
    "customer_id": "C0762",
    "channel": "web",
    "created_at": "2025-03-17 19:44:06",
    "payment_status": "pending",
    "items": [
      {
        "sku": "SKU020",
        "qty": 2,
        "unit_price": 2.5
      },
      {
        "sku": "SKU034",
        "qty": 4,
        "unit_price": 4.0
      }
    ]
  },
  {
    "order_id": "O202503170039",
    "customer_id": "C0759",
    "channel": "app",
    "created_at": "2025-03-17 08:53:20",
    "payment_status": "paid",
    "items": [
      {
        "sku": "SKU028",
        "qty": 1,
        "unit_price": 2.5
      },
      {
        "sku": "SKU003",
        "qty": 3,
        "unit_price": 15.0
      },
      {
        "sku": "SKU013",
        "qty": 1,
        "unit_price": 12.5
      },
      {
        "sku": "SKU017",
        "qty": 2,
        "unit_price": 24.9
      }
    ]
  },
  {
    "order_id": "O202503170040",
    "customer_id": "C0387",
    "channel": "app",
    "created_at": "2025-03-17 15:25:54",
    "payment_status": "paid",
    "items": [
      {
        "sku": "SKU049",
        "qty": 3,
        "unit_price": 2.5
      }
    ]
  },
  {
    "order_id": "O202503170041",
    "customer_id": "C0262",
    "channel": "app",
    "created_at": "2025-03-17 20:23:54",
    "payment_status": "paid",
    "items": [
      {
        "sku": "SKU046",
        "qty": 2,
        "unit_price": 5.0
      },
      {
        "sku": "SKU033",
        "qty": 2,
        "unit_price": 2.5
      },
      {
        "sku": "SKU018",
        "qty": 2,
        "unit_price": 9.9
      }
    ]
  },
  {
    "order_id": "O202503170042",
    "customer_id": "C0699",
    "channel": "app",
    "created_at": "2025-03-17 07:49:36",
    "payment_status": "paid",
    "items": [
      {
        "sku": "SKU042",
        "qty": 1,
        "unit_price": 24.9
      },
      {
        "sku": "SKU029",
        "qty": 1,
        "unit_price": 8.0
      }
    ]
  },
  {
    "order_id": "O202503170043",
    "customer_id": "C0556",
    "channel": "app",
    "created_at": "2025-03-17 12:15:04",
    "payment_status": "paid",
    "items": [
      {
        "sku": "SKU006",
        "qty": 2,
        "unit_price": 24.9
      },
      {
        "sku": "SKU024",
        "qty": 2,
        "unit_price": 9.9
      }
    ]
  },
  {
    "order_id": "O202503170044",
    "customer_id": "C0227",
    "channel": "web",
    "created_at": "2025-03-17 18:47:30",
    "payment_status": "paid",
    "items": [
      {
        "sku": "SKU045",
        "qty": 5,
        "unit_price": 19.9
      },
      {
        "sku": "SKU005",
        "qty": 5,
        "unit_price": 15.0
      }
    ]
  },
  {
    "order_id": "O202503170045",
    "customer_id": "C0056",
    "channel": "app",
    "created_at": "2025-03-17 19:55:06",
    "payment_status": "paid",
    "items": [
      {
        "sku": "SKU016",
        "qty": 1,
        "unit_price": 5.0
      },
      {
        "sku": "SKU030",
        "qty": 1,
        "unit_price": 9.9
      },
      {
        "sku": "SKU050",
        "qty": 1,
        "unit_price": 5.0
      },
      {
        "sku": "SKU021",
        "qty": 1,
        "unit_price": 12.5
      }
    ]
  },
  {
    "order_id": "O202503170046",
    "customer_id": "C0121",
    "channel": "app",
    "created_at": "2025-03-17 08:47:22",
    "payment_status": "paid",
    "items": [
      {
        "sku": "SKU027",
        "qty": 4,
        "unit_price": 7.5
      },
      {
        "sku": "SKU049",
        "qty": 5,
        "unit_price": 24.9
      },
      {
        "sku": "SKU018",
        "qty": 1,
        "unit_price": 15.0
      }
    ]
  },
  {
    "order_id": "O202503170047",
    "customer_id": "C0429",
    "channel": "web",
    "created_at": "2025-03-17 20:39:16",
    "payment_status": "paid",
    "items": [
      {
        "sku": "SKU022",
        "qty": 1,
        "unit_price": 5.0
      }
    ]
  },
  {
    "order_id": "O202503170048",
    "customer_id": "C0131",
    "channel": "app",
    "created_at": "2025-03-17 17:29:46",
    "payment_status": "paid",
    "items": [
      {
        "sku": "SKU022",
        "qty": 4,
        "unit_price": 7.5
      },
      {
        "sku": "SKU012",
        "qty": 5,
        "unit_price": 2.5
      }
    ]
  },
  {
    "order_id": "O202503170049",
    "customer_id": "C0365",
    "channel": "app",
    "created_at": "2025-03-17 09:09:16",
    "payment_status": "paid",
    "items": [
      {
        "sku": "SKU035",
        "qty": 3,
        "unit_price": 2.5
      }
    ]
  },
  {
    "order_id": "O202503170050",
    "customer_id": "C0014",
    "channel": "web",
    "created_at": "2025-03-17 21:26:42",
    "payment_status": "paid",
    "items": [
      {
        "sku": "SKU037",
        "qty": 3,
        "unit_price": 2.5
      },
      {
        "sku": "SKU004",
        "qty": 5,
        "unit_price": 15.0
      },
      {
        "sku": "SKU040",
        "qty": 2,
        "unit_price": 12.5
      }
    ]
  },
  {
    "order_id": "O202503170051",
    "customer_id": "C0649",
    "channel": "web",
    "created_at": "2025-03-17 07:38:01",
    "payment_status": "paid",
    "items": [
      {
        "sku": "SKU039",
        "qty": 2,
        "unit_price": 24.9
      }
    ]
  },
  {
    "order_id": "O202503170052",
    "customer_id": "C0250",
    "channel": "app",
    "created_at": "2025-03-17 09:09:06",
    "payment_status": "paid",
    "items": [
      {
        "sku": "SKU044",
        "qty": 1,
        "unit_price": 15.0
      },
      {
        "sku": "SKU043",
        "qty": 1,
        "unit_price": 7.5
      },
      {
        "sku": "SKU050",
        "qty": 5,
        "unit_price": 2.5
      },
      {
        "sku": "SKU014",
        "qty": 4,
        "unit_price": 19.9
      }
    ]
  },
  {
    "order_id": "O202503170053",
    "customer_id": "C0027",
    "channel": "app",
    "created_at": "2025-03-17 11:02:36",
    "payment_status": "paid",
    "items": [
      {
        "sku": "SKU015",
        "qty": 4,
        "unit_price": 24.9
      },
      {
        "sku": "SKU034",
        "qty": 2,
        "unit_price": 4.0
      },
      {
        "sku": "SKU037",
        "qty": 5,
        "unit_price": 15.0
      },
      {
        "sku": "SKU025",
        "qty": 2,
        "unit_price": 5.0
      }
    ]
  },
  {
    "order_id": "O202503170054",
    "customer_id": "C0367",
    "channel": "app",
    "created_at": "2025-03-17 20:13:11",
    "payment_status": "pending",
    "items": [
      {
        "sku": "SKU017",
        "qty": 4,
        "unit_price": 7.5
      },
      {
        "sku": "SKU004",
        "qty": 4,
        "unit_price": 2.5
      }
    ]
  },
  {
    "order_id": "O202503170055",
    "customer_id": "C0584",
    "channel": "web",
    "created_at": "2025-03-17 22:32:00",
    "payment_status": "paid",
    "items": [
      {
        "sku": "SKU046",
        "qty": 4,
        "unit_price": 19.9
      },
      {
        "sku": "SKU031",
        "qty": 4,
        "unit_price": 7.5
      }
    ]
  },
  {
    "order_id": "O202503170056",
    "customer_id": "C0405",
    "channel": "app",
    "created_at": "2025-03-17 07:29:55",
    "payment_status": "paid",
    "items": [
      {
        "sku": "SKU028",
        "qty": 5,
        "unit_price": 2.5
      }
    ]
  },
  {
    "order_id": "O202503170057",
    "customer_id": "C0620",
    "channel": "web",
    "created_at": "2025-03-17 21:04:16",
    "payment_status": "paid",
    "items": [
      {
        "sku": "SKU018",
        "qty": 3,
        "unit_price": 8.0
      }
    ]
  },
  {
    "order_id": "O202503170058",
    "customer_id": "C0684",
    "channel": "web",
    "created_at": "2025-03-17 21:44:48",
    "payment_status": "paid",
    "items": [
      {
        "sku": "SKU048",
        "qty": 4,
        "unit_price": 15.0
      }
    ]
  },
  {
    "order_id": "O202503170059",
    "customer_id": "C0504",
    "channel": "web",
    "created_at": "2025-03-17 16:45:55",
    "payment_status": "paid",
    "items": [
      {
        "sku": "SKU019",
        "qty": 2,
        "unit_price": 2.5
      }
    ]
  },
  {
    "order_id": "O202503170060",
    "customer_id": "C0282",
    "channel": "web",
    "created_at": "2025-03-17 07:29:02",
    "payment_status": "paid",
    "items": [
      {
        "sku": "SKU032",
        "qty": 1,
        "unit_price": 4.0
      },
      {
        "sku": "SKU048",
        "qty": 1,
        "unit_price": 8.0
      },
      {
        "sku": "SKU025",
        "qty": 1,
        "unit_price": 19.9
      },
      {
        "sku": "SKU026",
        "qty": 3,
        "unit_price": 24.9
      }
    ]
  },
  {
    "order_id": "O202503170061",
    "customer_id": "C0505",
    "channel": "web",
    "created_at": "2025-03-17 15:34:08",
    "payment_status": "paid",
    "items": [
      {
        "sku": "SKU008",
        "qty": 5,
        "unit_price": 5.0
      },
      {
        "sku": "SKU039",
        "qty": 4,
        "unit_price": 24.9
      },
      {
        "sku": "SKU023",
        "qty": 3,
        "unit_price": 12.5
      }
    ]
  },
  {
    "order_id": "O202503170062",
    "customer_id": "C0299",
    "channel": "web",
    "created_at": "2025-03-17 13:10:39",
    "payment_status": "failed",
    "items": [
      {
        "sku": "SKU010",
        "qty": 3,
        "unit_price": 4.0
      }
    ]
  },
  {
    "order_id": "O202503170063",
    "customer_id": "C0412",
    "channel": "app",
    "created_at": "2025-03-17 16:49:44",
    "payment_status": "paid",
    "items": [
      {
        "sku": "SKU001",
        "qty": 3,
        "unit_price": 24.9
      }
    ]
  },
  {
    "order_id": "O202503170064",
    "customer_id": "C0368",
    "channel": "web",
    "created_at": "2025-03-17 16:57:53",
    "payment_status": "paid",
    "items": [
      {
        "sku": "SKU032",
        "qty": 2,
        "unit_price": 7.5
      },
      {
        "sku": "SKU002",
        "qty": 1,
        "unit_price": 19.9
      },
      {
        "sku": "SKU020",
        "qty": 2,
        "unit_price": 9.9
      }
    ]
  },
  {
    "order_id": "O202503170065",
    "customer_id": "C0135",
    "channel": "web",
    "created_at": "2025-03-17 17:29:20",
    "payment_status": "pending",
    "items": [
      {
        "sku": "SKU018",
        "qty": 5,
        "unit_price": 12.5
      },
      {
        "sku": "SKU039",
        "qty": 1,
        "unit_price": 8.0
      },
      {
        "sku": "SKU001",
        "qty": 4,
        "unit_price": 15.0
      },
      {
        "sku": "SKU029",
        "qty": 2,
        "unit_price": 4.0
      }
    ]
  },
  {
    "order_id": "O202503170066",
    "customer_id": "C0467",
    "channel": "app",
    "created_at": "2025-03-17 07:13:27",
    "payment_status": "paid",
    "items": [
      {
        "sku": "SKU016",
        "qty": 5,
        "unit_price": 15.0
      },
      {
        "sku": "SKU030",
        "qty": 4,
        "unit_price": 5.0
      },
      {
        "sku": "SKU025",
        "qty": 4,
        "unit_price": 9.9
      }
    ]
  },
  {
    "order_id": "O202503170067",
    "customer_id": "C0263",
    "channel": "app",
    "created_at": "2025-03-17 18:58:41",
    "payment_status": "paid",
    "items": [
      {
        "sku": "SKU036",
        "qty": 5,
        "unit_price": 5.0
      },
      {
        "sku": "SKU008",
        "qty": 5,
        "unit_price": 12.5
      },
      {
        "sku": "SKU031",
        "qty": 2,
        "unit_price": 24.9
      },
      {
        "sku": "SKU024",
        "qty": 3,
        "unit_price": 5.0
      }
    ]
  },
  {
    "order_id": "O202503170068",
    "customer_id": "C0216",
    "channel": "web",
    "created_at": "2025-03-17 09:53:12",
    "payment_status": "paid",
    "items": [
      {
        "sku": "SKU014",
        "qty": 4,
        "unit_price": 9.9
      },
      {
        "sku": "SKU048",
        "qty": 5,
        "unit_price": 15.0
      }
    ]
  },
  {
    "order_id": "O202503170069",
    "customer_id": "C0477",
    "channel": "app",
    "created_at": "2025-03-17 13:07:34",
    "payment_status": "paid",
    "items": [
      {
        "sku": "SKU038",
        "qty": 2,
        "unit_price": 2.5
      },
      {
        "sku": "SKU008",
        "qty": 1,
        "unit_price": 8.0
      }
    ]
  },
  {
    "order_id": "O202503170070",
    "customer_id": "C0287",
    "channel": "app",
    "created_at": "2025-03-17 20:50:37",
    "payment_status": "paid",
    "items": [
      {
        "sku": "SKU033",
        "qty": 3,
        "unit_price": 9.9
      },
      {
        "sku": "SKU023",
        "qty": 4,
        "unit_price": 2.5
      },
      {
        "sku": "SKU018",
        "qty": 3,
        "unit_price": 15.0
      }
    ]
  },
  {
    "order_id": "O202503170071",
    "customer_id": "C0788",
    "channel": "web",
    "created_at": "2025-03-17 21:38:36",
    "payment_status": "paid",
    "items": [
      {
        "sku": "SKU009",
        "qty": 4,
        "unit_price": 24.9
      },
      {
        "sku": "SKU029",
        "qty": 3,
        "unit_price": 12.5
      }
    ]
  },
  {
    "order_id": "O202503170072",
    "customer_id": "C0178",
    "channel": "app",
    "created_at": "2025-03-17 22:43:47",
    "payment_status": "paid",
    "items": [
      {
        "sku": "SKU044",
        "qty": 5,
        "unit_price": 24.9
      },
      {
        "sku": "SKU042",
        "qty": 2,
        "unit_price": 9.9
      },
      {
        "sku": "SKU011",
        "qty": 2,
        "unit_price": 9.9
      }
    ]
  },
  {
    "order_id": "O202503170073",
    "customer_id": "C0549",
    "channel": "app",
    "created_at": "2025-03-17 21:40:55",
    "payment_status": "paid",
    "items": [
      {
        "sku": "SKU044",
        "qty": 5,
        "unit_price": 9.9
      },
      {
        "sku": "SKU036",
        "qty": 5,
        "unit_price": 7.5
      },
      {
        "sku": "SKU039",
        "qty": 5,
        "unit_price": 5.0
      },
      {
        "sku": "SKU007",
        "qty": 4,
        "unit_price": 9.9
      }
    ]
  },
  {
    "order_id": "O202503170074",
    "customer_id": "C0024",
    "channel": "app",
    "created_at": "2025-03-17 14:27:15",
    "payment_status": "paid",
    "items": [
      {
        "sku": "SKU042",
        "qty": 2,
        "unit_price": -19.9
      },
      {
        "sku": "SKU033",
        "qty": 3,
        "unit_price": 9.9
      },
      {
        "sku": "SKU003",
        "qty": 1,
        "unit_price": 7.5
      }
    ]
  },
  {
    "order_id": "O202503170075",
    "customer_id": "C0521",
    "channel": "app",
    "created_at": "2025-03-17 18:48:44",
    "payment_status": "paid",
    "items": [
      {
        "sku": "SKU004",
        "qty": 1,
        "unit_price": 24.9
      }
    ]
  },
  {
    "order_id": "O202503170076",
    "customer_id": "C0155",
    "channel": "app",
    "created_at": "2025-03-17 11:17:50",
    "payment_status": "paid",
    "items": [
      {
        "sku": "SKU038",
        "qty": 1,
        "unit_price": 19.9
      }
    ]
  },
  {
    "order_id": "O202503170077",
    "customer_id": "C0222",
    "channel": "web",
    "created_at": "2025-03-17 22:40:47",
    "payment_status": "paid",
    "items": [
      {
        "sku": "SKU014",
        "qty": 4,
        "unit_price": 4.0
      },
      {
        "sku": "SKU043",
        "qty": 3,
        "unit_price": 24.9
      },
      {
        "sku": "SKU020",
        "qty": 4,
        "unit_price": 19.9
      }
    ]
  },
  {
    "order_id": "O202503170078",
    "customer_id": "C0069",
    "channel": "app",
    "created_at": "2025-03-17 09:37:47",
    "payment_status": "paid",
    "items": [
      {
        "sku": "SKU013",
        "qty": 4,
        "unit_price": 9.9
      },
      {
        "sku": "SKU008",
        "qty": 3,
        "unit_price": 15.0
      },
      {
        "sku": "SKU020",
        "qty": 3,
        "unit_price": 9.9
      },
      {
        "sku": "SKU014",
        "qty": 4,
        "unit_price": 7.5
      }
    ]
  },
  {
    "order_id": "O202503170079",
    "customer_id": "C0058",
    "channel": "web",
    "created_at": "2025-03-17 22:16:05",
    "payment_status": "paid",
    "items": [
      {
        "sku": "SKU015",
        "qty": 5,
        "unit_price": 5.0
      },
      {
        "sku": "SKU043",
        "qty": 3,
        "unit_price": 9.9
      }
    ]
  },
  {
    "order_id": "O202503170080",
    "customer_id": "C0512",
    "channel": "web",
    "created_at": "2025-03-17 07:10:15",
    "payment_status": "paid",
    "items": [
      {
        "sku": "SKU042",
        "qty": 1,
        "unit_price": 9.9
      },
      {
        "sku": "SKU047",
        "qty": 1,
        "unit_price": 4.0
      },
      {
        "sku": "SKU013",
        "qty": 4,
        "unit_price": 19.9
      }
    ]
  },
  {
    "order_id": "O202503170081",
    "customer_id": "C0247",
    "channel": "web",
    "created_at": "2025-03-17 19:32:43",
    "payment_status": "paid",
    "items": [
      {
        "sku": "SKU014",
        "qty": 5,
        "unit_price": 4.0
      },
      {
        "sku": "SKU029",
        "qty": 3,
        "unit_price": 4.0
      },
      {
        "sku": "SKU036",
        "qty": 5,
        "unit_price": 9.9
      }
    ]
  },
  {
    "order_id": "O202503170082",
    "customer_id": "C0403",
    "channel": "app",
    "created_at": "2025-03-17 10:03:41",
    "payment_status": "paid",
    "items": [
      {
        "sku": "SKU011",
        "qty": 5,
        "unit_price": 4.0
      },
      {
        "sku": "SKU006",
        "qty": 3,
        "unit_price": 8.0
      },
      {
        "sku": "SKU004",
        "qty": 2,
        "unit_price": 9.9
      },
      {
        "sku": "SKU001",
        "qty": 3,
        "unit_price": 2.5
      }
    ]
  },
  {
    "order_id": "O202503170083",
    "customer_id": "C0147",
    "channel": "web",
    "created_at": "2025-03-17 19:50:11",
    "payment_status": "paid",
    "items": [
      {
        "sku": "SKU036",
        "qty": 2,
        "unit_price": 24.9
      },
      {
        "sku": "SKU047",
        "qty": 5,
        "unit_price": 4.0
      }
    ]
  },
  {
    "order_id": "O202503170084",
    "customer_id": "C0681",
    "channel": "web",
    "created_at": "2025-03-17 20:28:41",
    "payment_status": "paid",
    "items": [
      {
        "sku": "SKU030",
        "qty": 1,
        "unit_price": 15.0
      },
      {
        "sku": "SKU006",
        "qty": 1,
        "unit_price": 24.9
      }
    ]
  },
  {
    "order_id": "O202503170085",
    "customer_id": "C0484",
    "channel": "app",
    "created_at": "2025-03-17 18:20:58",
    "payment_status": "paid",
    "items": [
      {
        "sku": "SKU016",
        "qty": 4,
        "unit_price": 19.9
      },
      {
        "sku": "SKU013",
        "qty": 5,
        "unit_price": 5.0
      },
      {
        "sku": "SKU038",
        "qty": 1,
        "unit_price": 2.5
      },
      {
        "sku": "SKU020",
        "qty": 2,
        "unit_price": 4.0
      }
    ]
  },
  {
    "order_id": "O202503170086",
    "customer_id": "C0523",
    "channel": "app",
    "created_at": "2025-03-17 15:43:07",
    "payment_status": "paid",
    "items": [
      {
        "sku": "SKU019",
        "qty": 3,
        "unit_price": 15.0
      },
      {
        "sku": "SKU029",
        "qty": 3,
        "unit_price": 15.0
      },
      {
        "sku": "SKU010",
        "qty": 1,
        "unit_price": 12.5
      }
    ]
  },
  {
    "order_id": "O202503170087",
    "customer_id": "C0456",
    "channel": "app",
    "created_at": "2025-03-17 21:18:07",
    "payment_status": "paid",
    "items": [
      {
        "sku": "SKU049",
        "qty": 1,
        "unit_price": 2.5
      },
      {
        "sku": "SKU022",
        "qty": 3,
        "unit_price": 2.5
      },
      {
        "sku": "SKU039",
        "qty": 4,
        "unit_price": 24.9
      },
      {
        "sku": "SKU015",
        "qty": 3,
        "unit_price": 5.0
      }
    ]
  },
  {
    "order_id": "O202503170088",
    "customer_id": "C0253",
    "channel": "web",
    "created_at": "2025-03-17 19:40:21",
    "payment_status": "paid",
    "items": [
      {
        "sku": "SKU024",
        "qty": 1,
        "unit_price": 8.0
      },
      {
        "sku": "SKU046",
        "qty": 5,
        "unit_price": 12.5
      },
      {
        "sku": "SKU038",
        "qty": 2,
        "unit_price": 15.0
      }
    ]
  },
  {
    "order_id": "O202503170089",
    "customer_id": "C0603",
    "channel": "app",
    "created_at": "2025-03-17 09:33:31",
    "payment_status": "paid",
    "items": [
      {
        "sku": "SKU032",
        "qty": 3,
        "unit_price": 7.5
      },
      {
        "sku": "SKU002",
        "qty": 2,
        "unit_price": 24.9
      }
    ]
  },
  {
    "order_id": "O202503170090",
    "customer_id": "C0014",
    "channel": "web",
    "created_at": "2025-03-17 16:26:42",
    "payment_status": "paid",
    "items": [
      {
        "sku": "SKU009",
        "qty": 1,
        "unit_price": 5.0
      }
    ]
  },
  {
    "order_id": "O202503170091",
    "customer_id": "C0529",
    "channel": "web",
    "created_at": "2025-03-17 21:39:02",
    "payment_status": "paid",
    "items": [
      {
        "sku": "SKU026",
        "qty": 1,
        "unit_price": 15.0
      },
      {
        "sku": "SKU041",
        "qty": 3,
        "unit_price": 12.5
      },
      {
        "sku": "SKU009",
        "qty": 1,
        "unit_price": 4.0
      },
      {
        "sku": "SKU030",
        "qty": 4,
        "unit_price": 12.5
      }
    ]
  },
  {
    "order_id": "O202503170092",
    "customer_id": "C0727",
    "channel": "app",
    "created_at": "2025-03-17 14:21:17",
    "payment_status": "paid",
    "items": [
      {
        "sku": "SKU002",
        "qty": 3,
        "unit_price": 12.5
      },
      {
        "sku": "SKU019",
        "qty": 2,
        "unit_price": 5.0
      },
      {
        "sku": "SKU017",
        "qty": 2,
        "unit_price": 2.5
      },
      {
        "sku": "SKU047",
        "qty": 5,
        "unit_price": 9.9
      }
    ]
  },
  {
    "order_id": "O202503170093",
    "customer_id": "C0247",
    "channel": "web",
    "created_at": "2025-03-17 14:29:42",
    "payment_status": "paid",
    "items": [
      {
        "sku": "SKU003",
        "qty": 1,
        "unit_price": 8.0
      },
      {
        "sku": "SKU022",
        "qty": 3,
        "unit_price": 2.5
      },
      {
        "sku": "SKU049",
        "qty": 2,
        "unit_price": 9.9
      },
      {
        "sku": "SKU022",
        "qty": 1,
        "unit_price": 19.9
      }
    ]
  },
  {
    "order_id": "O202503170094",
    "customer_id": "C0598",
    "channel": "app",
    "created_at": "2025-03-17 22:58:22",
    "payment_status": "pending",
    "items": [
      {
        "sku": "SKU015",
        "qty": 4,
        "unit_price": 2.5
      }
    ]
  },
  {
    "order_id": "O202503170095",
    "customer_id": "C0732",
    "channel": "app",
    "created_at": "2025-03-17 18:01:58",
    "payment_status": "paid",
    "items": [
      {
        "sku": "SKU045",
        "qty": 3,
        "unit_price": 9.9
      },
      {
        "sku": "SKU033",
        "qty": 4,
        "unit_price": 7.5
      },
      {
        "sku": "SKU007",
        "qty": 4,
        "unit_price": 2.5
      },
      {
        "sku": "SKU017",
        "qty": 4,
        "unit_price": 19.9
      }
    ]
  },
  {
    "order_id": "O202503170096",
    "customer_id": "C0639",
    "channel": "app",
    "created_at": "2025-03-17 13:54:10",
    "payment_status": "paid",
    "items": [
      {
        "sku": "SKU037",
        "qty": 3,
        "unit_price": 8.0
      },
      {
        "sku": "SKU010",
        "qty": 1,
        "unit_price": 8.0
      },
      {
        "sku": "SKU041",
        "qty": 4,
        "unit_price": 5.0
      },
      {
        "sku": "SKU032",
        "qty": 3,
        "unit_price": 8.0
      }
    ]
  },
  {
    "order_id": "O202503170097",
    "customer_id": "C0124",
    "channel": "app",
    "created_at": "2025-03-17 20:31:53",
    "payment_status": "paid",
    "items": [
      {
        "sku": "SKU034",
        "qty": 4,
        "unit_price": 19.9
      }
    ]
  },
  {
    "order_id": "O202503170098",
    "customer_id": "C0544",
    "channel": "web",
    "created_at": "2025-03-17 07:45:13",
    "payment_status": "paid",
    "items": [
      {
        "sku": "SKU012",
        "qty": 1,
        "unit_price": 4.0
      },
      {
        "sku": "SKU033",
        "qty": 5,
        "unit_price": 12.5
      }
    ]
  },
  {
    "order_id": "O202503170099",
    "customer_id": "C0181",
    "channel": "web",
    "created_at": "2025-03-17 09:56:06",
    "payment_status": "paid",
    "items": [
      {
        "sku": "SKU045",
        "qty": 3,
        "unit_price": 7.5
      }
    ]
  },
  {
    "order_id": "O202503170100",
    "customer_id": "C0337",
    "channel": "app",
    "created_at": "2025-03-17 22:04:38",
    "payment_status": "paid",
    "items": [
      {
        "sku": "SKU046",
        "qty": 4,
        "unit_price": 4.0
      },
      {
        "sku": "SKU045",
        "qty": 2,
        "unit_price": 12.5
      },
      {
        "sku": "SKU013",
        "qty": 4,
        "unit_price": 7.5
      },
      {
        "sku": "SKU012",
        "qty": 4,
        "unit_price": 5.0
      }
    ]
  },
  {
    "order_id": "O202503170031",
    "customer_id": "C0710",
    "channel": "web",
    "created_at": "2025-03-17 12:00:50",
    "payment_status": "paid",
    "items": [
      {
        "sku": "SKU019",
        "qty": 3,
        "unit_price": 19.9
      },
      {
        "sku": "SKU048",
        "qty": 3,
        "unit_price": 12.5
      }
    ]
  },
  {
    "order_id": "O202503170096",
    "customer_id": "C0639",
    "channel": "app",
    "created_at": "2025-03-17 13:54:10",
    "payment_status": "paid",
    "items": [
      {
        "sku": "SKU037",
        "qty": 3,
        "unit_price": 8.0
      },
      {
        "sku": "SKU010",
        "qty": 1,
        "unit_price": 8.0
      },
      {
        "sku": "SKU041",
        "qty": 4,
        "unit_price": 5.0
      },
      {
        "sku": "SKU032",
        "qty": 3,
        "unit_price": 8.0
      }
    ]
  },
  {
    "order_id": "O202503170083",
    "customer_id": "C0147",
    "channel": "web",
    "created_at": "2025-03-17 19:50:11",
    "payment_status": "paid",
    "items": [
      {
        "sku": "SKU036",
        "qty": 2,
        "unit_price": 24.9
      },
      {
        "sku": "SKU047",
        "qty": 5,
        "unit_price": 4.0
      }
    ]
  }
]