[
  {
    "order_id": "O202503080001",
    "customer_id": "C0538",
    "channel": "app",
    "created_at": "2025-03-08 12:22:29",
    "payment_status": "paid",
    "items": [
      {
        "sku": "SKU022",
        "qty": 3,
        "unit_price": 24.9
      }
    ]
  },
  {
    "order_id": "O202503080002",
    "customer_id": "C0087",
    "channel": "web",
    "created_at": "2025-03-08 07:32:24",
    "payment_status": "paid",
    "items": [
      {
        "sku": "SKU006",
        "qty": 1,
        "unit_price": 5.0
      },
      {
        "sku": "SKU020",
        "qty": 5,
        "unit_price": 12.5
      },
      {
        "sku": "SKU018",
        "qty": 1,
        "unit_price": 7.5
      },
      {
        "sku": "SKU044",
        "qty": 2,
        "unit_price": 15.0
      }
    ]
  },
  {
    "order_id": "O202503080003",
    "customer_id": "C0068",
    "channel": "web",
    "created_at": "2025-03-08 17:06:52",
    "payment_status": "paid",
    "items": [
      {
        "sku": "SKU046",
        "qty": 2,
        "unit_price": 15.0
      }
    ]
  },
  {
    "order_id": "O202503080004",
    "customer_id": "C0767",
    "channel": "app",
    "created_at": "2025-03-08 22:33:41",
    "payment_status": "paid",
    "items": [
      {
        "sku": "SKU004",
        "qty": 1,
        "unit_price": 15.0
      }
    ]
  },
  {
    "order_id": "O202503080005",
    "customer_id": "C0287",
    "channel": "web",
    "created_at": "2025-03-08 19:49:09",
    "payment_status": "paid",
    "items": [
      {
        "sku": "SKU048",
        "qty": 4,
        "unit_price": 5.0
      }
    ]
  },
  {
    "order_id": "O202503080006",
    "customer_id": "C0687",
    "channel": "web",
    "created_at": "2025-03-08 17:59:10",
    "payment_status": "paid",
    "items": [
      {
        "sku": "SKU033",
        "qty": 3,
        "unit_price": 12.5
      },
      {
        "sku": "SKU041",
        "qty": 2,
        "unit_price": 24.9
      },
      {
        "sku": "SKU040",
        "qty": 1,
        "unit_price": 2.5
      },
      {
        "sku": "SKU040",
        "qty": 1,
        "unit_price": 4.0
      }
    ]
  },
  {
    "order_id": "O202503080007",
    "customer_id": "C0025",
    "channel": "web",
    "created_at": "2025-03-08 09:45:35",
    "payment_status": "paid",
    "items": [
      {
        "sku": "SKU029",
        "qty": 2,
        "unit_price": 9.9
      },
      {
        "sku": "SKU009",
        "qty": 1,
        "unit_price": 7.5
      }
    ]
  },
  {
    "order_id": "O202503080008",
    "customer_id": "C0454",
    "channel": "app",
    "created_at": "2025-03-08 21:16:54",
    "payment_status": "paid",
    "items": [
      {
        "sku": "SKU013",
        "qty": 5,
        "unit_price": 12.5
      },
      {
        "sku": "SKU027",
        "qty": 5,
        "unit_price": 2.5
      },
      {
        "sku": "SKU008",
        "qty": 4,
        "unit_price": 15.0
      }
    ]
  },
  {
    "order_id": "O202503080009",
    "customer_id": "C0228",
    "channel": "web",
    "created_at": "2025-03-08 15:26:00",
    "payment_status": "paid",
    "items": [
      {
        "sku": "SKU039",
        "qty": 5,
        "unit_price": 5.0
      }
    ]
  },
  {
    "order_id": "O202503080010",
    "customer_id": "C0210",
    "channel": "app",
    "created_at": "2025-03-08 21:12:54",
    "payment_status": "failed",
    "items": [
      {
        "sku": "SKU026",
        "qty": 5,
        "unit_price": 24.9
      },
      {
        "sku": "SKU016",
        "qty": 2,
        "unit_price": 12.5
      },
      {
        "sku": "SKU010",
        "qty": 3,
        "unit_price": 5.0
      },
      {
        "sku": "SKU021",
        "qty": 1,
        "unit_price": 2.5
      }
    ]
  },
  {
    "order_id": "O202503080011",
    "customer_id": "C0650",
    "channel": "app",
    "created_at": "2025-03-08 13:48:33",
    "payment_status": "paid",
    "items": [
      {
        "sku": "SKU003",
        "qty": 3,
        "unit_price": 8.0
      },
      {
        "sku": "SKU046",
        "qty": 2,
        "unit_price": 15.0
      },
      {
        "sku": "SKU013",
        "qty": 3,
        "unit_price": 9.9
      }
    ]
  },
  {
    "order_id": "O202503080012",
    "customer_id": "C0596",
    "channel": "web",
    "created_at": "2025-03-08 15:14:48",
    "payment_status": "paid",
    "items": [
      {
        "sku": "SKU044",
        "qty": 3,
        "unit_price": 9.9
      },
      {
        "sku": "SKU050",
        "qty": 1,
        "unit_price": 7.5
      }
    ]
  },
  {
    "order_id": "O202503080013",
    "customer_id": "C0649",
    "channel": "web",
    "created_at": "2025-03-08 15:58:55",
    "payment_status": "pending",
    "items": [
      {
        "sku": "SKU025",
        "qty": 2,
        "unit_price": 2.5
      },
      {
        "sku": "SKU043",
        "qty": 1,
        "unit_price": 9.9
      },
      {
        "sku": "SKU042",
        "qty": 4,
        "unit_price": 2.5
      },
      {
        "sku": "SKU019",
        "qty": 1,
        "unit_price": 5.0
      }
    ]
  },
  {
    "order_id": "O202503080014",
    "customer_id": "C0573",
    "channel": "app",
    "created_at": "2025-03-08 15:10:16",
    "payment_status": "paid",
    "items": [
      {
        "sku": "SKU042",
        "qty": 4,
        "unit_price": 24.9
      },
      {
        "sku": "SKU035",
        "qty": 5,
        "unit_price": 19.9
      }
    ]
  },
  {
    "order_id": "O202503080015",
    "customer_id": "C0260",
    "channel": "web",
    "created_at": "2025-03-08 09:14:16",
    "payment_status": "pending",
    "items": [
      {
        "sku": "SKU036",
        "qty": 3,
        "unit_price": 19.9
      },
      {
        "sku": "SKU047",
        "qty": 3,
        "unit_price": 8.0
      },
      {
        "sku": "SKU027",
        "qty": 4,
        "unit_price": 12.5
      }
    ]
  },
  {
    "order_id": "O202503080016",
    "customer_id": "C0103",
    "channel": "web",
    "created_at": "2025-03-08 08:03:44",
    "payment_status": "paid",
    "items": [
      {
        "sku": "SKU039",
        "qty": 1,
        "unit_price": 2.5
      },
      {
        "sku": "SKU027",
        "qty": 4,
        "unit_price": 2.5
      },
      {
        "sku": "SKU042",
        "qty": 1,
        "unit_price": 5.0
      }
    ]
  },
  {
    "order_id": "O202503080017",
    "customer_id": "C0142",
    "channel": "web",
    "created_at": "2025-03-08 21:03:50",
    "payment_status": "paid",
    "items": [
      {
        "sku": "SKU024",
        "qty": 4,
        "unit_price": 5.0
      },
      {
        "sku": "SKU005",
        "qty": 3,
        "unit_price": 5.0
      }
    ]
  },
  {
    "order_id": "O202503080018",
    "customer_id": "C0741",
    "channel": "web",
    "created_at": "2025-03-08 11:18:50",
    "payment_status": "paid",
    "items": [
      {
        "sku": "SKU046",
        "qty": 2,
        "unit_price": 7.5
      },
      {
        "sku": "SKU039",
        "qty": 5,
        "unit_price": 4.0
      }
    ]
  },
  {
    "order_id": "O202503080019",
    "customer_id": "C0509",
    "channel": "app",
    "created_at": "2025-03-08 07:46:22",
    "payment_status": "paid",
    "items": [
      {
        "sku": "SKU014",
        "qty": 4,
        "unit_price": 15.0
      },
      {
        "sku": "SKU001",
        "qty": 2,
        "unit_price": 24.9
      },
      {
        "sku": "SKU026",
        "qty": 1,
        "unit_price": 4.0
      }
    ]
  },
  {
    "order_id": "O202503080020",
    "customer_id": "C0121",
    "channel": "app",
    "created_at": "2025-03-08 10:43:48",
    "payment_status": "paid",
    "items": [
      {
        "sku": "SKU021",
        "qty": 2,
        "unit_price": 24.9
      },
      {
        "sku": "SKU008",
        "qty": 5,
        "unit_price": 12.5
      }
    ]
  },
  {
    "order_id": "O202503080021",
    "customer_id": "C0577",
    "channel": "app",
    "created_at": "2025-03-08 20:53:19",
    "payment_status": "paid",
    "items": [
      {
        "sku": "SKU038",
        "qty": 1,
        "unit_price": 7.5
      },
      {
        "sku": "SKU018",
        "qty": 2,
        "unit_price": 7.5
      }
    ]
  },
  {
    "order_id": "O202503080022",
    "customer_id": "C0509",
    "channel": "web",
    "created_at": "2025-03-08 07:37:51",
    "payment_status": "paid",
    "items": [
      {
        "sku": "SKU002",
        "qty": 1,
        "unit_price": 7.5
      }
    ]
  },
  {
    "order_id": "O202503080023",
    "customer_id": "C0354",
    "channel": "web",
    "created_at": "2025-03-08 09:44:13",
    "payment_status": "paid",
    "items": [
      {
        "sku": "SKU003",
        "qty": 2,
        "unit_price": 8.0
      },
      {
        "sku": "SKU046",
        "qty": 2,
        "unit_price": 2.5
      },
      {
        "sku": "SKU040",
        "qty": 5,
        "unit_price": 9.9
      }
    ]
  },
  {
    "order_id": "O202503080024",
    "customer_id": "C0501",
    "channel": "web",
    "created_at": "2025-03-08 17:32:28",
    "payment_status": "paid",
    "items": [
      {
        "sku": "SKU012",
        "qty": 2,
        "unit_price": 19.9
      },
      {
        "sku": "SKU037",
        "qty": 3,
        "unit_price": 2.5
      },
      {
        "sku": "SKU033",
        "qty": 3,
        "unit_price": 8.0
      },
      {
        "sku": "SKU033",
        "qty": 4,
        "unit_price": 19.9
      }
    ]
  },
  {
    "order_id": "O202503080025",
    "customer_id": "C0635",
    "channel": "app",
    "created_at": "2025-03-08 14:57:32",
    "payment_status": "paid",
    "items": [
      {
        "sku": "SKU029",
        "qty": 2,
        "unit_price": 7.5
      },
      {
        "sku": "SKU045",
        "qty": 4,
        "unit_price": 19.9
      }
    ]
  },
  {
    "order_id": "O202503080026",
    "customer_id": "C0391",
    "channel": "web",
    "created_at": "2025-03-08 21:33:11",
    "payment_status": "paid",
    "items": [
      {
        "sku": "SKU034",
        "qty": 4,
        "unit_price": 5.0
      },
      {
        "sku": "SKU050",
        "qty": 1,
        "unit_price": 15.0
      },
      {
        "sku": "SKU037",
        "qty": 5,
        "unit_price": 12.5
      },
      {
        "sku": "SKU020",
        "qty": 4,
        "unit_price": 2.5
      }
    ]
  },
  {
    "order_id": "O202503080027",
    "customer_id": "C0264",
    "channel": "web",
    "created_at": "2025-03-08 13:49:38",
    "payment_status": "paid",
    "items": [
      {
        "sku": "SKU008",
        "qty": 1,
        "unit_price": 5.0
      },
      {
        "sku": "SKU046",
        "qty": 1,
        "unit_price": 24.9
      },
      {
        "sku": "SKU016",
        "qty": 5,
        "unit_price": 2.5
      }
    ]
  },
  {
    "order_id": "O202503080028",
    "customer_id": "C0606",
    "channel": "web",
    "created_at": "2025-03-08 12:28:03",
    "payment_status": "paid",
    "items": [
      {
        "sku": "SKU017",
        "qty": 2,
        "unit_price": 12.5
      },
      {
        "sku": "SKU047",
        "qty": 3,
        "unit_price": 7.5
      },
      {
        "sku": "SKU018",
        "qty": 3,
        "unit_price": 7.5
      }
    ]
  },
  {
    "order_id": "O202503080029",
    "customer_id": "C0416",
    "channel": "web",
    "created_at": "2025-03-08 17:06:06",
    "payment_status": "paid",
    "items": [
      {
        "sku": "SKU012",
        "qty": 1,
        "unit_price": 9.9
      },
      {
        "sku": "SKU016",
        "qty": 2,
        "unit_price": 7.5
      },
      {
        "sku": "SKU018",
        "qty": 2,
        "unit_price": 9.9
      },
      {
        "sku": "SKU019",
        "qty": 5,
        "unit_price": 24.9
      }
    ]
  },
  {
    "order_id": "O202503080030",
    "customer_id": "C0232",
    "channel": "app",
    "created_at": "2025-03-08 21:08:11",
    "payment_status": "paid",
    "items": [
      {
        "sku": "SKU024",
        "qty": 2,
        "unit_price": 19.9
      },
      {
        "sku": "SKU047",
        "qty": 1,
        "unit_price": 19.9
      },
      {
        "sku": "SKU013",
        "qty": 1,
        "unit_price": 19.9
      },
      {
        "sku": "SKU028",
        "qty": 3,
        "unit_price": 5.0
      }
    ]
  },
  {
    "order_id": "O202503080031",
    "customer_id": "C0572",
    "channel": "web",
    "created_at": "2025-03-08 19:28:51",
    "payment_status": "paid",
    "items": [
      {
        "sku": "SKU018",
        "qty": 1,
        "unit_price": 7.5
      }
    ]
  },
  {
    "order_id": "O202503080032",
    "customer_id": "C0032",
    "channel": "app",
    "created_at": "2025-03-08 19:48:41",
    "payment_status": "paid",
    "items": [
      {
        "sku": "SKU010",
        "qty": 1,
        "unit_price": 12.5
      }
    ]
  },
  {
    "order_id": "O202503080033",
    "customer_id": "C0544",
    "channel": "web",
    "created_at": "2025-03-08 19:45:16",
    "payment_status": "paid",
    "items": [
      {
        "sku": "SKU016",
        "qty": 1,
        "unit_price": 9.9
      },
      {
        "sku": "SKU031",
        "qty": 3,
        "unit_price": 4.0
      },
      {
        "sku": "SKU027",
        "qty": 2,
        "unit_price": 5.0
      },
      {
        "sku": "SKU012",
        "qty": 3,
        "unit_price": 8.0
      }
    ]
  },
  {
    "order_id": "O202503080034",
    "customer_id": "C0565",
    "channel": "app",
    "created_at": "2025-03-08 19:52:29",
    "payment_status": "paid",
    "items": [
      {
        "sku": "SKU033",
        "qty": 1,
        "unit_price": 2.5
      },
      {
        "sku": "SKU044",
        "qty": 4,
        "unit_price": 15.0
      },
      {
        "sku": "SKU002",
        "qty": 1,
        "unit_price": 24.9
      }
    ]
  },
  {
    "order_id": "O202503080035",
    "customer_id": "C0340",
    "channel": "app",
    "created_at": "2025-03-08 16:08:28",
    "payment_status": "failed",
    "items": [
      {
        "sku": "SKU009",
        "qty": 5,
        "unit_price": 19.9
      },
      {
        "sku": "SKU042",
        "qty": 1,
        "unit_price": 19.9
      },
      {
        "sku": "SKU050",
        "qty": 3,
        "unit_price": 12.5
      },
      {
        "sku": "SKU018",
        "qty": 4,
        "unit_price": 15.0
      }
    ]
  },
  {
    "order_id": "O202503080036",
    "customer_id": "C0486",
    "channel": "web",
    "created_at": "2025-03-08 09:09:09",
    "payment_status": "paid",
    "items": [
      {
        "sku": "SKU007",
        "qty": 4,
        "unit_price": 2.5
      },
      {
        "sku": "SKU035",
        "qty": 3,
        "unit_price": 19.9
      },
      {
        "sku": "SKU022",
        "qty": 4,
        "unit_price": 2.5
      },
      {
        "sku": "SKU034",
        "qty": 3,
        "unit_price": 7.5
      }
    ]
  },
  {
    "order_id": "O202503080037",
    "customer_id": "C0656",
    "channel": "web",
    "created_at": "2025-03-08 18:59:49",
    "payment_status": "paid",
    "items": [
      {
        "sku": "SKU014",
        "qty": 2,
        "unit_price": 19.9
      },
      {
        "sku": "SKU014",
        "qty": 2,
        "unit_price": 19.9
      }
    ]
  },
  {
    "order_id": "O202503080038",
    "customer_id": "C0214",
    "channel": "web",
    "created_at": "2025-03-08 14:14:57",
    "payment_status": "paid",
    "items": [
      {
        "sku": "SKU029",
        "qty": 2,
        "unit_price": 7.5
      },
      {
        "sku": "SKU028",
        "qty": 4,
        "unit_price": 7.5
      }
    ]
  },
  {
    "order_id": "O202503080039",
    "customer_id": "C0053",
    "channel": "web",
    "created_at": "2025-03-08 17:05:30",
    "payment_status": "paid",
    "items": [
      {
        "sku": "SKU004",
        "qty": 3,
        "unit_price": 15.0
      },
      {
        "sku": "SKU049",
        "qty": 5,
        "unit_price": 8.0
      },
      {
        "sku": "SKU035",
        "qty": 4,
        "unit_price": 24.9
      }
    ]
  },
  {
    "order_id": "O202503080040",
    "customer_id": "C0056",
    "channel": "web",
    "created_at": "2025-03-08 18:10:11",
    "payment_status": "paid",
    "items": [
      {
        "sku": "SKU022",
        "qty": 4,
        "unit_price": 4.0
      },
      {
        "sku": "SKU011",
        "qty": 2,
        "unit_price": 4.0
      },
      {
        "sku": "SKU045",
        "qty": 4,
        "unit_price": 24.9
      },
      {
        "sku": "SKU029",
        "qty": 3,
        "unit_price": 7.5
      }
    ]
  },
  {
    "order_id": "O202503080041",
    "customer_id": "C0164",
    "channel": "app",
    "created_at": "2025-03-08 18:23:45",
    "payment_status": "paid",
    "items": [
      {
        "sku": "SKU013",
        "qty": 2,
        "unit_price": 24.9
      }
    ]
  },
  {
    "order_id": "O202503080042",
    "customer_id": "C0484",
    "channel": "web",
    "created_at": "2025-03-08 14:54:02",
    "payment_status": "paid",
    "items": [
      {
        "sku": "SKU015",
        "qty": 2,
        "unit_price": 7.5
      },
      {
        "sku": "SKU030",
        "qty": 3,
        "unit_price": 12.5
      }
    ]
  },
  {
    "order_id": "O202503080043",
    "customer_id": "C0431",
    "channel": "app",
    "created_at": "2025-03-08 15:14:44",
    "payment_status": "paid",
    "items": [
      {
        "sku": "SKU014",
        "qty": 5,
        "unit_price": 19.9
      }
    ]
  },
  {
    "order_id": "O202503080044",
    "customer_id": "C0143",
    "channel": "web",
    "created_at": "2025-03-08 14:43:25",
    "payment_status": "paid",
    "items": [
      {
        "sku": "SKU016",
        "qty": 3,
        "unit_price": 15.0
      },
      {
        "sku": "SKU012",
        "qty": 4,
        "unit_price": 19.9
      },
      {
        "sku": "SKU015",
        "qty": 5,
        "unit_price": 19.9
      }
    ]
  },
  {
    "order_id": "O202503080045",
    "customer_id": "C0628",
    "channel": "web",
    "created_at": "2025-03-08 21:55:46",
    "payment_status": "paid",
    "items": [
      {
        "sku": "SKU037",
        "qty": 3,
        "unit_price": 9.9
      },
      {
        "sku": "SKU029",
        "qty": 4,
        "unit_price": 15.0
      }
    ]
  },
  {
    "order_id": "O202503080046",
    "customer_id": "C0533",
    "channel": "web",
    "created_at": "2025-03-08 19:16:23",
    "payment_status": "pending",
    "items": [
      {
        "sku": "SKU030",
        "qty": 4,
        "unit_price": 8.0
      },
      {
        "sku": "SKU018",
        "qty": 5,
        "unit_price": 2.5
      },
      {
        "sku": "SKU050",
        "qty": 2,
        "unit_price": 24.9
      },
      {
        "sku": "SKU023",
        "qty": 2,
        "unit_price": 4.0
      }
    ]
  },
  {
    "order_id": "O202503080047",
    "customer_id": "C0413",
    "channel": "app",
    "created_at": "2025-03-08 09:27:28",
    "payment_status": "paid",
    "items": [
      {
        "sku": "SKU015",
        "qty": 4,
        "unit_price": 12.5
      },
      {
        "sku": "SKU036",
        "qty": 2,
        "unit_price": 8.0
      },
      {
        "sku": "SKU043",
        "qty": 1,
        "unit_price": 15.0
      }
    ]
  },
  {
    "order_id": "O202503080048",
    "customer_id": "C0158",
    "channel": "web",
    "created_at": "2025-03-08 15:18:06",
    "payment_status": "paid",
    "items": [
      {
        "sku": "SKU025",
        "qty": 4,
        "unit_price": 24.9
      }
    ]
  },
  {
    "order_id": "O202503080049",
    "customer_id": "C0386",
    "channel": "web",
    "created_at": "2025-03-08 11:17:02",
    "payment_status": "paid",
    "items": [
      {
        "sku": "SKU044",
        "qty": 5,
        "unit_price": 12.5
      },
      {
        "sku": "SKU020",
        "qty": 1,
        "unit_price": 9.9
      },
      {
        "sku": "SKU042",
        "qty": 3,
        "unit_price": 7.5
      }
    ]
  },
  {
    "order_id": "O202503080050",
    "customer_id": "C0035",
    "channel": "app",
    "created_at": "2025-03-08 07:11:59",
    "payment_status": "paid",
    "items": [
      {
        "sku": "SKU044",
        "qty": 4,
        "unit_price": 15.0
      },
      {
        "sku": "SKU037",
        "qty": 5,
        "unit_price": 19.9
      },
      {
        "sku": "SKU012",
        "qty": 5,
        "unit_price": 8.0
      }
    ]
  },
  {
    "order_id": "O202503080051",
    "customer_id": "C0121",
    "channel": "web",
    "created_at": "2025-03-08 13:07:34",
    "payment_status": "paid",
    "items": [
      {
        "sku": "SKU019",
        "qty": 1,
        "unit_price": 8.0
      },
      {
        "sku": "SKU012",
        "qty": 1,
        "unit_price": 24.9
      },
      {
        "sku": "SKU005",
        "qty": 5,
        "unit_price": 2.5
      }
    ]
  },
  {
    "order_id": "O202503080052",
    "customer_id": "C0783",
    "channel": "app",
    "created_at": "2025-03-08 17:21:15",
    "payment_status": "paid",
    "items": [
      {
        "sku": "SKU011",
        "qty": 3,
        "unit_price": 8.0
      },
      {
        "sku": "SKU030",
        "qty": 1,
        "unit_price": 24.9
      },
      {
        "sku": "SKU007",
        "qty": 4,
        "unit_price": 7.5
      }
    ]
  },
  {
    "order_id": "O202503080053",
    "customer_id": "C0158",
    "channel": "web",
    "created_at": "2025-03-08 12:04:52",
    "payment_status": "paid",
    "items": [
      {
        "sku": "SKU046",
        "qty": 5,
        "unit_price": 2.5
      },
      {
        "sku": "SKU013",
        "qty": 2,
        "unit_price": 7.5
      }
    ]
  },
  {
    "order_id": "O202503080054",
    "customer_id": "C0151",
    "channel": "app",
    "created_at": "2025-03-08 22:04:35",
    "payment_status": "paid",
    "items": [
      {
        "sku": "SKU046",
        "qty": 4,
        "unit_price": 19.9
      },
      {
        "sku": "SKU006",
        "qty": 2,
        "unit_price": 15.0
      }
    ]
  },
  {
    "order_id": "O202503080055",
    "customer_id": "C0303",
    "channel": "app",
    "created_at": "2025-03-08 07:19:22",
    "payment_status": "paid",
    "items": [
      {
        "sku": "SKU011",
        "qty": 3,
        "unit_price": 15.0
      },
      {
        "sku": "SKU042",
        "qty": 5,
        "unit_price": 19.9
      }
    ]
  },
  {
    "order_id": "O202503080056",
    "customer_id": "C0702",
    "channel": "app",
    "created_at": "2025-03-08 17:05:47",
    "payment_status": "paid",
    "items": [
      {
        "sku": "SKU003",
        "qty": 3,
        "unit_price": 24.9
      },
      {
        "sku": "SKU013",
        "qty": 1,
        "unit_price": 19.9
      }
    ]
  },
  {
    "order_id": "O202503080057",
    "customer_id": "C0327",
    "channel": "app",
    "created_at": "2025-03-08 07:41:01",
    "payment_status": "paid",
    "items": [
      {
        "sku": "SKU013",
        "qty": 3,
        "unit_price": 5.0
      },
      {
        "sku": "SKU031",
        "qty": 3,
        "unit_price": 19.9
      }
    ]
  },
  {
    "order_id": "O202503080058",
    "customer_id": "C0342",
    "channel": "web",
    "created_at": "2025-03-08 13:11:32",
    "payment_status": "paid",
    "items": [
      {
        "sku": "SKU008",
        "qty": 2,
        "unit_price": 4.0
      }
    ]
  },
  {
    "order_id": "O202503080059",
    "customer_id": "C0371",
    "channel": "web",
    "created_at": "2025-03-08 17:26:30",
    "payment_status": "paid",
    "items": [
      {
        "sku": "SKU010",
        "qty": 5,
        "unit_price": 8.0
      },
      {
        "sku": "SKU025",
        "qty": 3,
        "unit_price": -7.5
      },
      {
        "sku": "SKU017",
        "qty": 3,
        "unit_price": 4.0
      },
      {
        "sku": "SKU027",
        "qty": 2,
        "unit_price": 7.5
      }
    ]
  },
  {
    "order_id": "O202503080060",
    "customer_id": "C0602",
    "channel": "app",
    "created_at": "2025-03-08 19:24:34",
    "payment_status": "paid",
    "items": [
      {
        "sku": "SKU019",
        "qty": 4,
        "unit_price": 2.5
      },
      {
        "sku": "SKU026",
        "qty": 3,
        "unit_price": 15.0
      },
      {
        "sku": "SKU039",
        "qty": 2,
        "unit_price": 15.0
      },
      {
        "sku": "SKU001",
        "qty": 5,
        "unit_price": 15.0
      }
    ]
  },
  {
    "order_id": "O202503080061",
    "customer_id": "C0015",
    "channel": "app",
    "created_at": "2025-03-08 13:09:10",
    "payment_status": "paid",
    "items": [
      {
        "sku": "SKU003",
        "qty": 1,
        "unit_price": 9.9
      },
      {
        "sku": "SKU007",
        "qty": 2,
        "unit_price": 24.9
      },
      {
        "sku": "SKU013",
        "qty": 5,
        "unit_price": 8.0
      }
    ]
  },
  {
    "order_id": "O202503080062",
    "customer_id": "C0015",
    "channel": "web",
    "created_at": "2025-03-08 22:23:40",
    "payment_status": "paid",
    "items": [
      {
        "sku": "SKU040",
        "qty": 4,
        "unit_price": 8.0
      },
      {
        "sku": "SKU004",
        "qty": 2,
        "unit_price": 9.9
      }
    ]
  },
  {
    "order_id": "O202503080063",
    "customer_id": "C0573",
    "channel": "web",
    "created_at": "2025-03-08 12:56:31",
    "payment_status": "paid",
    "items": [
      {
        "sku": "SKU006",
        "qty": 5,
        "unit_price": 7.5
      }
    ]
  },
  {
    "order_id": "O202503080064",
    "customer_id": "C0615",
    "channel": "app",
    "created_at": "2025-03-08 10:56:59",
    "payment_status": "paid",
    "items": [
      {
        "sku": "SKU032",
        "qty": 4,
        "unit_price": 4.0
      },
      {
        "sku": "SKU038",
        "qty": 4,
        "unit_price": 24.9
      },
      {
        "sku": "SKU044",
        "qty": 3,
        "unit_price": 19.9
      }
    ]
  },
  {
    "order_id": "O202503080065",
    "customer_id": "C0020",
    "channel": "web",
    "created_at": "2025-03-08 12:13:42",
    "payment_status": "paid",
    "items": [
      {
        "sku": "SKU021",
        "qty": 5,
        "unit_price": 15.0
      },
      {
        "sku": "SKU016",
        "qty": 3,
        "unit_price": 24.9
      }
    ]
  },
  {
    "order_id": "O202503080066",
    "customer_id": "C0510",
    "channel": "app",
    "created_at": "2025-03-08 17:50:57",
    "payment_status": "paid",
    "items": [
      {
        "sku": "SKU044",
        "qty": 4,
        "unit_price": 5.0
      },
      {
        "sku": "SKU042",
        "qty": 3,
        "unit_price": 12.5
      },
      {
        "sku": "SKU039",
        "qty": 1,
        "unit_price": 7.5
      }
    ]
  },
  {
    "order_id": "O202503080067",
    "customer_id": "C0665",
    "channel": "web",
    "created_at": "2025-03-08 07:23:29",
    "payment_status": "paid",
    "items": [
      {
        "sku": "SKU007",
        "qty": 4,
        "unit_price": 5.0
      }
    ]
  },
  {
    "order_id": "O202503080068",
    "customer_id": "C0129",
    "channel": "web",
    "created_at": "2025-03-08 15:36:26",
    "payment_status": "paid",
    "items": [
      {
        "sku": "SKU033",
        "qty": 2,
        "unit_price": 12.5
      },
      {
        "sku": "SKU003",
        "qty": 1,
        "unit_price": 7.5
      },
      {
        "sku": "SKU045",
        "qty": 4,
        "unit_price": 9.9
      }
    ]
  },
  {
    "order_id": "O202503080069",
    "customer_id": "C0212",
    "channel": "web",
    "created_at": "2025-03-08 17:16:13",
    "payment_status": "paid",
    "items": [
      {
        "sku": "SKU024",
        "qty": 4,
        "unit_price": 12.5
      },
      {
        "sku": "SKU016",
        "qty": 3,
        "unit_price": 8.0
      },
      {
        "sku": "SKU003",
        "qty": 4,
        "unit_price": 9.9
      }
    ]
  },
  {
    "order_id": "O202503080070",
    "customer_id": "C0036",
    "channel": "app",
    "created_at": "2025-03-08 21:38:13",
    "payment_status": "paid",
    "items": [
      {
        "sku": "SKU015",
        "qty": 2,
        "unit_price": 5.0
      },
      {
        "sku": "SKU012",
        "qty": 3,
        "unit_price": 19.9
      },
      {
        "sku": "SKU027",
        "qty": 3,
        "unit_price": 4.0
      },
      {
        "sku": "SKU005",
        "qty": 1,
        "unit_price": 15.0
      }
    ]
  },
  {
    "order_id": "O202503080071",
    "customer_id": "C0175",
    "channel": "app",
    "created_at": "2025-03-08 15:10:13",
    "payment_status": "paid",
    "items": [
      {
        "sku": "SKU049",
        "qty": 2,
        "unit_price": 5.0
      },
      {
        "sku": "SKU029",
        "qty": 4,
        "unit_price": 24.9
      },
      {
        "sku": "SKU025",
        "qty": 1,
        "unit_price": 19.9
      }
    ]
  },
  {
    "order_id": "O202503080072",
    "customer_id": "C0140",
    "channel": "web",
    "created_at": "2025-03-08 17:46:33",
    "payment_status": "paid",
    "items": [
      {
        "sku": "SKU036",
        "qty": 3,
        "unit_price": 2.5
      },
      {
        "sku": "SKU045",
        "qty": 3,
        "unit_price": 4.0
      },
      {
        "sku": "SKU031",
        "qty": 5,
        "unit_price": 9.9
      },
      {
        "sku": "SKU039",
        "qty": 1,
        "unit_price": 2.5
      }
    ]
  },
  {
    "order_id": "O202503080073",
    "customer_id": "C0458",
    "channel": "app",
    "created_at": "2025-03-08 17:35:27",
    "payment_status": "paid",
    "items": [
      {
        "sku": "SKU046",
        "qty": 4,
        "unit_price": 12.5
      },
      {
        "sku": "SKU015",
        "qty": 5,
        "unit_price": 15.0
      }
    ]
  },
  {
    "order_id": "O202503080074",
    "customer_id": "C0003",
    "channel": "app",
    "created_at": "2025-03-08 08:51:42",
    "payment_status": "paid",
    "items": [
      {
        "sku": "SKU034",
        "qty": 3,
        "unit_price": 4.0
      },
      {
        "sku": "SKU027",
        "qty": 4,
        "unit_price": 9.9
      },
      {
        "sku": "SKU039",
        "qty": 5,
        "unit_price": 5.0
      },
      {
        "sku": "SKU050",
        "qty": 4,
        "unit_price": 5.0
      }
    ]
  },
  {
    "order_id": "O202503080075",
    "customer_id": "C0520",
    "channel": "web",
    "created_at": "2025-03-08 17:08:56",
    "payment_status": "paid",
    "items": [
      {
        "sku": "SKU019",
        "qty": 5,
        "unit_price": 12.5
      },
      {
        "sku": "SKU023",
        "qty": 4,
        "unit_price": 5.0
      },
      {
        "sku": "SKU048",
        "qty": 5,
        "unit_price": 7.5
      }
    ]
  },
  {
    "order_id": "O202503080076",
    "customer_id": "C0706",
    "channel": "app",
    "created_at": "2025-03-08 16:46:06",
    "payment_status": "paid",
    "items": [
      {
        "sku": "SKU035",
        "qty": 2,
        "unit_price": 15.0
      },
      {
        "sku": "SKU022",
        "qty": 3,
        "unit_price": 7.5
      }
    ]
  },
  {
    "order_id": "O202503080077",
    "customer_id": "C0380",
    "channel": "web",
    "created_at": "2025-03-08 17:18:38",
    "payment_status": "paid",
    "items": [
      {
        "sku": "SKU020",
        "qty": 1,
        "unit_price": 4.0
      }
    ]
  },
  {
    "order_id": "O202503080078",
    "customer_id": "C0134",
    "channel": "app",
    "created_at": "2025-03-08 16:20:07",
    "payment_status": "paid",
    "items": [
      {
        "sku": "SKU044",
        "qty": 3,
        "unit_price": 8.0
      }
    ]
  },
  {
    "order_id": "O202503080079",
    "customer_id": "C0031",
    "channel": "web",
    "created_at": "2025-03-08 14:02:01",
    "payment_status": "paid",
    "items": [
      {
        "sku": "SKU039",
        "qty": 1,
        "unit_price": 7.5
      },
      {
        "sku": "SKU002",
        "qty": 4,
        "unit_price": 24.9
      }
    ]
  },
  {
    "order_id": "O202503080080",
    "customer_id": "C0394",
    "channel": "app",
    "created_at": "2025-03-08 18:31:46",
    "payment_status": "paid",
    "items": [
      {
        "sku": "SKU039",
        "qty": 1,
        "unit_price": 12.5
      },
      {
        "sku": "SKU034",
        "qty": 2,
        "unit_price": 7.5
      }
    ]
  },
  {
    "order_id": "O202503080081",
    "customer_id": "C0167",
    "channel": "web",
    "created_at": "2025-03-08 09:49:19",
    "payment_status": "paid",
    "items": [
      {
        "sku": "SKU041",
        "qty": 5,
        "unit_price": 19.9
      },
      {
        "sku": "SKU003",
        "qty": 2,
        "unit_price": 5.0
      }
    ]
  },
  {
    "order_id": "O202503080082",
    "customer_id": "C0207",
    "channel": "web",
    "created_at": "2025-03-08 16:55:43",
    "payment_status": "paid",
    "items": [
      {
        "sku": "SKU003",
        "qty": 1,
        "unit_price": 5.0
      }
    ]
  },
  {
    "order_id": "O202503080083",
    "customer_id": "C0649",
    "channel": "app",
    "created_at": "2025-03-08 18:59:30",
    "payment_status": "paid",
    "items": [
      {
        "sku": "SKU011",
        "qty": 1,
        "unit_price": 19.9
      }
    ]
  },
  {
    "order_id": "O202503080084",
    "customer_id": "C0530",
    "channel": "app",
    "created_at": "2025-03-08 09:02:58",
    "payment_status": "paid",
    "items": [
      {
        "sku": "SKU018",
        "qty": 4,
        "unit_price": 7.5
      },
      {
        "sku": "SKU041",
        "qty": 5,
        "unit_price": 15.0
      }
    ]
  },
  {
    "order_id": "O202503080085",
    "customer_id": "C0653",
    "channel": "web",
    "created_at": "2025-03-08 07:44:13",
    "payment_status": "paid",
    "items": [
      {
        "sku": "SKU046",
        "qty": 1,
        "unit_price": 2.5
      }
    ]
  },
  {
    "order_id": "O202503080086",
    "customer_id": "C0076",
    "channel": "web",
    "created_at": "2025-03-08 10:53:32",
    "payment_status": "paid",
    "items": [
      {
        "sku": "SKU036",
        "qty": 5,
        "unit_price": 7.5
      },
      {
        "sku": "SKU034",
        "qty": 2,
        "unit_price": 19.9
      },
      {
        "sku": "SKU047",
        "qty": 4,
        "unit_price": 24.9
      },
      {
        "sku": "SKU031",
        "qty": 5,
        "unit_price": 24.9
      }
    ]
  },
  {
    "order_id": "O202503080087",
    "customer_id": "C0563",
    "channel": "web",
    "created_at": "2025-03-08 07:30:56",
    "payment_status": "paid",
    "items": [
      {
        "sku": "SKU021",
        "qty": 2,
        "unit_price": 15.0
      },
      {
        "sku": "SKU043",
        "qty": 4,
        "unit_price": 8.0
      }
    ]
  },
  {
    "order_id": "O202503080088",
    "customer_id": "C0274",
    "channel": "web",
    "created_at": "2025-03-08 15:58:32",
    "payment_status": "paid",
    "items": [
      {
        "sku": "SKU048",
        "qty": 1,
        "unit_price": 9.9
      },
      {
        "sku": "SKU035",
        "qty": 2,
        "unit_price": 12.5
      },
      {
        "sku": "SKU019",
        "qty": 1,
        "unit_price": 24.9
      },
      {
        "sku": "SKU013",
        "qty": 4,
        "unit_price": 24.9
      }
    ]
  },
  {
    "order_id": "O202503080089",
    "customer_id": "C0435",
    "channel": "app",
    "created_at": "2025-03-08 09:39:55",
    "payment_status": "paid",
    "items": [
      {
        "sku": "SKU008",
        "qty": 3,
        "unit_price": 5.0
      },
      {
        "sku": "SKU047",
        "qty": 5,
        "unit_price": 24.9
      },
      {
        "sku": "SKU023",
        "qty": 2,
        "unit_price": 2.5
      },
      {
        "sku": "SKU029",
        "qty": 4,
        "unit_price": 8.0
      }
    ]
  },
  {
    "order_id": "O202503080090",
    "customer_id": "C0641",
    "channel": "web",
    "created_at": "2025-03-08 13:56:56",
    "payment_status": "paid",
    "items": [
      {
        "sku": "SKU035",
        "qty": 3,
        "unit_price": 19.9
      },
      {
        "sku": "SKU001",
        "qty": 3,
        "unit_price": 19.9
      },
      {
        "sku": "SKU013",
        "qty": 2,
        "unit_price": 9.9
      }
    ]
  },
  {
    "order_id": "O202503080091",
    "customer_id": "C0530",
    "channel": "app",
    "created_at": "2025-03-08 11:32:56",
    "payment_status": "paid",
    "items": [
      {
        "sku": "SKU030",
        "qty": 4,
        "unit_price": 8.0
      }
    ]
  },
  {
    "order_id": "O202503080092",
    "customer_id": "C0124",
    "channel": "web",
    "created_at": "2025-03-08 09:26:38",
    "payment_status": "paid",
    "items": [
      {
        "sku": "SKU015",
        "qty": 4,
        "unit_price": 19.9
      },
      {
        "sku": "SKU032",
        "qty": 3,
        "unit_price": 7.5
      }
    ]
  },
  {
    "order_id": "O202503080093",
    "customer_id": "C0757",
    "channel": "app",
    "created_at": "2025-03-08 11:27:10",
    "payment_status": "pending",
    "items": [
      {
        "sku": "SKU007",
        "qty": 5,
        "unit_price": 2.5
      },
      {
        "sku": "SKU007",
        "qty": 3,
        "unit_price": 19.9
      }
    ]
  },
  {
    "order_id": "O202503080094",
    "customer_id": "C0275",
    "channel": "web",
    "created_at": "2025-03-08 21:48:27",
    "payment_status": "paid",
    "items": [
      {
        "sku": "SKU035",
        "qty": 2,
        "unit_price": 7.5
      },
      {
        "sku": "SKU022",
        "qty": 2,
        "unit_price": 24.9
      }
    ]
  },
  {
    "order_id": "O202503080095",
    "customer_id": "C0722",
    "channel": "web",
    "created_at": "2025-03-08 11:23:20",
    "payment_status": "paid",
    "items": [
      {
        "sku": "SKU002",
        "qty": 3,
        "unit_price": 2.5
      }
    ]
  },
  {
    "order_id": "O202503080096",
    "customer_id": "C0731",
    "channel": "web",
    "created_at": "2025-03-08 07:15:32",
    "payment_status": "failed",
    "items": [
      {
        "sku": "SKU045",
        "qty": 2,
        "unit_price": 15.0
      },
      {
        "sku": "SKU011",
        "qty": 2,
        "unit_price": 8.0
      },
      {
        "sku": "SKU011",
        "qty": 2,
        "unit_price": 7.5
      }
    ]
  },
  {
    "order_id": "O202503080097",
    "customer_id": "C0729",
    "channel": "app",
    "created_at": "2025-03-08 17:35:23",
    "payment_status": "pending",
    "items": [
      {
        "sku": "SKU005",
        "qty": 4,
        "unit_price": 4.0
      }
    ]
  },
  {
    "order_id": "O202503080098",
    "customer_id": "C0749",
    "channel": "web",
    "created_at": "2025-03-08 17:29:11",
    "payment_status": "paid",
    "items": [
      {
        "sku": "SKU041",
        "qty": 4,
        "unit_price": 15.0
      },
      {
        "sku": "SKU030",
        "qty": 2,
        "unit_price": 24.9
      },
      {
        "sku": "SKU022",
        "qty": 3,
        "unit_price": 2.5
      },
      {
        "sku": "SKU025",
        "qty": 3,
        "unit_price": 4.0
      }
    ]
  },
  {
    "order_id": "O202503080099",
    "customer_id": "C0599",
    "channel": "web",
    "created_at": "2025-03-08 13:13:20",
    "payment_status": "paid",
    "items": [
      {
        "sku": "SKU030",
        "qty": 1,
        "unit_price": 7.5
      }
    ]
  },
  {
    "order_id": "O202503080100",
    "customer_id": "C0147",
    "channel": "app",
    "created_at": "2025-03-08 10:15:53",
    "payment_status": "paid",
    "items": [
      {
        "sku": "SKU022",
        "qty": 5,
        "unit_price": 2.5
      },
      {
        "sku": "SKU021",
        "qty": 1,
        "unit_price": 12.5
      }
    ]
  },
  {
    "order_id": "O202503080081",
    "customer_id": "C0167",
    "channel": "web",
    "created_at": "2025-03-08 09:49:19",
    "payment_status": "paid",
    "items": [
      {
        "sku": "SKU041",
        "qty": 5,
        "unit_price": 19.9
      },
      {
        "sku": "SKU003",
        "qty": 2,
        "unit_price": 5.0
      }
    ]
  },
  {
    "order_id": "O202503080011",
    "customer_id": "C0650",
    "channel": "app",
    "created_at": "2025-03-08 13:48:33",
    "payment_status": "paid",
    "items": [
      {
        "sku": "SKU003",
        "qty": 3,
        "unit_price": 8.0
      },
      {
        "sku": "SKU046",
        "qty": 2,
        "unit_price": 15.0
      },
      {
        "sku": "SKU013",
        "qty": 3,
        "unit_price": 9.9
      }
    ]
  },
  {
    "order_id": "O202503080030",
    "customer_id": "C0232",
    "channel": "app",
    "created_at": "2025-03-08 21:08:11",
    "payment_status": "paid",
    "items": [
      {
        "sku": "SKU024",
        "qty": 2,
        "unit_price": 19.9
      },
      {
        "sku": "SKU047",
        "qty": 1,
        "unit_price": 19.9
      },
      {
        "sku": "SKU013",
        "qty": 1,
        "unit_price": 19.9
      },
      {
        "sku": "SKU028",
        "qty": 3,
        "unit_price": 5.0
      }
    ]
  }
]