[
  {
    "order_id": "O202503210001",
    "customer_id": "C0134",
    "channel": "app",
    "created_at": "2025-03-21 08:36:48",
    "payment_status": "paid",
    "items": [
      {
        "sku": "SKU004",
        "qty": 5,
        "unit_price": 24.9
      },
      {
        "sku": "SKU004",
        "qty": 1,
        "unit_price": 5.0
      }
    ]
  },
  {
    "order_id": "O202503210002",
    "customer_id": "C0554",
    "channel": "web",
    "created_at": "2025-03-21 19:24:49",
    "payment_status": "paid",
    "items": [
      {
        "sku": "SKU020",
        "qty": 2,
        "unit_price": 5.0
      },
      {
        "sku": "SKU025",
        "qty": 2,
        "unit_price": 24.9
      }
    ]
  },
  {
    "order_id": "O202503210003",
    "customer_id": "C0263",
    "channel": "app",
    "created_at": "2025-03-21 15:57:19",
    "payment_status": "paid",
    "items": [
      {
        "sku": "SKU001",
        "qty": 1,
        "unit_price": 12.5
      },
      {
        "sku": "SKU035",
        "qty": 5,
        "unit_price": 12.5
      }
    ]
  },
  {
    "order_id": "O202503210004",
    "customer_id": "C0342",
    "channel": "app",
    "created_at": "2025-03-21 16:26:24",
    "payment_status": "failed",
    "items": [
      {
        "sku": "SKU043",
        "qty": 4,
        "unit_price": 15.0
      },
      {
        "sku": "SKU008",
        "qty": 2,
        "unit_price": 15.0
      }
    ]
  },
  {
    "order_id": "O202503210005",
    "customer_id": "C0346",
    "channel": "web",
    "created_at": "2025-03-21 15:59:29",
    "payment_status": "paid",
    "items": [
      {
        "sku": "SKU041",
        "qty": 3,
        "unit_price": 5.0
      },
      {
        "sku": "SKU002",
        "qty": 5,
        "unit_price": 12.5
      },
      {
        "sku": "SKU005",
        "qty": 3,
        "unit_price": 12.5
      }
    ]
  },
  {
    "order_id": "O202503210006",
    "customer_id": "C0708",
    "channel": "web",
    "created_at": "2025-03-21 22:23:31",
    "payment_status": "paid",
    "items": [
      {
        "sku": "SKU011",
        "qty": 5,
        "unit_price": 9.9
      }
    ]
  },
  {
    "order_id": "O202503210007",
    "customer_id": "C0682",
    "channel": "app",
    "created_at": "2025-03-21 19:36:57",
    "payment_status": "paid",
    "items": [
      {
        "sku": "SKU010",
        "qty": 2,
        "unit_price": 24.9
      },
      {
        "sku": "SKU017",
        "qty": 3,
        "unit_price": 8.0
      },
      {
        "sku": "SKU035",
        "qty": 1,
        "unit_price": 7.5
      },
      {
        "sku": "SKU022",
        "qty": 4,
        "unit_price": 24.9
      }
    ]
  },
  {
    "order_id": "O202503210008",
    "customer_id": "C0428",
    "channel": "web",
    "created_at": "2025-03-21 20:19:14",
    "payment_status": "paid",
    "items": [
      {
        "sku": "SKU050",
        "qty": 4,
        "unit_price": 9.9
      },
      {
        "sku": "SKU020",
        "qty": 3,
        "unit_price": 8.0
      }
    ]
  },
  {
    "order_id": "O202503210009",
    "customer_id": "C0759",
    "channel": "web",
    "created_at": "2025-03-21 10:18:22",
    "payment_status": "paid",
    "items": [
      {
        "sku": "SKU014",
        "qty": 4,
        "unit_price": 8.0
      },
      {
        "sku": "SKU034",
        "qty": 2,
        "unit_price": 2.5
      }
    ]
  },
  {
    "order_id": "O202503210010",
    "customer_id": "C0746",
    "channel": "web",
    "created_at": "2025-03-21 16:23:44",
    "payment_status": "paid",
    "items": [
      {
        "sku": "SKU014",
        "qty": 3,
        "unit_price": 4.0
      },
      {
        "sku": "SKU028",
        "qty": 3,
        "unit_price": 19.9
      }
    ]
  },
  {
    "order_id": "O202503210011",
    "customer_id": "C0621",
    "channel": "app",
    "created_at": "2025-03-21 15:07:52",
    "payment_status": "paid",
    "items": [
      {
        "sku": "SKU049",
        "qty": 3,
        "unit_price": 4.0
      },
      {
        "sku": "SKU039",
        "qty": 2,
        "unit_price": 24.9
      },
      {
        "sku": "SKU013",
        "qty": 2,
        "unit_price": 4.0
      },
      {
        "sku": "SKU014",
        "qty": 5,
        "unit_price": 2.5
      }
    ]
  },
  {
    "order_id": "O202503210012",
    "customer_id": "C0037",
    "channel": "web",
    "created_at": "2025-03-21 07:51:36",
    "payment_status": "pending",
    "items": [
      {
        "sku": "SKU035",
        "qty": 2,
        "unit_price": 9.9
      },
      {
        "sku": "SKU019",
        "qty": 3,
        "unit_price": 8.0
      }
    ]
  },
  {
    "order_id": "O202503210013",
    "customer_id": "C0379",
    "channel": "web",
    "created_at": "2025-03-21 15:31:02",
    "payment_status": "paid",
    "items": [
      {
        "sku": "SKU044",
        "qty": 4,
        "unit_price": 12.5
      },
      {
        "sku": "SKU025",
        "qty": 2,
        "unit_price": 12.5
      },
      {
        "sku": "SKU003",
        "qty": 3,
        "unit_price": 15.0
      },
      {
        "sku": "SKU029",
        "qty": 1,
        "unit_price": 8.0
      }
    ]
  },
  {
    "order_id": "O202503210014",
    "customer_id": "C0308",
    "channel": "app",
    "created_at": "2025-03-21 12:24:21",
    "payment_status": "paid",
    "items": [
      {
        "sku": "SKU016",
        "qty": 3,
        "unit_price": 19.9
      },
      {
        "sku": "SKU026",
        "qty": 2,
        "unit_price": 15.0
      },
      {
        "sku": "SKU021",
        "qty": 4,
        "unit_price": 7.5
      }
    ]
  },
  {
    "order_id": "O202503210015",
    "customer_id": "C0246",
    "channel": "web",
    "created_at": "2025-03-21 15:58:35",
    "payment_status": "paid",
    "items": [
      {
        "sku": "SKU044",
        "qty": 3,
        "unit_price": 4.0
      },
      {
        "sku": "SKU043",
        "qty": 1,
        "unit_price": 24.9
      },
      {
        "sku": "SKU006",
        "qty": 5,
        "unit_price": 24.9
      },
      {
        "sku": "SKU047",
        "qty": 1,
        "unit_price": 4.0
      }
    ]
  },
  {
    "order_id": "O202503210016",
    "customer_id": "C0412",
    "channel": "app",
    "created_at": "2025-03-21 18:47:50",
    "payment_status": "paid",
    "items": [
      {
        "sku": "SKU039",
        "qty": 4,
        "unit_price": 15.0
      }
    ]
  },
  {
    "order_id": "O202503210017",
    "customer_id": "C0031",
    "channel": "app",
    "created_at": "2025-03-21 12:56:21",
    "payment_status": "paid",
    "items": [
      {
        "sku": "SKU050",
        "qty": 4,
        "unit_price": 4.0
      },
      {
        "sku": "SKU002",
        "qty": 1,
        "unit_price": 7.5
      }
    ]
  },
  {
    "order_id": "O202503210018",
    "customer_id": "C0411",
    "channel": "web",
    "created_at": "2025-03-21 16:27:29",
    "payment_status": "paid",
    "items": [
      {
        "sku": "SKU012",
        "qty": 1,
        "unit_price": 24.9
      },
      {
        "sku": "SKU045",
        "qty": 3,
        "unit_price": 2.5
      },
      {
        "sku": "SKU014",
        "qty": 1,
        "unit_price": 2.5
      }
    ]
  },
  {
    "order_id": "O202503210019",
    "customer_id": "C0242",
    "channel": "web",
    "created_at": "2025-03-21 11:07:39",
    "payment_status": "paid",
    "items": [
      {
        "sku": "SKU047",
        "qty": 1,
        "unit_price": 24.9
      }
    ]
  },
  {
    "order_id": "O202503210020",
    "customer_id": "C0582",
    "channel": "web",
    "created_at": "2025-03-21 10:16:53",
    "payment_status": "paid",
    "items": [
      {
        "sku": "SKU016",
        "qty": 2,
        "unit_price": 15.0
      },
      {
        "sku": "SKU021",
        "qty": 4,
        "unit_price": 24.9
      }
    ]
  },
  {
    "order_id": "O202503210021",
    "customer_id": "C0496",
    "channel": "web",
    "created_at": "2025-03-21 09:54:27",
    "payment_status": "paid",
    "items": [
      {
        "sku": "SKU036",
        "qty": 3,
        "unit_price": 9.9
      }
    ]
  },
  {
    "order_id": "O202503210022",
    "customer_id": "C0237",
    "channel": "app",
    "created_at": "2025-03-21 07:03:59",
    "payment_status": "paid",
    "items": [
      {
        "sku": "SKU017",
        "qty": 5,
        "unit_price": 9.9
      },
      {
        "sku": "SKU009",
        "qty": 2,
        "unit_price": 8.0
      },
      {
        "sku": "SKU038",
        "qty": 1,
        "unit_price": 5.0
      },
      {
        "sku": "SKU047",
        "qty": 3,
        "unit_price": 9.9
      }
    ]
  },
  {
    "order_id": "O202503210023",
    "customer_id": "C0592",
    "channel": "app",
    "created_at": "2025-03-21 14:12:41",
    "payment_status": "paid",
    "items": [
      {
        "sku": "SKU023",
        "qty": 5,
        "unit_price": 19.9
      }
    ]
  },
  {
    "order_id": "O202503210024",
    "customer_id": "C0695",
    "channel": "web",
    "created_at": "2025-03-21 21:54:43",
    "payment_status": "failed",
    "items": [
      {
        "sku": "SKU027",
        "qty": 4,
        "unit_price": 4.0
      },
      {
        "sku": "SKU005",
        "qty": 5,
        "unit_price": 5.0
      },
      {
        "sku": "SKU014",
        "qty": 2,
        "unit_price": 24.9
      }
    ]
  },
  {
    "order_id": "O202503210025",
    "customer_id": "C0610",
    "channel": "app",
    "created_at": "2025-03-21 15:42:01",
    "payment_status": "failed",
    "items": [
      {
        "sku": "SKU045",
        "qty": 2,
        "unit_price": 8.0
      },
      {
        "sku": "SKU007",
        "qty": 2,
        "unit_price": 24.9
      }
    ]
  },
  {
    "order_id": "O202503210026",
    "customer_id": "C0191",
    "channel": "web",
    "created_at": "2025-03-21 10:20:30",
    "payment_status": "paid",
    "items": [
      {
        "sku": "SKU044",
        "qty": 3,
        "unit_price": 2.5
      },
      {
        "sku": "SKU046",
        "qty": 5,
        "unit_price": 7.5
      },
      {
        "sku": "SKU027",
        "qty": 5,
        "unit_price": 24.9
      },
      {
        "sku": "SKU023",
        "qty": 5,
        "unit_price": 24.9
      }
    ]
  },
  {
    "order_id": "O202503210027",
    "customer_id": "C0494",
    "channel": "app",
    "created_at": "2025-03-21 14:36:28",
    "payment_status": "paid",
    "items": [
      {
        "sku": "SKU020",
        "qty": 5,
        "unit_price": 19.9
      },
      {
        "sku": "SKU038",
        "qty": 1,
        "unit_price": 8.0
      }
    ]
  },
  {
    "order_id": "O202503210028",
    "customer_id": "C0491",
    "channel": "web",
    "created_at": "2025-03-21 09:00:57",
    "payment_status": "paid",
    "items": [
      {
        "sku": "SKU005",
        "qty": 4,
        "unit_price": 8.0
      }
    ]
  },
  {
    "order_id": "O202503210029",
    "customer_id": "C0500",
    "channel": "app",
    "created_at": "2025-03-21 11:34:37",
    "payment_status": "paid",
    "items": [
      {
        "sku": "SKU045",
        "qty": 2,
        "unit_price": 12.5
      },
      {
        "sku": "SKU012",
        "qty": 1,
        "unit_price": 2.5
      },
      {
        "sku": "SKU008",
        "qty": 1,
        "unit_price": 7.5
      },
      {
        "sku": "SKU016",
        "qty": 1,
        "unit_price": 9.9
      }
    ]
  },
  {
    "order_id": "O202503210030",
    "customer_id": "C0207",
    "channel": "web",
    "created_at": "2025-03-21 07:39:18",
    "payment_status": "paid",
    "items": [
      {
        "sku": "SKU034",
        "qty": 2,
        "unit_price": 8.0
      },
      {
        "sku": "SKU011",
        "qty": 5,
        "unit_price": 9.9
      },
      {
        "sku": "SKU026",
        "qty": 5,
        "unit_price": 4.0
      }
    ]
  },
  {
    "order_id": "O202503210031",
    "customer_id": "C0265",
    "channel": "app",
    "created_at": "2025-03-21 21:07:47",
    "payment_status": "paid",
    "items": [
      {
        "sku": "SKU039",
        "qty": 1,
        "unit_price": 19.9
      },
      {
        "sku": "SKU001",
        "qty": 3,
        "unit_price": 8.0
      }
    ]
  },
  {
    "order_id": "O202503210032",
    "customer_id": "C0514",
    "channel": "app",
    "created_at": "2025-03-21 19:18:26",
    "payment_status": "paid",
    "items": [
      {
        "sku": "SKU024",
        "qty": 3,
        "unit_price": 9.9
      },
      {
        "sku": "SKU017",
        "qty": 4,
        "unit_price": 2.5
      },
      {
        "sku": "SKU030",
        "qty": 4,
        "unit_price": 4.0
      },
      {
        "sku": "SKU045",
        "qty": 4,
        "unit_price": 24.9
      }
    ]
  },
  {
    "order_id": "O202503210033",
    "customer_id": "C0127",
    "channel": "web",
    "created_at": "2025-03-21 08:18:05",
    "payment_status": "paid",
    "items": [
      {
        "sku": "SKU026",
        "qty": 4,
        "unit_price": 2.5
      },
      {
        "sku": "SKU012",
        "qty": 2,
        "unit_price": 7.5
      }
    ]
  },
  {
    "order_id": "O202503210034",
    "customer_id": "C0261",
    "channel": "web",
    "created_at": "2025-03-21 09:59:07",
    "payment_status": "paid",
    "items": [
      {
        "sku": "SKU002",
        "qty": 5,
        "unit_price": 15.0
      },
      {
        "sku": "SKU039",
        "qty": 3,
        "unit_price": 19.9
      },
      {
        "sku": "SKU034",
        "qty": 4,
        "unit_price": 7.5
      }
    ]
  },
  {
    "order_id": "O202503210035",
    "customer_id": "C0030",
    "channel": "web",
    "created_at": "2025-03-21 13:40:43",
    "payment_status": "paid",
    "items": [
      {
        "sku": "SKU049",
        "qty": 4,
        "unit_price": 9.9
      }
    ]
  },
  {
    "order_id": "O202503210036",
    "customer_id": "C0512",
    "channel": "web",
    "created_at": "2025-03-21 17:42:03",
    "payment_status": "paid",
    "items": [
      {
        "sku": "SKU025",
        "qty": 2,
        "unit_price": 7.5
      },
      {
        "sku": "SKU034",
        "qty": 2,
        "unit_price": 24.9
      },
      {
        "sku": "SKU003",
        "qty": 4,
        "unit_price": 7.5
      }
    ]
  },
  {
    "order_id": "O202503210037",
    "customer_id": "C0744",
    "channel": "app",
    "created_at": "2025-03-21 17:11:28",
    "payment_status": "paid",
    "items": [
      {
        "sku": "SKU006",
        "qty": 2,
        "unit_price": 5.0
      }
    ]
  },
  {
    "order_id": "O202503210038",
    "customer_id": "C0304",
    "channel": "web",
    "created_at": "2025-03-21 19:12:43",
    "payment_status": "paid",
    "items": [
      {
        "sku": "SKU039",
        "qty": 3,
        "unit_price": 5.0
      }
    ]
  },
  {
    "order_id": "O202503210039",
    "customer_id": "C0659",
    "channel": "web",
    "created_at": "2025-03-21 18:04:18",
    "payment_status": "paid",
    "items": [
      {
        "sku": "SKU024",
        "qty": 5,
        "unit_price": 4.0
      },
      {
        "sku": "SKU046",
        "qty": 3,
        "unit_price": 19.9
      },
      {
        "sku": "SKU045",
        "qty": 1,
        "unit_price": 15.0
      },
      {
        "sku": "SKU032",
        "qty": 4,
        "unit_price": 19.9
      }
    ]
  },
  {
    "order_id": "O202503210040",
    "customer_id": "C0590",
    "channel": "web",
    "created_at": "2025-03-21 17:58:43",
    "payment_status": "paid",
    "items": [
      {
        "sku": "SKU042",
        "qty": 2,
        "unit_price": 12.5
      },
      {
        "sku": "SKU004",
        "qty": 5,
        "unit_price": 2.5
      }
    ]
  },
  {
    "order_id": "O202503210041",
    "customer_id": "C0037",
    "channel": "web",
    "created_at": "2025-03-21 21:48:37",
    "payment_status": "paid",
    "items": [
      {
        "sku": "SKU006",
        "qty": 4,
        "unit_price": 4.0
      },
      {
        "sku": "SKU048",
        "qty": 1,
        "unit_price": 15.0
      }
    ]
  },
  {
    "order_id": "O202503210042",
    "customer_id": "C0413",
    "channel": "app",
    "created_at": "2025-03-21 12:16:41",
    "payment_status": "paid",
    "items": [
      {
        "sku": "SKU012",
        "qty": 3,
        "unit_price": 4.0
      },
      {
        "sku": "SKU015",
        "qty": 2,
        "unit_price": 24.9
      },
      {
        "sku": "SKU024",
        "qty": 3,
        "unit_price": 5.0
      },
      {
        "sku": "SKU038",
        "qty": 1,
        "unit_price": 9.9
      }
    ]
  },
  {
    "order_id": "O202503210043",
    "customer_id": "C0042",
    "channel": "app",
    "created_at": "2025-03-21 19:02:06",
    "payment_status": "paid",
    "items": [
      {
        "sku": "SKU011",
        "qty": 4,
        "unit_price": 8.0
      },
      {
        "sku": "SKU006",
        "qty": 5,
        "unit_price": 19.9
      },
      {
        "sku": "SKU038",
        "qty": 3,
        "unit_price": 9.9
      }
    ]
  },
  {
    "order_id": "O202503210044",
    "customer_id": "C0315",
    "channel": "app",
    "created_at": "2025-03-21 09:17:01",
    "payment_status": "paid",
    "items": [
      {
        "sku": "SKU018",
        "qty": 5,
        "unit_price": 8.0
      }
    ]
  },
  {
    "order_id": "O202503210045",
    "customer_id": "C0359",
    "channel": "web",
    "created_at": "2025-03-21 18:47:01",
    "payment_status": "paid",
    "items": [
      {
        "sku": "SKU002",
        "qty": 2,
        "unit_price": 2.5
      },
      {
        "sku": "SKU047",
        "qty": 2,
        "unit_price": 12.5
      },
      {
        "sku": "SKU018",
        "qty": 3,
        "unit_price": 9.9
      }
    ]
  },
  {
    "order_id": "O202503210046",
    "customer_id": "C0440",
    "channel": "app",
    "created_at": "2025-03-21 17:02:00",
    "payment_status": "paid",
    "items": [
      {
        "sku": "SKU025",
        "qty": 3,
        "unit_price": 5.0
      },
      {
        "sku": "SKU022",
        "qty": 5,
        "unit_price": 9.9
      },
      {
        "sku": "SKU016",
        "qty": 4,
        "unit_price": 15.0
      },
      {
        "sku": "SKU035",
        "qty": 3,
        "unit_price": 24.9
      }
    ]
  },
  {
    "order_id": "O202503210047",
    "customer_id": "C0731",
    "channel": "app",
    "created_at": "2025-03-21 10:18:08",
    "payment_status": "paid",
    "items": [
      {
        "sku": "SKU016",
        "qty": 2,
        "unit_price": 24.9
      },
      {
        "sku": "SKU012",
        "qty": 2,
        "unit_price": 24.9
      },
      {
        "sku": "SKU020",
        "qty": 2,
        "unit_price": 8.0
      },
      {
        "sku": "SKU008",
        "qty": 1,
        "unit_price": 8.0
      }
    ]
  },
  {
    "order_id": "O202503210048",
    "customer_id": "C0559",
    "channel": "app",
    "created_at": "2025-03-21 16:13:43",
    "payment_status": "paid",
    "items": [
      {
        "sku": "SKU015",
        "qty": 1,
        "unit_price": 24.9
      }
    ]
  },
  {
    "order_id": "O202503210049",
    "customer_id": "C0132",
    "channel": "web",
    "created_at": "2025-03-21 16:46:20",
    "payment_status": "paid",
    "items": [
      {
        "sku": "SKU006",
        "qty": 2,
        "unit_price": 4.0
      },
      {
        "sku": "SKU049",
        "qty": 4,
        "unit_price": 15.0
      },
      {
        "sku": "SKU005",
        "qty": 2,
        "unit_price": 8.0
      }
    ]
  },
  {
    "order_id": "O202503210050",
    "customer_id": "C0759",
    "channel": "app",
    "created_at": "2025-03-21 17:37:05",
    "payment_status": "paid",
    "items": [
      {
        "sku": "SKU015",
        "qty": 2,
        "unit_price": 15.0
      },
      {
        "sku": "SKU017",
        "qty": 4,
        "unit_price": 8.0
      }
    ]
  },
  {
    "order_id": "O202503210051",
    "customer_id": "C0479",
    "channel": "app",
    "created_at": "2025-03-21 07:34:45",
    "payment_status": "paid",
    "items": [
      {
        "sku": "SKU012",
        "qty": 4,
        "unit_price": 15.0
      }
    ]
  },
  {
    "order_id": "O202503210052",
    "customer_id": "C0730",
    "channel": "app",
    "created_at": "2025-03-21 13:54:33",
    "payment_status": "paid",
    "items": [
      {
        "sku": "SKU035",
        "qty": 5,
        "unit_price": 12.5
      }
    ]
  },
  {
    "order_id": "O202503210053",
    "customer_id": "C0443",
    "channel": "web",
    "created_at": "2025-03-21 14:53:17",
    "payment_status": "paid",
    "items": [
      {
        "sku": "SKU019",
        "qty": 4,
        "unit_price": 12.5
      },
      {
        "sku": "SKU008",
        "qty": 5,
        "unit_price": 15.0
      },
      {
        "sku": "SKU030",
        "qty": 5,
        "unit_price": 8.0
      }
    ]
  },
  {
    "order_id": "O202503210054",
    "customer_id": "C0745",
    "channel": "web",
    "created_at": "2025-03-21 15:55:56",
    "payment_status": "paid",
    "items": [
      {
        "sku": "SKU012",
        "qty": 1,
        "unit_price": 8.0
      },
      {
        "sku": "SKU029",
        "qty": 5,
        "unit_price": 7.5
      },
      {
        "sku": "SKU002",
        "qty": 4,
        "unit_price": 4.0
      }
    ]
  },
  {
    "order_id": "O202503210055",
    "customer_id": "C0353",
    "channel": "app",
    "created_at": "2025-03-21 20:34:26",
    "payment_status": "paid",
    "items": [
      {
        "sku": "SKU019",
        "qty": 3,
        "unit_price": 5.0
      },
      {
        "sku": "SKU002",
        "qty": 1,
        "unit_price": 2.5
      },
      {
        "sku": "SKU025",
        "qty": 5,
        "unit_price": 12.5
      }
    ]
  },
  {
    "order_id": "O202503210056",
    "customer_id": "C0090",
    "channel": "app",
    "created_at": "2025-03-21 12:22:22",
    "payment_status": "paid",
    "items": [
      {
        "sku": "SKU048",
        "qty": 3,
        "unit_price": 24.9
      },
      {
        "sku": "SKU008",
        "qty": 1,
        "unit_price": 7.5
      },
      {
        "sku": "SKU013",
        "qty": 5,
        "unit_price": 4.0
      }
    ]
  },
  {
    "order_id": "O202503210057",
    "customer_id": "C0138",
    "channel": "app",
    "created_at": "2025-03-21 13:07:20",
    "payment_status": "paid",
    "items": [
      {
        "sku": "SKU029",
        "qty": 1,
        "unit_price": 8.0
      },
      {
        "sku": "SKU007",
        "qty": 1,
        "unit_price": 2.5
      }
    ]
  },
  {
    "order_id": "O202503210058",
    "customer_id": "C0454",
    "channel": "app",
    "created_at": "2025-03-21 08:54:25",
    "payment_status": "failed",
    "items": [
      {
        "sku": "SKU015",
        "qty": 3,
        "unit_price": 15.0
      },
      {
        "sku": "SKU031",
        "qty": 4,
        "unit_price": 15.0
      },
      {
        "sku": "SKU022",
        "qty": 1,
        "unit_price": 8.0
      }
    ]
  },
  {
    "order_id": "O202503210059",
    "customer_id": "C0683",
    "channel": "app",
    "created_at": "2025-03-21 12:31:16",
    "payment_status": "paid",
    "items": [
      {
        "sku": "SKU023",
        "qty": 2,
        "unit_price": 9.9
      },
      {
        "sku": "SKU015",
        "qty": 1,
        "unit_price": 4.0
      },
      {
        "sku": "SKU018",
        "qty": 4,
        "unit_price": 4.0
      }
    ]
  },
  {
    "order_id": "O202503210060",
    "customer_id": "C0454",
    "channel": "app",
    "created_at": "2025-03-21 07:04:00",
    "payment_status": "paid",
    "items": [
      {
        "sku": "SKU009",
        "qty": 2,
        "unit_price": 9.9
      },
      {
        "sku": "SKU025",
        "qty": 3,
        "unit_price": 24.9
      }
    ]
  },
  {
    "order_id": "O202503210061",
    "customer_id": "C0438",
    "channel": "web",
    "created_at": "2025-03-21 21:26:37",
    "payment_status": "paid",
    "items": [
      {
        "sku": "SKU029",
        "qty": 4,
        "unit_price": 15.0
      },
      {
        "sku": "SKU024",
        "qty": 1,
        "unit_price": 5.0
      }
    ]
  },
  {
    "order_id": "O202503210062",
    "customer_id": "C0586",
    "channel": "web",
    "created_at": "2025-03-21 21:13:30",
    "payment_status": "paid",
    "items": [
      {
        "sku": "SKU023",
        "qty": 4,
        "unit_price": 7.5
      },
      {
        "sku": "SKU036",
        "qty": 3,
        "unit_price": 7.5
      },
      {
        "sku": "SKU050",
        "qty": 5,
        "unit_price": 19.9
      },
      {
        "sku": "SKU038",
        "qty": 5,
        "unit_price": 24.9
      }
    ]
  },
  {
    "order_id": "O202503210063",
    "customer_id": "C0207",
    "channel": "app",
    "created_at": "2025-03-21 12:58:28",
    "payment_status": "pending",
    "items": [
      {
        "sku": "SKU040",
        "qty": 5,
        "unit_price": 2.5
      },
      {
        "sku": "SKU048",
        "qty": 3,
        "unit_price": 7.5
      },
      {
        "sku": "SKU027",
        "qty": 5,
        "unit_price": 2.5
      },
      {
        "sku": "SKU014",
        "qty": 3,
        "unit_price": 8.0
      }
    ]
  },
  {
    "order_id": "O202503210064",
    "customer_id": "C0138",
    "channel": "web",
    "created_at": "2025-03-21 16:09:04",
    "payment_status": "paid",
    "items": [
      {
        "sku": "SKU010",
        "qty": 4,
        "unit_price": 4.0
      }
    ]
  },
  {
    "order_id": "O202503210065",
    "customer_id": "C0416",
    "channel": "web",
    "created_at": "2025-03-21 09:01:25",
    "payment_status": "paid",
    "items": [
      {
        "sku": "SKU031",
        "qty": 3,
        "unit_price": 19.9
      },
      {
        "sku": "SKU017",
        "qty": 1,
        "unit_price": 7.5
      }
    ]
  },
  {
    "order_id": "O202503210066",
    "customer_id": "C0047",
    "channel": "app",
    "created_at": "2025-03-21 12:00:33",
    "payment_status": "paid",
    "items": [
      {
        "sku": "SKU042",
        "qty": 3,
        "unit_price": 24.9
      },
      {
        "sku": "SKU003",
        "qty": 3,
        "unit_price": 15.0
      },
      {
        "sku": "SKU027",
        "qty": 4,
        "unit_price": 9.9
      },
      {
        "sku": "SKU039",
        "qty": 4,
        "unit_price": 4.0
      }
    ]
  },
  {
    "order_id": "O202503210067",
    "customer_id": "C0097",
    "channel": "web",
    "created_at": "2025-03-21 09:38:41",
    "payment_status": "paid",
    "items": [
      {
        "sku": "SKU031",
        "qty": 4,
        "unit_price": 8.0
      },
      {
        "sku": "SKU037",
        "qty": 4,
        "unit_price": 19.9
      },
      {
        "sku": "SKU012",
        "qty": 4,
        "unit_price": 2.5
      }
    ]
  },
  {
    "order_id": "O202503210068",
    "customer_id": "C0529",
    "channel": "web",
    "created_at": "2025-03-21 08:35:30",
    "payment_status": "paid",
    "items": [
      {
        "sku": "SKU046",
        "qty": 4,
        "unit_price": 2.5
      }
    ]
  },
  {
    "order_id": "O202503210069",
    "customer_id": "C0613",
    "channel": "web",
    "created_at": "2025-03-21 14:28:18",
    "payment_status": "paid",
    "items": [
      {
        "sku": "SKU050",
        "qty": 3,
        "unit_price": 15.0
      },
      {
        "sku": "SKU018",
        "qty": 3,
        "unit_price": 7.5
      },
      {
        "sku": "SKU015",
        "qty": 3,
        "unit_price": 5.0
      }
    ]
  },
  {
    "order_id": "O202503210070",
    "customer_id": "C0006",
    "channel": "web",
    "created_at": "2025-03-21 17:20:20",
    "payment_status": "paid",
    "items": [
      {
        "sku": "SKU046",
        "qty": 4,
        "unit_price": 7.5
      },
      {
        "sku": "SKU045",
        "qty": 3,
        "unit_price": 12.5
      },
      {
        "sku": "SKU036",
        "qty": 4,
        "unit_price": 8.0
      },
      {
        "sku": "SKU038",
        "qty": 2,
        "unit_price": 15.0
      }
    ]
  },
  {
    "order_id": "O202503210071",
    "customer_id": "C0518",
    "channel": "app",
    "created_at": "2025-03-21 13:35:55",
    "payment_status": "pending",
    "items": [
      {
        "sku": "SKU045",
        "qty": 1,
        "unit_price": 4.0
      },
      {
        "sku": "SKU044",
        "qty": 5,
        "unit_price": 2.5
      }
    ]
  },
  {
    "order_id": "O202503210072",
    "customer_id": "C0038",
    "channel": "app",
    "created_at": "2025-03-21 14:06:48",
    "payment_status": "paid",
    "items": [
      {
        "sku": "SKU002",
        "qty": 2,
        "unit_price": 2.5
      },
      {
        "sku": "SKU032",
        "qty": 5,
        "unit_price": 4.0
      },
      {
        "sku": "SKU034",
        "qty": 4,
        "unit_price": 8.0
      },
      {
        "sku": "SKU012",
        "qty": 2,
        "unit_price": 12.5
      }
    ]
  },
  {
    "order_id": "O202503210073",
    "customer_id": "C0160",
    "channel": "web",
    "created_at": "2025-03-21 19:15:55",
    "payment_status": "paid",
    "items": [
      {
        "sku": "SKU030",
        "qty": 4,
        "unit_price": 12.5
      }
    ]
  },
  {
    "order_id": "O202503210074",
    "customer_id": "C0086",
    "channel": "app",
    "created_at": "2025-03-21 13:45:08",
    "payment_status": "paid",
    "items": [
      {
        "sku": "SKU027",
        "qty": 4,
        "unit_price": 19.9
      },
      {
        "sku": "SKU015",
        "qty": 5,
        "unit_price": 4.0
      }
    ]
  },
  {
    "order_id": "O202503210075",
    "customer_id": "C0207",
    "channel": "app",
    "created_at": "2025-03-21 16:10:41",
    "payment_status": "paid",
    "items": [
      {
        "sku": "SKU028",
        "qty": 5,
        "unit_price": 24.9
      }
    ]
  },
  {
    "order_id": "O202503210076",
    "customer_id": "C0026",
    "channel": "web",
    "created_at": "2025-03-21 19:07:04",
    "payment_status": "paid",
    "items": [
      {
        "sku": "SKU050",
        "qty": 2,
        "unit_price": 24.9
      },
      {
        "sku": "SKU030",
        "qty": 4,
        "unit_price": 24.9
      },
      {
        "sku": "SKU034",
        "qty": 1,
        "unit_price": 5.0
      }
    ]
  },
  {
    "order_id": "O202503210077",
    "customer_id": "C0189",
    "channel": "web",
    "created_at": "2025-03-21 12:33:36",
    "payment_status": "paid",
    "items": [
      {
        "sku": "SKU035",
        "qty": 5,
        "unit_price": 4.0
      },
      {
        "sku": "SKU030",
        "qty": 1,
        "unit_price": 4.0
      },
      {
        "sku": "SKU028",
        "qty": 1,
        "unit_price": 19.9
      },
      {
        "sku": "SKU030",
        "qty": 1,
        "unit_price": 7.5
      }
    ]
  },
  {
    "order_id": "O202503210078",
    "customer_id": "C0624",
    "channel": "web",
    "created_at": "2025-03-21 18:50:33",
    "payment_status": "pending",
    "items": [
      {
        "sku": "SKU036",
        "qty": 2,
        "unit_price": 9.9
      },
      {
        "sku": "SKU021",
        "qty": 2,
        "unit_price": 24.9
      },
      {
        "sku": "SKU009",
        "qty": 2,
        "unit_price": 24.9
      }
    ]
  },
  {
    "order_id": "O202503210079",
    "customer_id": "C0719",
    "channel": "app",
    "created_at": "2025-03-21 08:45:27",
    "payment_status": "paid",
    "items": [
      {
        "sku": "SKU010",
        "qty": 1,
        "unit_price": 8.0
      }
    ]
  },
  {
    "order_id": "O202503210080",
    "customer_id": "C0248",
    "channel": "app",
    "created_at": "2025-03-21 10:07:09",
    "payment_status": "paid",
    "items": [
      {
        "sku": "SKU046",
        "qty": 4,
        "unit_price": 4.0
      },
      {
        "sku": "SKU003",
        "qty": 3,
        "unit_price": 24.9
      }
    ]
  },
  {
    "order_id": "O202503210081",
    "customer_id": "C0290",
    "channel": "web",
    "created_at": "2025-03-21 11:23:02",
    "payment_status": "paid",
    "items": [
      {
        "sku": "SKU034",
        "qty": 1,
        "unit_price": 24.9
      },
      {
        "sku": "SKU039",
        "qty": 4,
        "unit_price": 12.5
      }
    ]
  },
  {
    "order_id": "O202503210082",
    "customer_id": "C0408",
    "channel": "web",
    "created_at": "2025-03-21 09:22:59",
    "payment_status": "paid",
    "items": [
      {
        "sku": "SKU050",
        "qty": 3,
        "unit_price": 2.5
      },
      {
        "sku": "SKU048",
        "qty": 1,
        "unit_price": 2.5
      },
      {
        "sku": "SKU047",
        "qty": 4,
        "unit_price": 2.5
      }
    ]
  },
  {
    "order_id": "O202503210083",
    "customer_id": "C0089",
    "channel": "web",
    "created_at": "2025-03-21 11:06:47",
    "payment_status": "paid",
    "items": [
      {
        "sku": "SKU001",
        "qty": 2,
        "unit_price": 5.0
      },
      {
        "sku": "SKU007",
        "qty": 2,
        "unit_price": 24.9
      }
    ]
  },
  {
    "order_id": "O202503210084",
    "customer_id": "C0489",
    "channel": "web",
    "created_at": "2025-03-21 14:43:47",
    "payment_status": "paid",
    "items": [
      {
        "sku": "SKU032",
        "qty": 1,
        "unit_price": 24.9
      },
      {
        "sku": "SKU007",
        "qty": 2,
        "unit_price": 19.9
      },
      {
        "sku": "SKU015",
        "qty": 2,
        "unit_price": 5.0
      }
    ]
  },
  {
    "order_id": "O202503210085",
    "customer_id": "C0726",
    "channel": "web",
    "created_at": "2025-03-21 20:44:56",
    "payment_status": "paid",
    "items": [
      {
        "sku": "SKU044",
        "qty": 2,
        "unit_price": 15.0
      },
      {
        "sku": "SKU042",
        "qty": 4,
        "unit_price": 2.5
      },
      {
        "sku": "SKU008",
        "qty": 2,
        "unit_price": 24.9
      }
    ]
  },
  {
    "order_id": "O202503210086",
    "customer_id": "C0578",
    "channel": "app",
    "created_at": "2025-03-21 08:34:54",
    "payment_status": "paid",
    "items": [
      {
        "sku": "SKU017",
        "qty": 2,
        "unit_price": 19.9
      },
      {
        "sku": "SKU032",
        "qty": 2,
        "unit_price": 8.0
      },
      {
        "sku": "SKU025",
        "qty": 5,
        "unit_price": 15.0
      }
    ]
  },
  {
    "order_id": "O202503210087",
    "customer_id": "C0348",
    "channel": "web",
    "created_at": "2025-03-21 17:07:23",
    "payment_status": "paid",
    "items": [
      {
        "sku": "SKU003",
        "qty": 5,
        "unit_price": 24.9
      },
      {
        "sku": "SKU034",
        "qty": 5,
        "unit_price": 4.0
      }
    ]
  },
  {
    "order_id": "O202503210088",
    "customer_id": "C0053",
    "channel": "web",
    "created_at": "2025-03-21 07:42:59",
    "payment_status": "paid",
    "items": [
      {
        "sku": "SKU006",
        "qty": 4,
        "unit_price": 9.9
      },
      {
        "sku": "SKU034",
        "qty": 1,
        "unit_price": 24.9
      },
      {
        "sku": "SKU047",
        "qty": 1,
        "unit_price": 15.0
      },
      {
        "sku": "SKU048",
        "qty": 5,
        "unit_price": 15.0
      }
    ]
  },
  {
    "order_id": "O202503210089",
    "customer_id": "C0012",
    "channel": "web",
    "created_at": "2025-03-21 10:10:33",
    "payment_status": "paid",
    "items": [
      {
        "sku": "SKU008",
        "qty": 4,
        "unit_price": 4.0
      },
      {
        "sku": "SKU007",
        "qty": 3,
        "unit_price": 2.5
      }
    ]
  },
  {
    "order_id": "O202503210090",
    "customer_id": "C0359",
    "channel": "web",
    "created_at": "2025-03-21 11:51:07",
    "payment_status": "paid",
    "items": [
      {
        "sku": "SKU048",
        "qty": 5,
        "unit_price": 5.0
      },
      {
        "sku": "SKU007",
        "qty": 1,
        "unit_price": 9.9
      },
      {
        "sku": "SKU006",
        "qty": 3,
        "unit_price": 8.0
      },
      {
        "sku": "SKU036",
        "qty": 1,
        "unit_price": 12.5
      }
    ]
  },
  {
    "order_id": "O202503210091",
    "customer_id": "C0755",
    "channel": "web",
    "created_at": "2025-03-21 08:14:41",
    "payment_status": "paid",
    "items": [
      {
        "sku": "SKU031",
        "qty": 3,
        "unit_price": 12.5
      },
      {
        "sku": "SKU034",
        "qty": 3,
        "unit_price": 9.9
      },
      {
        "sku": "SKU045",
        "qty": 4,
        "unit_price": 5.0
      },
      {
        "sku": "SKU008",
        "qty": 2,
        "unit_price": 19.9
      }
    ]
  },
  {
    "order_id": "O202503210092",
    "customer_id": "C0423",
    "channel": "web",
    "created_at": "2025-03-21 16:16:46",
    "payment_status": "paid",
    "items": [
      {
        "sku": "SKU042",
        "qty": 1,
        "unit_price": 19.9
      }
    ]
  },
  {
    "order_id": "O202503210093",
    "customer_id": "C0660",
    "channel": "web",
    "created_at": "2025-03-21 12:51:10",
    "payment_status": "paid",
    "items": [
      {
        "sku": "SKU034",
        "qty": 1,
        "unit_price": 15.0
      }
    ]
  },
  {
    "order_id": "O202503210094",
    "customer_id": "C0632",
    "channel": "web",
    "created_at": "2025-03-21 18:05:00",
    "payment_status": "paid",
    "items": [
      {
        "sku": "SKU039",
        "qty": 4,
        "unit_price": 15.0
      },
      {
        "sku": "SKU044",
        "qty": 1,
        "unit_price": 5.0
      },
      {
        "sku": "SKU005",
        "qty": 2,
        "unit_price": 7.5
      },
      {
        "sku": "SKU031",
        "qty": 2,
        "unit_price": 9.9
      }
    ]
  },
  {
    "order_id": "O202503210095",
    "customer_id": "C0332",
    "channel": "app",
    "created_at": "2025-03-21 08:21:01",
    "payment_status": "paid",
    "items": [
      {
        "sku": "SKU004",
        "qty": 2,
        "unit_price": 12.5
      },
      {
        "sku": "SKU025",
        "qty": 5,
        "unit_price": 15.0
      },
      {
        "sku": "SKU027",
        "qty": 3,
        "unit_price": 5.0
      }
    ]
  },
  {
    "order_id": "O202503210096",
    "customer_id": "C0152",
    "channel": "app",
    "created_at": "2025-03-21 07:29:26",
    "payment_status": "paid",
    "items": [
      {
        "sku": "SKU037",
        "qty": 4,
        "unit_price": 19.9
      },
      {
        "sku": "SKU030",
        "qty": 2,
        "unit_price": 24.9
      },
      {
        "sku": "SKU013",
        "qty": 2,
        "unit_price": 8.0
      }
    ]
  },
  {
    "order_id": "O202503210097",
    "customer_id": "C0048",
    "channel": "web",
    "created_at": "2025-03-21 13:53:55",
    "payment_status": "paid",
    "items": [
      {
        "sku": "SKU041",
        "qty": 2,
        "unit_price": 8.0
      },
      {
        "sku": "SKU046",
        "qty": 5,
        "unit_price": 5.0
      },
      {
        "sku": "SKU007",
        "qty": 3,
        "unit_price": 4.0
      },
      {
        "sku": "SKU031",
        "qty": 1,
        "unit_price": 9.9
      }
    ]
  },
  {
    "order_id": "O202503210098",
    "customer_id": "C0781",
    "channel": "web",
    "created_at": "2025-03-21 22:45:24",
    "payment_status": "paid",
    "items": [
      {
        "sku": "SKU033",
        "qty": 5,
        "unit_price": 8.0
      },
      {
        "sku": "SKU007",
        "qty": 2,
        "unit_price": 2.5
      },
      {
        "sku": "SKU008",
        "qty": 1,
        "unit_price": 24.9
      }
    ]
  },
  {
    "order_id": "O202503210099",
    "customer_id": "C0468",
    "channel": "web",
    "created_at": "2025-03-21 17:00:31",
    "payment_status": "paid",
    "items": [
      {
        "sku": "SKU046",
        "qty": 4,
        "unit_price": 12.5
      },
      {
        "sku": "SKU004",
        "qty": 3,
        "unit_price": 19.9
      },
      {
        "sku": "SKU029",
        "qty": 4,
        "unit_price": 15.0
      }
    ]
  },
  {
    "order_id": "O202503210100",
    "customer_id": "C0140",
    "channel": "web",
    "created_at": "2025-03-21 15:01:03",
    "payment_status": "paid",
    "items": [
      {
        "sku": "SKU049",
        "qty": 4,
        "unit_price": 19.9
      },
      {
        "sku": "SKU022",
        "qty": 2,
        "unit_price": 7.5
      },
      {
        "sku": "SKU039",
        "qty": 1,
        "unit_price": 7.5
      }
    ]
  },
  {
    "order_id": "O202503210026",
    "customer_id": "C0191",
    "channel": "web",
    "created_at": "2025-03-21 10:20:30",
    "payment_status": "paid",
    "items": [
      {
        "sku": "SKU044",
        "qty": 3,
        "unit_price": 2.5
      },
      {
        "sku": "SKU046",
        "qty": 5,
        "unit_price": 7.5
      },
      {
        "sku": "SKU027",
        "qty": 5,
        "unit_price": 24.9
      },
      {
        "sku": "SKU023",
        "qty": 5,
        "unit_price": 24.9
      }
    ]
  },
  {
    "order_id": "O202503210072",
    "customer_id": "C0038",
    "channel": "app",
    "created_at": "2025-03-21 14:06:48",
    "payment_status": "paid",
    "items": [
      {
        "sku": "SKU002",
        "qty": 2,
        "unit_price": 2.5
      },
      {
        "sku": "SKU032",
        "qty": 5,
        "unit_price": 4.0
      },
      {
        "sku": "SKU034",
        "qty": 4,
        "unit_price": 8.0
      },
      {
        "sku": "SKU012",
        "qty": 2,
        "unit_price": 12.5
      }
    ]
  },
  {
    "order_id": "O202503210002",
    "customer_id": "C0554",
    "channel": "web",
    "created_at": "2025-03-21 19:24:49",
    "payment_status": "paid",
    "items": [
      {
        "sku": "SKU020",
        "qty": 2,
        "unit_price": 5.0
      },
      {
        "sku": "SKU025",
        "qty": 2,
        "unit_price": 24.9
      }
    ]
  }
]