[
  {
    "order_id": "O202503140001",
    "customer_id": "C0524",
    "channel": "app",
    "created_at": "2025-03-14 08:14:37",
    "payment_status": "paid",
    "items": [
      {
        "sku": "SKU037",
        "qty": 1,
        "unit_price": 15.0
      },
      {
        "sku": "SKU014",
        "qty": 3,
        "unit_price": 4.0
      },
      {
        "sku": "SKU049",
        "qty": 2,
        "unit_price": 19.9
      }
    ]
  },
  {
    "order_id": "O202503140002",
    "customer_id": "C0495",
    "channel": "app",
    "created_at": "2025-03-14 16:23:20",
    "payment_status": "pending",
    "items": [
      {
        "sku": "SKU036",
        "qty": 4,
        "unit_price": 9.9
      },
      {
        "sku": "SKU030",
        "qty": 1,
        "unit_price": 2.5
      }
    ]
  },
  {
    "order_id": "O202503140003",
    "customer_id": "C0071",
    "channel": "app",
    "created_at": "2025-03-14 10:28:29",
    "payment_status": "paid",
    "items": [
      {
        "sku": "SKU009",
        "qty": 2,
        "unit_price": 7.5
      },
      {
        "sku": "SKU004",
        "qty": 5,
        "unit_price": 19.9
      },
      {
        "sku": "SKU011",
        "qty": 2,
        "unit_price": 4.0
      }
    ]
  },
  {
    "order_id": "O202503140004",
    "customer_id": "C0579",
    "channel": "web",
    "created_at": "2025-03-14 11:46:18",
    "payment_status": "paid",
    "items": [
      {
        "sku": "SKU003",
        "qty": 5,
        "unit_price": 8.0
      },
      {
        "sku": "SKU017",
        "qty": 2,
        "unit_price": 2.5
      },
      {
        "sku": "SKU029",
        "qty": 4,
        "unit_price": 5.0
      }
    ]
  },
  {
    "order_id": "O202503140005",
    "customer_id": "C0109",
    "channel": "web",
    "created_at": "2025-03-14 11:31:39",
    "payment_status": "paid",
    "items": [
      {
        "sku": "SKU035",
        "qty": 1,
        "unit_price": 9.9
      },
      {
        "sku": "SKU011",
        "qty": 1,
        "unit_price": 9.9
      }
    ]
  },
  {
    "order_id": "O202503140006",
    "customer_id": "C0550",
    "channel": "web",
    "created_at": "2025-03-14 11:34:43",
    "payment_status": "paid",
    "items": [
      {
        "sku": "SKU048",
        "qty": 1,
        "unit_price": 19.9
      },
      {
        "sku": "SKU009",
        "qty": 5,
        "unit_price": 12.5
      },
      {
        "sku": "SKU007",
        "qty": 5,
        "unit_price": 15.0
      }
    ]
  },
  {
    "order_id": "O202503140007",
    "customer_id": "C0150",
    "channel": "web",
    "created_at": "2025-03-14 07:35:24",
    "payment_status": "paid",
    "items": [
      {
        "sku": "SKU010",
        "qty": 2,
        "unit_price": 24.9
      }
    ]
  },
  {
    "order_id": "O202503140008",
    "customer_id": "C0098",
    "channel": "app",
    "created_at": "2025-03-14 09:13:05",
    "payment_status": "paid",
    "items": [
      {
        "sku": "SKU005",
        "qty": 3,
        "unit_price": 15.0
      },
      {
        "sku": "SKU042",
        "qty": 2,
        "unit_price": 5.0
      }
    ]
  },
  {
    "order_id": "O202503140009",
    "customer_id": "C0222",
    "channel": "web",
    "created_at": "2025-03-14 15:50:02",
    "payment_status": "pending",
    "items": [
      {
        "sku": "SKU016",
        "qty": 5,
        "unit_price": 5.0
      },
      {
        "sku": "SKU011",
        "qty": 5,
        "unit_price": 4.0
      },
      {
        "sku": "SKU004",
        "qty": 2,
        "unit_price": 12.5
      }
    ]
  },
  {
    "order_id": "O202503140010",
    "customer_id": "C0043",
    "channel": "app",
    "created_at": "2025-03-14 07:29:57",
    "payment_status": "paid",
    "items": [
      {
        "sku": "SKU048",
        "qty": 5,
        "unit_price": 24.9
      },
      {
        "sku": "SKU019",
        "qty": 3,
        "unit_price": 15.0
      },
      {
        "sku": "SKU026",
        "qty": 4,
        "unit_price": 15.0
      },
      {
        "sku": "SKU034",
        "qty": 3,
        "unit_price": 9.9
      }
    ]
  },
  {
    "order_id": "O202503140011",
    "customer_id": "C0609",
    "channel": "app",
    "created_at": "2025-03-14 20:19:18",
    "payment_status": "paid",
    "items": [
      {
        "sku": "SKU030",
        "qty": 1,
        "unit_price": 12.5
      },
      {
        "sku": "SKU032",
        "qty": 4,
        "unit_price": 19.9
      },
      {
        "sku": "SKU026",
        "qty": 3,
        "unit_price": 7.5
      }
    ]
  },
  {
    "order_id": "O202503140012",
    "customer_id": "C0138",
    "channel": "web",
    "created_at": "2025-03-14 09:28:29",
    "payment_status": "paid",
    "items": [
      {
        "sku": "SKU049",
        "qty": 3,
        "unit_price": 12.5
      },
      {
        "sku": "SKU015",
        "qty": 5,
        "unit_price": 9.9
      },
      {
        "sku": "SKU014",
        "qty": 1,
        "unit_price": 8.0
      }
    ]
  },
  {
    "order_id": "O202503140013",
    "customer_id": "C0560",
    "channel": "web",
    "created_at": "2025-03-14 09:25:23",
    "payment_status": "paid",
    "items": [
      {
        "sku": "SKU040",
        "qty": 1,
        "unit_price": -2.5
      },
      {
        "sku": "SKU031",
        "qty": 5,
        "unit_price": 24.9
      }
    ]
  },
  {
    "order_id": "O202503140014",
    "customer_id": "C0010",
    "channel": "web",
    "created_at": "2025-03-14 21:53:48",
    "payment_status": "paid",
    "items": [
      {
        "sku": "SKU038",
        "qty": 3,
        "unit_price": 4.0
      }
    ]
  },
  {
    "order_id": "O202503140015",
    "customer_id": "C0610",
    "channel": "app",
    "created_at": "2025-03-14 10:19:16",
    "payment_status": "paid",
    "items": [
      {
        "sku": "SKU019",
        "qty": 4,
        "unit_price": 15.0
      },
      {
        "sku": "SKU044",
        "qty": 1,
        "unit_price": 19.9
      },
      {
        "sku": "SKU040",
        "qty": 4,
        "unit_price": 5.0
      },
      {
        "sku": "SKU049",
        "qty": 4,
        "unit_price": 12.5
      }
    ]
  },
  {
    "order_id": "O202503140016",
    "customer_id": "C0389",
    "channel": "app",
    "created_at": "2025-03-14 09:50:58",
    "payment_status": "paid",
    "items": [
      {
        "sku": "SKU043",
        "qty": 1,
        "unit_price": 9.9
      },
      {
        "sku": "SKU033",
        "qty": 2,
        "unit_price": 8.0
      },
      {
        "sku": "SKU033",
        "qty": 5,
        "unit_price": 19.9
      }
    ]
  },
  {
    "order_id": "O202503140017",
    "customer_id": "C0287",
    "channel": "web",
    "created_at": "2025-03-14 12:13:04",
    "payment_status": "paid",
    "items": [
      {
        "sku": "SKU021",
        "qty": 5,
        "unit_price": 12.5
      },
      {
        "sku": "SKU012",
        "qty": 4,
        "unit_price": 8.0
      },
      {
        "sku": "SKU012",
        "qty": 4,
        "unit_price": 2.5
      },
      {
        "sku": "SKU002",
        "qty": 3,
        "unit_price": 7.5
      }
    ]
  },
  {
    "order_id": "O202503140018",
    "customer_id": "C0114",
    "channel": "web",
    "created_at": "2025-03-14 19:37:13",
    "payment_status": "paid",
    "items": [
      {
        "sku": "SKU002",
        "qty": 4,
        "unit_price": 9.9
      },
      {
        "sku": "SKU001",
        "qty": 2,
        "unit_price": 19.9
      }
    ]
  },
  {
    "order_id": "O202503140019",
    "customer_id": "C0206",
    "channel": "web",
    "created_at": "2025-03-14 17:30:02",
    "payment_status": "paid",
    "items": [
      {
        "sku": "SKU008",
        "qty": 3,
        "unit_price": 9.9
      },
      {
        "sku": "SKU008",
        "qty": 2,
        "unit_price": 8.0
      },
      {
        "sku": "SKU003",
        "qty": 5,
        "unit_price": 19.9
      }
    ]
  },
  {
    "order_id": "O202503140020",
    "customer_id": "C0641",
    "channel": "web",
    "created_at": "2025-03-14 10:29:09",
    "payment_status": "paid",
    "items": [
      {
        "sku": "SKU029",
        "qty": 3,
        "unit_price": 8.0
      },
      {
        "sku": "SKU050",
        "qty": 4,
        "unit_price": 9.9
      },
      {
        "sku": "SKU047",
        "qty": 4,
        "unit_price": 12.5
      },
      {
        "sku": "SKU004",
        "qty": 1,
        "unit_price": 15.0
      }
    ]
  },
  {
    "order_id": "O202503140021",
    "customer_id": "C0028",
    "channel": "app",
    "created_at": "2025-03-14 10:21:56",
    "payment_status": "paid",
    "items": [
      {
        "sku": "SKU003",
        "qty": 2,
        "unit_price": 2.5
      }
    ]
  },
  {
    "order_id": "O202503140022",
    "customer_id": "C0342",
    "channel": "web",
    "created_at": "2025-03-14 17:50:09",
    "payment_status": "paid",
    "items": [
      {
        "sku": "SKU034",
        "qty": 3,
        "unit_price": 9.9
      },
      {
        "sku": "SKU034",
        "qty": 4,
        "unit_price": 12.5
      },
      {
        "sku": "SKU044",
        "qty": 2,
        "unit_price": 2.5
      }
    ]
  },
  {
    "order_id": "O202503140023",
    "customer_id": "C0107",
    "channel": "web",
    "created_at": "2025-03-14 10:14:16",
    "payment_status": "paid",
    "items": [
      {
        "sku": "SKU014",
        "qty": 4,
        "unit_price": 8.0
      },
      {
        "sku": "SKU050",
        "qty": 3,
        "unit_price": 15.0
      }
    ]
  },
  {
    "order_id": "O202503140024",
    "customer_id": "C0347",
    "channel": "web",
    "created_at": "2025-03-14 20:46:45",
    "payment_status": "paid",
    "items": [
      {
        "sku": "SKU021",
        "qty": 5,
        "unit_price": 5.0
      },
      {
        "sku": "SKU032",
        "qty": 2,
        "unit_price": 15.0
      }
    ]
  },
  {
    "order_id": "O202503140025",
    "customer_id": "C0796",
    "channel": "app",
    "created_at": "2025-03-14 10:01:57",
    "payment_status": "pending",
    "items": [
      {
        "sku": "SKU024",
        "qty": 1,
        "unit_price": 4.0
      }
    ]
  },
  {
    "order_id": "O202503140026",
    "customer_id": "C0116",
    "channel": "web",
    "created_at": "2025-03-14 10:45:52",
    "payment_status": "paid",
    "items": [
      {
        "sku": "SKU018",
        "qty": 3,
        "unit_price": 12.5
      },
      {
        "sku": "SKU001",
        "qty": 5,
        "unit_price": 7.5
      },
      {
        "sku": "SKU028",
        "qty": 5,
        "unit_price": 2.5
      },
      {
        "sku": "SKU035",
        "qty": 4,
        "unit_price": 7.5
      }
    ]
  },
  {
    "order_id": "O202503140027",
    "customer_id": "C0479",
    "channel": "web",
    "created_at": "2025-03-14 19:20:43",
    "payment_status": "failed",
    "items": [
      {
        "sku": "SKU030",
        "qty": 3,
        "unit_price": 2.5
      },
      {
        "sku": "SKU041",
        "qty": 2,
        "unit_price": 24.9
      }
    ]
  },
  {
    "order_id": "O202503140028",
    "customer_id": "C0616",
    "channel": "app",
    "created_at": "2025-03-14 10:52:08",
    "payment_status": "paid",
    "items": [
      {
        "sku": "SKU048",
        "qty": 1,
        "unit_price": 9.9
      },
      {
        "sku": "SKU015",
        "qty": 3,
        "unit_price": 2.5
      }
    ]
  },
  {
    "order_id": "O202503140029",
    "customer_id": "C0521",
    "channel": "app",
    "created_at": "2025-03-14 15:04:53",
    "payment_status": "paid",
    "items": [
      {
        "sku": "SKU048",
        "qty": 4,
        "unit_price": 5.0
      },
      {
        "sku": "SKU047",
        "qty": 1,
        "unit_price": 4.0
      }
    ]
  },
  {
    "order_id": "O202503140030",
    "customer_id": "C0090",
    "channel": "web",
    "created_at": "2025-03-14 20:20:03",
    "payment_status": "paid",
    "items": [
      {
        "sku": "SKU019",
        "qty": 5,
        "unit_price": 2.5
      },
      {
        "sku": "SKU045",
        "qty": 5,
        "unit_price": 7.5
      },
      {
        "sku": "SKU009",
        "qty": 2,
        "unit_price": 5.0
      },
      {
        "sku": "SKU034",
        "qty": 2,
        "unit_price": 4.0
      }
    ]
  },
  {
    "order_id": "O202503140031",
    "customer_id": "C0383",
    "channel": "app",
    "created_at": "2025-03-14 15:02:35",
    "payment_status": "paid",
    "items": [
      {
        "sku": "SKU017",
        "qty": 1,
        "unit_price": 8.0
      }
    ]
  },
  {
    "order_id": "O202503140032",
    "customer_id": "C0760",
    "channel": "web",
    "created_at": "2025-03-14 20:28:39",
    "payment_status": "paid",
    "items": [
      {
        "sku": "SKU041",
        "qty": 4,
        "unit_price": 24.9
      },
      {
        "sku": "SKU047",
        "qty": 1,
        "unit_price": 24.9
      }
    ]
  },
  {
    "order_id": "O202503140033",
    "customer_id": "C0213",
    "channel": "app",
    "created_at": "2025-03-14 09:43:07",
    "payment_status": "paid",
    "items": [
      {
        "sku": "SKU041",
        "qty": 4,
        "unit_price": 19.9
      },
      {
        "sku": "SKU026",
        "qty": 3,
        "unit_price": 15.0
      },
      {
        "sku": "SKU040",
        "qty": 4,
        "unit_price": 2.5
      },
      {
        "sku": "SKU019",
        "qty": 1,
        "unit_price": 9.9
      }
    ]
  },
  {
    "order_id": "O202503140034",
    "customer_id": "C0686",
    "channel": "web",
    "created_at": "2025-03-14 08:18:18",
    "payment_status": "failed",
    "items": [
      {
        "sku": "SKU005",
        "qty": 5,
        "unit_price": 8.0
      },
      {
        "sku": "SKU018",
        "qty": 5,
        "unit_price": 24.9
      },
      {
        "sku": "SKU049",
        "qty": 5,
        "unit_price": 24.9
      }
    ]
  },
  {
    "order_id": "O202503140035",
    "customer_id": "C0031",
    "channel": "app",
    "created_at": "2025-03-14 15:54:32",
    "payment_status": "paid",
    "items": [
      {
        "sku": "SKU040",
        "qty": 1,
        "unit_price": 5.0
      },
      {
        "sku": "SKU042",
        "qty": 4,
        "unit_price": 2.5
      }
    ]
  },
  {
    "order_id": "O202503140036",
    "customer_id": "C0530",
    "channel": "app",
    "created_at": "2025-03-14 11:25:56",
    "payment_status": "paid",
    "items": [
      {
        "sku": "SKU003",
        "qty": 3,
        "unit_price": 15.0
      },
      {
        "sku": "SKU009",
        "qty": 5,
        "unit_price": 9.9
      }
    ]
  },
  {
    "order_id": "O202503140037",
    "customer_id": "C0651",
    "channel": "app",
    "created_at": "2025-03-14 16:13:37",
    "payment_status": "paid",
    "items": [
      {
        "sku": "SKU037",
        "qty": 1,
        "unit_price": 4.0
      }
    ]
  },
  {
    "order_id": "O202503140038",
    "customer_id": "C0133",
    "channel": "web",
    "created_at": "2025-03-14 21:28:40",
    "payment_status": "paid",
    "items": [
      {
        "sku": "SKU036",
        "qty": 5,
        "unit_price": 12.5
      },
      {
        "sku": "SKU043",
        "qty": 4,
        "unit_price": 8.0
      }
    ]
  },
  {
    "order_id": "O202503140039",
    "customer_id": "C0527",
    "channel": "web",
    "created_at": "2025-03-14 08:03:40",
    "payment_status": "paid",
    "items": [
      {
        "sku": "SKU005",
        "qty": 4,
        "unit_price": 15.0
      },
      {
        "sku": "SKU048",
        "qty": 4,
        "unit_price": 7.5
      }
    ]
  },
  {
    "order_id": "O202503140040",
    "customer_id": "C0208",
    "channel": "web",
    "created_at": "2025-03-14 20:01:16",
    "payment_status": "paid",
    "items": [
      {
        "sku": "SKU010",
        "qty": 1,
        "unit_price": 7.5
      },
      {
        "sku": "SKU025",
        "qty": 5,
        "unit_price": 12.5
      }
    ]
  },
  {
    "order_id": "O202503140041",
    "customer_id": "C0234",
    "channel": "web",
    "created_at": "2025-03-14 11:43:41",
    "payment_status": "paid",
    "items": [
      {
        "sku": "SKU014",
        "qty": 2,
        "unit_price": 2.5
      }
    ]
  },
  {
    "order_id": "O202503140042",
    "customer_id": "C0261",
    "channel": "web",
    "created_at": "2025-03-14 14:37:20",
    "payment_status": "paid",
    "items": [
      {
        "sku": "SKU016",
        "qty": 1,
        "unit_price": 19.9
      },
      {
        "sku": "SKU025",
        "qty": 4,
        "unit_price": 15.0
      }
    ]
  },
  {
    "order_id": "O202503140043",
    "customer_id": "C0312",
    "channel": "web",
    "created_at": "2025-03-14 11:11:52",
    "payment_status": "paid",
    "items": [
      {
        "sku": "SKU034",
        "qty": 2,
        "unit_price": 19.9
      },
      {
        "sku": "SKU043",
        "qty": 3,
        "unit_price": 8.0
      },
      {
        "sku": "SKU015",
        "qty": 1,
        "unit_price": 5.0
      }
    ]
  },
  {
    "order_id": "O202503140044",
    "customer_id": "C0693",
    "channel": "web",
    "created_at": "2025-03-14 12:29:44",
    "payment_status": "paid",
    "items": [
      {
        "sku": "SKU008",
        "qty": 3,
        "unit_price": 7.5
      },
      {
        "sku": "SKU034",
        "qty": 1,
        "unit_price": 15.0
      },
      {
        "sku": "SKU004",
        "qty": 5,
        "unit_price": 7.5
      },
      {
        "sku": "SKU001",
        "qty": 3,
        "unit_price": 4.0
      }
    ]
  },
  {
    "order_id": "O202503140045",
    "customer_id": "C0032",
    "channel": "app",
    "created_at": "2025-03-14 19:56:14",
    "payment_status": "paid",
    "items": [
      {
        "sku": "SKU007",
        "qty": 5,
        "unit_price": 15.0
      },
      {
        "sku": "SKU027",
        "qty": 5,
        "unit_price": 2.5
      },
      {
        "sku": "SKU014",
        "qty": 4,
        "unit_price": 19.9
      },
      {
        "sku": "SKU028",
        "qty": 4,
        "unit_price": 12.5
      }
    ]
  },
  {
    "order_id": "O202503140046",
    "customer_id": "C0635",
    "channel": "web",
    "created_at": "2025-03-14 20:03:55",
    "payment_status": "paid",
    "items": [
      {
        "sku": "SKU009",
        "qty": 2,
        "unit_price": 9.9
      }
    ]
  },
  {
    "order_id": "O202503140047",
    "customer_id": "C0081",
    "channel": "web",
    "created_at": "2025-03-14 08:07:32",
    "payment_status": "paid",
    "items": [
      {
        "sku": "SKU047",
        "qty": 5,
        "unit_price": 7.5
      }
    ]
  },
  {
    "order_id": "O202503140048",
    "customer_id": "C0027",
    "channel": "web",
    "created_at": "2025-03-14 15:57:43",
    "payment_status": "paid",
    "items": [
      {
        "sku": "SKU018",
        "qty": 4,
        "unit_price": 19.9
      },
      {
        "sku": "SKU044",
        "qty": 4,
        "unit_price": 24.9
      },
      {
        "sku": "SKU048",
        "qty": 1,
        "unit_price": 15.0
      }
    ]
  },
  {
    "order_id": "O202503140049",
    "customer_id": "C0015",
    "channel": "app",
    "created_at": "2025-03-14 17:01:34",
    "payment_status": "paid",
    "items": [
      {
        "sku": "SKU036",
        "qty": 4,
        "unit_price": 9.9
      },
      {
        "sku": "SKU007",
        "qty": 4,
        "unit_price": 2.5
      }
    ]
  },
  {
    "order_id": "O202503140050",
    "customer_id": "C0275",
    "channel": "web",
    "created_at": "2025-03-14 15:11:29",
    "payment_status": "paid",
    "items": [
      {
        "sku": "SKU044",
        "qty": 3,
        "unit_price": 15.0
      }
    ]
  },
  {
    "order_id": "O202503140051",
    "customer_id": "C0800",
    "channel": "app",
    "created_at": "2025-03-14 16:13:30",
    "payment_status": "paid",
    "items": [
      {
        "sku": "SKU038",
        "qty": 2,
        "unit_price": 19.9
      }
    ]
  },
  {
    "order_id": "O202503140052",
    "customer_id": "C0190",
    "channel": "app",
    "created_at": "2025-03-14 17:11:46",
    "payment_status": "paid",
    "items": [
      {
        "sku": "SKU048",
        "qty": 3,
        "unit_price": 8.0
      },
      {
        "sku": "SKU007",
        "qty": 1,
        "unit_price": 15.0
      },
      {
        "sku": "SKU045",
        "qty": 1,
        "unit_price": 9.9
      },
      {
        "sku": "SKU045",
        "qty": 2,
        "unit_price": 5.0
      }
    ]
  },
  {
    "order_id": "O202503140053",
    "customer_id": "C0313",
    "channel": "web",
    "created_at": "2025-03-14 19:44:32",
    "payment_status": "paid",
    "items": [
      {
        "sku": "SKU019",
        "qty": 3,
        "unit_price": 15.0
      },
      {
        "sku": "SKU013",
        "qty": 3,
        "unit_price": 7.5
      }
    ]
  },
  {
    "order_id": "O202503140054",
    "customer_id": "C0076",
    "channel": "web",
    "created_at": "2025-03-14 22:07:58",
    "payment_status": "paid",
    "items": [
      {
        "sku": "SKU008",
        "qty": 5,
        "unit_price": 24.9
      }
    ]
  },
  {
    "order_id": "O202503140055",
    "customer_id": "C0482",
    "channel": "app",
    "created_at": "2025-03-14 19:45:16",
    "payment_status": "paid",
    "items": [
      {
        "sku": "SKU010",
        "qty": 4,
        "unit_price": 15.0
      },
      {
        "sku": "SKU023",
        "qty": 2,
        "unit_price": 9.9
      }
    ]
  },
  {
    "order_id": "O202503140056",
    "customer_id": "C0418",
    "channel": "web",
    "created_at": "2025-03-14 19:33:07",
    "payment_status": "paid",
    "items": [
      {
        "sku": "SKU011",
        "qty": 4,
        "unit_price": 4.0
      },
      {
        "sku": "SKU047",
        "qty": 3,
        "unit_price": 2.5
      },
      {
        "sku": "SKU007",
        "qty": 1,
        "unit_price": 2.5
      },
      {
        "sku": "SKU044",
        "qty": 5,
        "unit_price": 9.9
      }
    ]
  },
  {
    "order_id": "O202503140057",
    "customer_id": "C0655",
    "channel": "web",
    "created_at": "2025-03-14 09:10:07",
    "payment_status": "paid",
    "items": [
      {
        "sku": "SKU010",
        "qty": 1,
        "unit_price": 5.0
      },
      {
        "sku": "SKU028",
        "qty": 3,
        "unit_price": 9.9
      }
    ]
  },
  {
    "order_id": "O202503140058",
    "customer_id": "C0456",
    "channel": "web",
    "created_at": "2025-03-14 13:49:40",
    "payment_status": "pending",
    "items": [
      {
        "sku": "SKU005",
        "qty": 1,
        "unit_price": 2.5
      },
      {
        "sku": "SKU021",
        "qty": 5,
        "unit_price": 15.0
      }
    ]
  },
  {
    "order_id": "O202503140059",
    "customer_id": "C0719",
    "channel": "web",
    "created_at": "2025-03-14 15:36:15",
    "payment_status": "paid",
    "items": [
      {
        "sku": "SKU039",
        "qty": 2,
        "unit_price": 8.0
      }
    ]
  },
  {
    "order_id": "O202503140060",
    "customer_id": "C0464",
    "channel": "web",
    "created_at": "2025-03-14 17:57:39",
    "payment_status": "paid",
    "items": [
      {
        "sku": "SKU023",
        "qty": 4,
        "unit_price": 24.9
      },
      {
        "sku": "SKU027",
        "qty": 4,
        "unit_price": 19.9
      },
      {
        "sku": "SKU041",
        "qty": 1,
        "unit_price": 19.9
      },
      {
        "sku": "SKU047",
        "qty": 3,
        "unit_price": 9.9
      }
    ]
  },
  {
    "order_id": "O202503140061",
    "customer_id": "C0060",
    "channel": "web",
    "created_at": "2025-03-14 10:12:30",
    "payment_status": "paid",
    "items": [
      {
        "sku": "SKU029",
        "qty": 2,
        "unit_price": 24.9
      },
      {
        "sku": "SKU008",
        "qty": 4,
        "unit_price": -15.0
      },
      {
        "sku": "SKU012",
        "qty": 5,
        "unit_price": 4.0
      }
    ]
  },
  {
    "order_id": "O202503140062",
    "customer_id": "C0680",
    "channel": "web",
    "created_at": "2025-03-14 13:28:41",
    "payment_status": "paid",
    "items": [
      {
        "sku": "SKU006",
        "qty": 2,
        "unit_price": 4.0
      },
      {
        "sku": "SKU049",
        "qty": 3,
        "unit_price": 15.0
      }
    ]
  },
  {
    "order_id": "O202503140063",
    "customer_id": "C0019",
    "channel": "web",
    "created_at": "2025-03-14 10:12:08",
    "payment_status": "paid",
    "items": [
      {
        "sku": "SKU038",
        "qty": 3,
        "unit_price": 7.5
      },
      {
        "sku": "SKU024",
        "qty": 1,
        "unit_price": 4.0
      },
      {
        "sku": "SKU049",
        "qty": 2,
        "unit_price": 2.5
      }
    ]
  },
  {
    "order_id": "O202503140064",
    "customer_id": "C0335",
    "channel": "app",
    "created_at": "2025-03-14 16:30:41",
    "payment_status": "paid",
    "items": [
      {
        "sku": "SKU009",
        "qty": 2,
        "unit_price": 19.9
      },
      {
        "sku": "SKU019",
        "qty": 1,
        "unit_price": 5.0
      },
      {
        "sku": "SKU023",
        "qty": 4,
        "unit_price": 2.5
      },
      {
        "sku": "SKU029",
        "qty": 5,
        "unit_price": 9.9
      }
    ]
  },
  {
    "order_id": "O202503140065",
    "customer_id": "C0096",
    "channel": "web",
    "created_at": "2025-03-14 09:36:39",
    "payment_status": "paid",
    "items": [
      {
        "sku": "SKU031",
        "qty": 4,
        "unit_price": 15.0
      }
    ]
  },
  {
    "order_id": "O202503140066",
    "customer_id": "C0322",
    "channel": "app",
    "created_at": "2025-03-14 22:46:37",
    "payment_status": "paid",
    "items": [
      {
        "sku": "SKU007",
        "qty": 4,
        "unit_price": 5.0
      },
      {
        "sku": "SKU005",
        "qty": 1,
        "unit_price": 9.9
      },
      {
        "sku": "SKU016",
        "qty": 1,
        "unit_price": 2.5
      },
      {
        "sku": "SKU007",
        "qty": 5,
        "unit_price": 8.0
      }
    ]
  },
  {
    "order_id": "O202503140067",
    "customer_id": "C0611",
    "channel": "web",
    "created_at": "2025-03-14 22:18:34",
    "payment_status": "paid",
    "items": [
      {
        "sku": "SKU029",
        "qty": 5,
        "unit_price": 9.9
      },
      {
        "sku": "SKU043",
        "qty": 5,
        "unit_price": 8.0
      },
      {
        "sku": "SKU049",
        "qty": 4,
        "unit_price": 5.0
      }
    ]
  },
  {
    "order_id": "O202503140068",
    "customer_id": "C0517",
    "channel": "app",
    "created_at": "2025-03-14 11:30:10",
    "payment_status": "paid",
    "items": [
      {
        "sku": "SKU045",
        "qty": 5,
        "unit_price": 12.5
      },
      {
        "sku": "SKU009",
        "qty": 2,
        "unit_price": 4.0
      },
      {
        "sku": "SKU048",
        "qty": 1,
        "unit_price": 15.0
      }
    ]
  },
  {
    "order_id": "O202503140069",
    "customer_id": "C0489",
    "channel": "web",
    "created_at": "2025-03-14 08:24:00",
    "payment_status": "paid",
    "items": [
      {
        "sku": "SKU003",
        "qty": 4,
        "unit_price": 8.0
      },
      {
        "sku": "SKU014",
        "qty": 2,
        "unit_price": 19.9
      }
    ]
  },
  {
    "order_id": "O202503140070",
    "customer_id": "C0096",
    "channel": "app",
    "created_at": "2025-03-14 14:42:26",
    "payment_status": "paid",
    "items": [
      {
        "sku": "SKU006",
        "qty": 5,
        "unit_price": 7.5
      },
      {
        "sku": "SKU035",
        "qty": 5,
        "unit_price": 8.0
      }
    ]
  },
  {
    "order_id": "O202503140071",
    "customer_id": "C0212",
    "channel": "web",
    "created_at": "2025-03-14 22:07:09",
    "payment_status": "paid",
    "items": [
      {
        "sku": "SKU039",
        "qty": 4,
        "unit_price": 8.0
      }
    ]
  },
  {
    "order_id": "O202503140072",
    "customer_id": "C0538",
    "channel": "app",
    "created_at": "2025-03-14 07:48:33",
    "payment_status": "paid",
    "items": [
      {
        "sku": "SKU036",
        "qty": 2,
        "unit_price": 15.0
      },
      {
        "sku": "SKU009",
        "qty": 1,
        "unit_price": 2.5
      },
      {
        "sku": "SKU010",
        "qty": 3,
        "unit_price": 9.9
      }
    ]
  },
  {
    "order_id": "O202503140073",
    "customer_id": "C0456",
    "channel": "web",
    "created_at": "2025-03-14 15:41:00",
    "payment_status": "paid",
    "items": [
      {
        "sku": "SKU017",
        "qty": 5,
        "unit_price": 4.0
      },
      {
        "sku": "SKU049",
        "qty": 4,
        "unit_price": 7.5
      },
      {
        "sku": "SKU006",
        "qty": 2,
        "unit_price": 7.5
      }
    ]
  },
  {
    "order_id": "O202503140074",
    "customer_id": "C0101",
    "channel": "web",
    "created_at": "2025-03-14 12:40:36",
    "payment_status": "paid",
    "items": [
      {
        "sku": "SKU030",
        "qty": 3,
        "unit_price": 12.5
      },
      {
        "sku": "SKU043",
        "qty": 5,
        "unit_price": 4.0
      }
    ]
  },
  {
    "order_id": "O202503140075",
    "customer_id": "C0286",
    "channel": "app",
    "created_at": "2025-03-14 17:46:25",
    "payment_status": "paid",
    "items": [
      {
        "sku": "SKU029",
        "qty": 4,
        "unit_price": 4.0
      },
      {
        "sku": "SKU030",
        "qty": 5,
        "unit_price": 12.5
      },
      {
        "sku": "SKU048",
        "qty": 1,
        "unit_price": -24.9
      }
    ]
  },
  {
    "order_id": "O202503140076",
    "customer_id": "C0556",
    "channel": "app",
    "created_at": "2025-03-14 18:45:27",
    "payment_status": "paid",
    "items": [
      {
        "sku": "SKU018",
        "qty": 1,
        "unit_price": 7.5
      },
      {
        "sku": "SKU002",
        "qty": 3,
        "unit_price": 12.5
      },
      {
        "sku": "SKU029",
        "qty": 2,
        "unit_price": 9.9
      },
      {
        "sku": "SKU043",
        "qty": 5,
        "unit_price": 8.0
      }
    ]
  },
  {
    "order_id": "O202503140077",
    "customer_id": "C0310",
    "channel": "app",
    "created_at": "2025-03-14 19:24:26",
    "payment_status": "paid",
    "items": [
      {
        "sku": "SKU050",
        "qty": 5,
        "unit_price": 15.0
      },
      {
        "sku": "SKU002",
        "qty": 4,
        "unit_price": 9.9
      }
    ]
  },
  {
    "order_id": "O202503140078",
    "customer_id": "C0307",
    "channel": "web",
    "created_at": "2025-03-14 15:53:29",
    "payment_status": "paid",
    "items": [
      {
        "sku": "SKU011",
        "qty": 3,
        "unit_price": 9.9
      },
      {
        "sku": "SKU029",
        "qty": 1,
        "unit_price": 7.5
      }
    ]
  },
  {
    "order_id": "O202503140079",
    "customer_id": "C0402",
    "channel": "app",
    "created_at": "2025-03-14 08:13:09",
    "payment_status": "pending",
    "items": [
      {
        "sku": "SKU038",
        "qty": 1,
        "unit_price": 8.0
      },
      {
        "sku": "SKU024",
        "qty": 1,
        "unit_price": 8.0
      },
      {
        "sku": "SKU049",
        "qty": 1,
        "unit_price": 2.5
      }
    ]
  },
  {
    "order_id": "O202503140080",
    "customer_id": "C0386",
    "channel": "web",
    "created_at": "2025-03-14 07:03:34",
    "payment_status": "paid",
    "items": [
      {
        "sku": "SKU025",
        "qty": 3,
        "unit_price": 4.0
      },
      {
        "sku": "SKU003",
        "qty": 2,
        "unit_price": 2.5
      },
      {
        "sku": "SKU035",
        "qty": 3,
        "unit_price": 19.9
      }
    ]
  },
  {
    "order_id": "O202503140081",
    "customer_id": "C0594",
    "channel": "web",
    "created_at": "2025-03-14 11:42:59",
    "payment_status": "paid",
    "items": [
      {
        "sku": "SKU018",
        "qty": 1,
        "unit_price": 19.9
      },
      {
        "sku": "SKU044",
        "qty": 2,
        "unit_price": 15.0
      },
      {
        "sku": "SKU023",
        "qty": 2,
        "unit_price": 24.9
      },
      {
        "sku": "SKU012",
        "qty": 3,
        "unit_price": 15.0
      }
    ]
  },
  {
    "order_id": "O202503140082",
    "customer_id": "C0419",
    "channel": "app",
    "created_at": "2025-03-14 18:06:16",
    "payment_status": "paid",
    "items": [
      {
        "sku": "SKU050",
        "qty": 5,
        "unit_price": 12.5
      }
    ]
  },
  {
    "order_id": "O202503140083",
    "customer_id": "C0327",
    "channel": "app",
    "created_at": "2025-03-14 11:56:12",
    "payment_status": "failed",
    "items": [
      {
        "sku": "SKU039",
        "qty": 1,
        "unit_price": 4.0
      },
      {
        "sku": "SKU048",
        "qty": 5,
        "unit_price": 19.9
      },
      {
        "sku": "SKU032",
        "qty": 3,
        "unit_price": 19.9
      },
      {
        "sku": "SKU050",
        "qty": 2,
        "unit_price": 2.5
      }
    ]
  },
  {
    "order_id": "O202503140084",
    "customer_id": "C0515",
    "channel": "web",
    "created_at": "2025-03-14 20:51:08",
    "payment_status": "paid",
    "items": [
      {
        "sku": "SKU016",
        "qty": 1,
        "unit_price": 2.5
      },
      {
        "sku": "SKU027",
        "qty": 5,
        "unit_price": 7.5
      },
      {
        "sku": "SKU012",
        "qty": 2,
        "unit_price": 9.9
      }
    ]
  },
  {
    "order_id": "O202503140085",
    "customer_id": "C0741",
    "channel": "web",
    "created_at": "2025-03-14 10:05:14",
    "payment_status": "paid",
    "items": [
      {
        "sku": "SKU035",
        "qty": 1,
        "unit_price": 9.9
      },
      {
        "sku": "SKU002",
        "qty": 1,
        "unit_price": 9.9
      }
    ]
  },
  {
    "order_id": "O202503140086",
    "customer_id": "C0223",
    "channel": "app",
    "created_at": "2025-03-14 16:50:50",
    "payment_status": "failed",
    "items": [
      {
        "sku": "SKU020",
        "qty": 3,
        "unit_price": 12.5
      },
      {
        "sku": "SKU042",
        "qty": 4,
        "unit_price": 2.5
      },
      {
        "sku": "SKU047",
        "qty": 5,
        "unit_price": 15.0
      },
      {
        "sku": "SKU007",
        "qty": 2,
        "unit_price": 15.0
      }
    ]
  },
  {
    "order_id": "O202503140087",
    "customer_id": "C0172",
    "channel": "web",
    "created_at": "2025-03-14 10:55:01",
    "payment_status": "paid",
    "items": [
      {
        "sku": "SKU016",
        "qty": 1,
        "unit_price": 24.9
      }
    ]
  },
  {
    "order_id": "O202503140088",
    "customer_id": "C0566",
    "channel": "app",
    "created_at": "2025-03-14 21:36:08",
    "payment_status": "paid",
    "items": [
      {
        "sku": "SKU030",
        "qty": 2,
        "unit_price": 15.0
      },
      {
        "sku": "SKU050",
        "qty": 2,
        "unit_price": 15.0
      },
      {
        "sku": "SKU050",
        "qty": 4,
        "unit_price": 19.9
      },
      {
        "sku": "SKU027",
        "qty": 1,
        "unit_price": 9.9
      }
    ]
  },
  {
    "order_id": "O202503140089",
    "customer_id": "C0383",
    "channel": "web",
    "created_at": "2025-03-14 17:47:37",
    "payment_status": "paid",
    "items": [
      {
        "sku": "SKU009",
        "qty": 1,
        "unit_price": 8.0
      },
      {
        "sku": "SKU044",
        "qty": 5,
        "unit_price": 15.0
      },
      {
        "sku": "SKU019",
        "qty": 4,
        "unit_price": 12.5
      }
    ]
  },
  {
    "order_id": "O202503140090",
    "customer_id": "C0230",
    "channel": "web",
    "created_at": "2025-03-14 15:12:50",
    "payment_status": "paid",
    "items": [
      {
        "sku": "SKU013",
        "qty": 2,
        "unit_price": 5.0
      },
      {
        "sku": "SKU046",
        "qty": 4,
        "unit_price": 19.9
      },
      {
        "sku": "SKU007",
        "qty": 4,
        "unit_price": 7.5
      },
      {
        "sku": "SKU005",
        "qty": 2,
        "unit_price": 9.9
      }
    ]
  },
  {
    "order_id": "O202503140091",
    "customer_id": "C0415",
    "channel": "app",
    "created_at": "2025-03-14 10:59:39",
    "payment_status": "failed",
    "items": [
      {
        "sku": "SKU044",
        "qty": 1,
        "unit_price": 2.5
      },
      {
        "sku": "SKU041",
        "qty": 1,
        "unit_price": 15.0
      },
      {
        "sku": "SKU047",
        "qty": 3,
        "unit_price": 7.5
      }
    ]
  },
  {
    "order_id": "O202503140092",
    "customer_id": "C0105",
    "channel": "web",
    "created_at": "2025-03-14 20:22:57",
    "payment_status": "paid",
    "items": [
      {
        "sku": "SKU011",
        "qty": 2,
        "unit_price": 19.9
      },
      {
        "sku": "SKU027",
        "qty": 5,
        "unit_price": 19.9
      },
      {
        "sku": "SKU040",
        "qty": 2,
        "unit_price": 12.5
      },
      {
        "sku": "SKU049",
        "qty": 3,
        "unit_price": 19.9
      }
    ]
  },
  {
    "order_id": "O202503140093",
    "customer_id": "C0184",
    "channel": "app",
    "created_at": "2025-03-14 21:01:24",
    "payment_status": "paid",
    "items": [
      {
        "sku": "SKU008",
        "qty": 5,
        "unit_price": 4.0
      }
    ]
  },
  {
    "order_id": "O202503140094",
    "customer_id": "C0529",
    "channel": "app",
    "created_at": "2025-03-14 17:43:22",
    "payment_status": "paid",
    "items": [
      {
        "sku": "SKU010",
        "qty": 1,
        "unit_price": 8.0
      },
      {
        "sku": "SKU007",
        "qty": 5,
        "unit_price": 7.5
      },
      {
        "sku": "SKU020",
        "qty": 2,
        "unit_price": 12.5
      }
    ]
  },
  {
    "order_id": "O202503140095",
    "customer_id": "C0617",
    "channel": "app",
    "created_at": "2025-03-14 16:40:36",
    "payment_status": "paid",
    "items": [
      {
        "sku": "SKU023",
        "qty": 4,
        "unit_price": 7.5
      },
      {
        "sku": "SKU033",
        "qty": 2,
        "unit_price": 4.0
      },
      {
        "sku": "SKU014",
        "qty": 4,
        "unit_price": 15.0
      },
      {
        "sku": "SKU025",
        "qty": 5,
        "unit_price": 15.0
      }
    ]
  },
  {
    "order_id": "O202503140096",
    "customer_id": "C0608",
    "channel": "web",
    "created_at": "2025-03-14 13:41:20",
    "payment_status": "paid",
    "items": [
      {
        "sku": "SKU041",
        "qty": 4,
        "unit_price": 2.5
      },
      {
        "sku": "SKU011",
        "qty": 1,
        "unit_price": 19.9
      },
      {
        "sku": "SKU023",
        "qty": 2,
        "unit_price": 5.0
      }
    ]
  },
  {
    "order_id": "O202503140097",
    "customer_id": "C0410",
    "channel": "app",
    "created_at": "2025-03-14 22:37:36",
    "payment_status": "pending",
    "items": [
      {
        "sku": "SKU039",
        "qty": 4,
        "unit_price": 8.0
      }
    ]
  },
  {
    "order_id": "O202503140098",
    "customer_id": "C0478",
    "channel": "web",
    "created_at": "2025-03-14 21:33:16",
    "payment_status": "paid",
    "items": [
      {
        "sku": "SKU043",
        "qty": 5,
        "unit_price": 8.0
      },
      {
        "sku": "SKU026",
        "qty": 4,
        "unit_price": 4.0
      }
    ]
  },
  {
    "order_id": "O202503140099",
    "customer_id": "C0549",
    "channel": "web",
    "created_at": "2025-03-14 16:42:00",
    "payment_status": "paid",
    "items": [
      {
        "sku": "SKU027",
        "qty": 1,
        "unit_price": 7.5
      }
    ]
  },
  {
    "order_id": "O202503140100",
    "customer_id": "C0450",
    "channel": "app",
    "created_at": "2025-03-14 18:25:08",
    "payment_status": "paid",
    "items": [
      {
        "sku": "SKU042",
        "qty": 5,
        "unit_price": 7.5
      },
      {
        "sku": "SKU025",
        "qty": 4,
        "unit_price": 24.9
      },
      {
        "sku": "SKU043",
        "qty": 5,
        "unit_price": 24.9
      }
    ]
  },
  {
    "order_id": "O202503140025",
    "customer_id": "C0796",
    "channel": "app",
    "created_at": "2025-03-14 10:01:57",
    "payment_status": "pending",
    "items": [
      {
        "sku": "SKU024",
        "qty": 1,
        "unit_price": 4.0
      }
    ]
  },
  {
    "order_id": "O202503140040",
    "customer_id": "C0208",
    "channel": "web",
    "created_at": "2025-03-14 20:01:16",
    "payment_status": "paid",
    "items": [
      {
        "sku": "SKU010",
        "qty": 1,
        "unit_price": 7.5
      },
      {
        "sku": "SKU025",
        "qty": 5,
        "unit_price": 12.5
      }
    ]
  },
  {
    "order_id": "O202503140010",
    "customer_id": "C0043",
    "channel": "app",
    "created_at": "2025-03-14 07:29:57",
    "payment_status": "paid",
    "items": [
      {
        "sku": "SKU048",
        "qty": 5,
        "unit_price": 24.9
      },
      {
        "sku": "SKU019",
        "qty": 3,
        "unit_price": 15.0
      },
      {
        "sku": "SKU026",
        "qty": 4,
        "unit_price": 15.0
      },
      {
        "sku": "SKU034",
        "qty": 3,
        "unit_price": 9.9
      }
    ]
  }
]