[
  {
    "order_id": "O202503260001",
    "customer_id": "C0343",
    "channel": "app",
    "created_at": "2025-03-26 22:35:23",
    "payment_status": "paid",
    "items": [
      {
        "sku": "SKU011",
        "qty": 1,
        "unit_price": 8.0
      },
      {
        "sku": "SKU046",
        "qty": 1,
        "unit_price": 2.5
      },
      {
        "sku": "SKU021",
        "qty": 4,
        "unit_price": 8.0
      },
      {
        "sku": "SKU038",
        "qty": 5,
        "unit_price": 2.5
      }
    ]
  },
  {
    "order_id": "O202503260002",
    "customer_id": "C0016",
    "channel": "app",
    "created_at": "2025-03-26 20:40:44",
    "payment_status": "paid",
    "items": [
      {
        "sku": "SKU049",
        "qty": 5,
        "unit_price": 7.5
      },
      {
        "sku": "SKU047",
        "qty": 5,
        "unit_price": 19.9
      }
    ]
  },
  {
    "order_id": "O202503260003",
    "customer_id": "C0575",
    "channel": "web",
    "created_at": "2025-03-26 20:52:08",
    "payment_status": "paid",
    "items": [
      {
        "sku": "SKU022",
        "qty": 4,
        "unit_price": 15.0
      }
    ]
  },
  {
    "order_id": "O202503260004",
    "customer_id": "C0331",
    "channel": "web",
    "created_at": "2025-03-26 12:27:06",
    "payment_status": "failed",
    "items": [
      {
        "sku": "SKU005",
        "qty": 1,
        "unit_price": 15.0
      },
      {
        "sku": "SKU011",
        "qty": 4,
        "unit_price": 12.5
      },
      {
        "sku": "SKU043",
        "qty": 5,
        "unit_price": 24.9
      },
      {
        "sku": "SKU001",
        "qty": 4,
        "unit_price": 4.0
      }
    ]
  },
  {
    "order_id": "O202503260005",
    "customer_id": "C0694",
    "channel": "web",
    "created_at": "2025-03-26 09:21:47",
    "payment_status": "paid",
    "items": [
      {
        "sku": "SKU037",
        "qty": 2,
        "unit_price": 4.0
      },
      {
        "sku": "SKU006",
        "qty": 1,
        "unit_price": 24.9
      }
    ]
  },
  {
    "order_id": "O202503260006",
    "customer_id": "C0734",
    "channel": "web",
    "created_at": "2025-03-26 22:19:27",
    "payment_status": "paid",
    "items": [
      {
        "sku": "SKU038",
        "qty": 3,
        "unit_price": 15.0
      },
      {
        "sku": "SKU049",
        "qty": 1,
        "unit_price": 5.0
      },
      {
        "sku": "SKU042",
        "qty": 5,
        "unit_price": 12.5
      },
      {
        "sku": "SKU038",
        "qty": 3,
        "unit_price": 15.0
      }
    ]
  },
  {
    "order_id": "O202503260007",
    "customer_id": "C0770",
    "channel": "app",
    "created_at": "2025-03-26 10:38:20",
    "payment_status": "paid",
    "items": [
      {
        "sku": "SKU003",
        "qty": 3,
        "unit_price": 19.9
      },
      {
        "sku": "SKU019",
        "qty": 4,
        "unit_price": 4.0
      },
      {
        "sku": "SKU032",
        "qty": 5,
        "unit_price": 19.9
      }
    ]
  },
  {
    "order_id": "O202503260008",
    "customer_id": "C0290",
    "channel": "app",
    "created_at": "2025-03-26 22:41:57",
    "payment_status": "paid",
    "items": [
      {
        "sku": "SKU028",
        "qty": 5,
        "unit_price": -12.5
      }
    ]
  },
  {
    "order_id": "O202503260009",
    "customer_id": "C0580",
    "channel": "app",
    "created_at": "2025-03-26 21:26:55",
    "payment_status": "paid",
    "items": [
      {
        "sku": "SKU042",
        "qty": 1,
        "unit_price": 15.0
      },
      {
        "sku": "SKU044",
        "qty": 5,
        "unit_price": 5.0
      }
    ]
  },
  {
    "order_id": "O202503260010",
    "customer_id": "C0321",
    "channel": "app",
    "created_at": "2025-03-26 20:12:38",
    "payment_status": "paid",
    "items": [
      {
        "sku": "SKU026",
        "qty": 1,
        "unit_price": 19.9
      }
    ]
  },
  {
    "order_id": "O202503260011",
    "customer_id": "C0636",
    "channel": "web",
    "created_at": "2025-03-26 07:27:33",
    "payment_status": "paid",
    "items": [
      {
        "sku": "SKU014",
        "qty": 5,
        "unit_price": 19.9
      }
    ]
  },
  {
    "order_id": "O202503260012",
    "customer_id": "C0302",
    "channel": "web",
    "created_at": "2025-03-26 13:40:18",
    "payment_status": "paid",
    "items": [
      {
        "sku": "SKU012",
        "qty": 4,
        "unit_price": 8.0
      },
      {
        "sku": "SKU036",
        "qty": 1,
        "unit_price": 2.5
      }
    ]
  },
  {
    "order_id": "O202503260013",
    "customer_id": "C0719",
    "channel": "app",
    "created_at": "2025-03-26 22:14:07",
    "payment_status": "paid",
    "items": [
      {
        "sku": "SKU009",
        "qty": 3,
        "unit_price": 24.9
      },
      {
        "sku": "SKU005",
        "qty": 4,
        "unit_price": 7.5
      },
      {
        "sku": "SKU037",
        "qty": 3,
        "unit_price": 19.9
      }
    ]
  },
  {
    "order_id": "O202503260014",
    "customer_id": "C0537",
    "channel": "web",
    "created_at": "2025-03-26 08:14:53",
    "payment_status": "paid",
    "items": [
      {
        "sku": "SKU009",
        "qty": 2,
        "unit_price": 5.0
      }
    ]
  },
  {
    "order_id": "O202503260015",
    "customer_id": "C0571",
    "channel": "web",
    "created_at": "2025-03-26 20:40:34",
    "payment_status": "paid",
    "items": [
      {
        "sku": "SKU003",
        "qty": 1,
        "unit_price": 24.9
      },
      {
        "sku": "SKU006",
        "qty": 1,
        "unit_price": 7.5
      },
      {
        "sku": "SKU043",
        "qty": 3,
        "unit_price": 7.5
      },
      {
        "sku": "SKU034",
        "qty": 5,
        "unit_price": 5.0
      }
    ]
  },
  {
    "order_id": "O202503260016",
    "customer_id": "C0365",
    "channel": "web",
    "created_at": "2025-03-26 11:04:13",
    "payment_status": "pending",
    "items": [
      {
        "sku": "SKU042",
        "qty": 2,
        "unit_price": 7.5
      },
      {
        "sku": "SKU030",
        "qty": 1,
        "unit_price": 19.9
      },
      {
        "sku": "SKU037",
        "qty": 4,
        "unit_price": 9.9
      },
      {
        "sku": "SKU032",
        "qty": 5,
        "unit_price": 15.0
      }
    ]
  },
  {
    "order_id": "O202503260017",
    "customer_id": "C0396",
    "channel": "web",
    "created_at": "2025-03-26 10:31:19",
    "payment_status": "paid",
    "items": [
      {
        "sku": "SKU025",
        "qty": 1,
        "unit_price": 4.0
      },
      {
        "sku": "SKU033",
        "qty": 4,
        "unit_price": 24.9
      },
      {
        "sku": "SKU024",
        "qty": 2,
        "unit_price": 4.0
      },
      {
        "sku": "SKU040",
        "qty": 1,
        "unit_price": 8.0
      }
    ]
  },
  {
    "order_id": "O202503260018",
    "customer_id": "C0454",
    "channel": "app",
    "created_at": "2025-03-26 07:21:24",
    "payment_status": "paid",
    "items": [
      {
        "sku": "SKU026",
        "qty": 5,
        "unit_price": 8.0
      }
    ]
  },
  {
    "order_id": "O202503260019",
    "customer_id": "C0155",
    "channel": "web",
    "created_at": "2025-03-26 18:43:19",
    "payment_status": "pending",
    "items": [
      {
        "sku": "SKU032",
        "qty": 2,
        "unit_price": 24.9
      },
      {
        "sku": "SKU033",
        "qty": 2,
        "unit_price": 15.0
      },
      {
        "sku": "SKU023",
        "qty": 5,
        "unit_price": 9.9
      }
    ]
  },
  {
    "order_id": "O202503260020",
    "customer_id": "C0417",
    "channel": "app",
    "created_at": "2025-03-26 08:07:21",
    "payment_status": "paid",
    "items": [
      {
        "sku": "SKU006",
        "qty": 3,
        "unit_price": 9.9
      },
      {
        "sku": "SKU025",
        "qty": 5,
        "unit_price": 2.5
      },
      {
        "sku": "SKU025",
        "qty": 3,
        "unit_price": 9.9
      },
      {
        "sku": "SKU018",
        "qty": 1,
        "unit_price": 2.5
      }
    ]
  },
  {
    "order_id": "O202503260021",
    "customer_id": "C0672",
    "channel": "app",
    "created_at": "2025-03-26 07:49:24",
    "payment_status": "pending",
    "items": [
      {
        "sku": "SKU011",
        "qty": 2,
        "unit_price": 15.0
      },
      {
        "sku": "SKU037",
        "qty": 5,
        "unit_price": 4.0
      },
      {
        "sku": "SKU041",
        "qty": 2,
        "unit_price": 12.5
      }
    ]
  },
  {
    "order_id": "O202503260022",
    "customer_id": "C0369",
    "channel": "web",
    "created_at": "2025-03-26 11:39:22",
    "payment_status": "failed",
    "items": [
      {
        "sku": "SKU005",
        "qty": 1,
        "unit_price": 15.0
      },
      {
        "sku": "SKU021",
        "qty": 1,
        "unit_price": 12.5
      },
      {
        "sku": "SKU050",
        "qty": 5,
        "unit_price": 5.0
      },
      {
        "sku": "SKU018",
        "qty": 4,
        "unit_price": 5.0
      }
    ]
  },
  {
    "order_id": "O202503260023",
    "customer_id": "C0147",
    "channel": "app",
    "created_at": "2025-03-26 19:59:33",
    "payment_status": "paid",
    "items": [
      {
        "sku": "SKU047",
        "qty": 3,
        "unit_price": 9.9
      }
    ]
  },
  {
    "order_id": "O202503260024",
    "customer_id": "C0481",
    "channel": "web",
    "created_at": "2025-03-26 08:14:00",
    "payment_status": "paid",
    "items": [
      {
        "sku": "SKU013",
        "qty": 5,
        "unit_price": -4.0
      }
    ]
  },
  {
    "order_id": "O202503260025",
    "customer_id": "C0244",
    "channel": "web",
    "created_at": "2025-03-26 15:39:24",
    "payment_status": "paid",
    "items": [
      {
        "sku": "SKU006",
        "qty": 5,
        "unit_price": 19.9
      }
    ]
  },
  {
    "order_id": "O202503260026",
    "customer_id": "C0365",
    "channel": "web",
    "created_at": "2025-03-26 21:47:27",
    "payment_status": "paid",
    "items": [
      {
        "sku": "SKU018",
        "qty": 5,
        "unit_price": 24.9
      },
      {
        "sku": "SKU039",
        "qty": 4,
        "unit_price": 2.5
      },
      {
        "sku": "SKU034",
        "qty": 2,
        "unit_price": 2.5
      },
      {
        "sku": "SKU024",
        "qty": 2,
        "unit_price": 8.0
      }
    ]
  },
  {
    "order_id": "O202503260027",
    "customer_id": "C0237",
    "channel": "app",
    "created_at": "2025-03-26 16:38:45",
    "payment_status": "paid",
    "items": [
      {
        "sku": "SKU041",
        "qty": 3,
        "unit_price": 4.0
      },
      {
        "sku": "SKU009",
        "qty": 2,
        "unit_price": 15.0
      },
      {
        "sku": "SKU018",
        "qty": 1,
        "unit_price": 7.5
      },
      {
        "sku": "SKU033",
        "qty": 5,
        "unit_price": 9.9
      }
    ]
  },
  {
    "order_id": "O202503260028",
    "customer_id": "C0604",
    "channel": "web",
    "created_at": "2025-03-26 07:01:45",
    "payment_status": "paid",
    "items": [
      {
        "sku": "SKU020",
        "qty": 2,
        "unit_price": 24.9
      },
      {
        "sku": "SKU009",
        "qty": 4,
        "unit_price": 9.9
      },
      {
        "sku": "SKU034",
        "qty": 2,
        "unit_price": 7.5
      },
      {
        "sku": "SKU014",
        "qty": 3,
        "unit_price": 9.9
      }
    ]
  },
  {
    "order_id": "O202503260029",
    "customer_id": "C0163",
    "channel": "app",
    "created_at": "2025-03-26 19:43:16",
    "payment_status": "paid",
    "items": [
      {
        "sku": "SKU036",
        "qty": 2,
        "unit_price": 7.5
      },
      {
        "sku": "SKU047",
        "qty": 3,
        "unit_price": 7.5
      },
      {
        "sku": "SKU013",
        "qty": 2,
        "unit_price": 19.9
      }
    ]
  },
  {
    "order_id": "O202503260030",
    "customer_id": "C0345",
    "channel": "web",
    "created_at": "2025-03-26 14:05:25",
    "payment_status": "paid",
    "items": [
      {
        "sku": "SKU027",
        "qty": 1,
        "unit_price": 24.9
      },
      {
        "sku": "SKU015",
        "qty": 1,
        "unit_price": 24.9
      },
      {
        "sku": "SKU050",
        "qty": 1,
        "unit_price": 4.0
      }
    ]
  },
  {
    "order_id": "O202503260031",
    "customer_id": "C0070",
    "channel": "app",
    "created_at": "2025-03-26 14:22:22",
    "payment_status": "paid",
    "items": [
      {
        "sku": "SKU028",
        "qty": 1,
        "unit_price": 4.0
      }
    ]
  },
  {
    "order_id": "O202503260032",
    "customer_id": "C0648",
    "channel": "web",
    "created_at": "2025-03-26 14:37:41",
    "payment_status": "pending",
    "items": [
      {
        "sku": "SKU040",
        "qty": 5,
        "unit_price": 9.9
      },
      {
        "sku": "SKU033",
        "qty": 2,
        "unit_price": 19.9
      }
    ]
  },
  {
    "order_id": "O202503260033",
    "customer_id": "C0389",
    "channel": "app",
    "created_at": "2025-03-26 19:01:39",
    "payment_status": "failed",
    "items": [
      {
        "sku": "SKU039",
        "qty": 2,
        "unit_price": 15.0
      },
      {
        "sku": "SKU030",
        "qty": 3,
        "unit_price": 2.5
      },
      {
        "sku": "SKU003",
        "qty": 5,
        "unit_price": 5.0
      }
    ]
  },
  {
    "order_id": "O202503260034",
    "customer_id": "C0101",
    "channel": "app",
    "created_at": "2025-03-26 18:55:00",
    "payment_status": "failed",
    "items": [
      {
        "sku": "SKU012",
        "qty": 3,
        "unit_price": 2.5
      }
    ]
  },
  {
    "order_id": "O202503260035",
    "customer_id": "C0607",
    "channel": "app",
    "created_at": "2025-03-26 17:43:56",
    "payment_status": "paid",
    "items": [
      {
        "sku": "SKU034",
        "qty": 5,
        "unit_price": 12.5
      },
      {
        "sku": "SKU024",
        "qty": 5,
        "unit_price": 5.0
      }
    ]
  },
  {
    "order_id": "O202503260036",
    "customer_id": "C0619",
    "channel": "web",
    "created_at": "2025-03-26 13:04:35",
    "payment_status": "paid",
    "items": [
      {
        "sku": "SKU007",
        "qty": 4,
        "unit_price": 9.9
      },
      {
        "sku": "SKU009",
        "qty": 3,
        "unit_price": 19.9
      },
      {
        "sku": "SKU006",
        "qty": 2,
        "unit_price": 2.5
      }
    ]
  },
  {
    "order_id": "O202503260037",
    "customer_id": "C0001",
    "channel": "web",
    "created_at": "2025-03-26 21:32:18",
    "payment_status": "pending",
    "items": [
      {
        "sku": "SKU019",
        "qty": 5,
        "unit_price": 8.0
      },
      {
        "sku": "SKU002",
        "qty": 5,
        "unit_price": 15.0
      }
    ]
  },
  {
    "order_id": "O202503260038",
    "customer_id": "C0401",
    "channel": "web",
    "created_at": "2025-03-26 13:12:54",
    "payment_status": "failed",
    "items": [
      {
        "sku": "SKU001",
        "qty": 1,
        "unit_price": 9.9
      },
      {
        "sku": "SKU034",
        "qty": 5,
        "unit_price": 5.0
      },
      {
        "sku": "SKU036",
        "qty": 3,
        "unit_price": 19.9
      },
      {
        "sku": "SKU021",
        "qty": 4,
        "unit_price": 8.0
      }
    ]
  },
  {
    "order_id": "O202503260039",
    "customer_id": "C0521",
    "channel": "web",
    "created_at": "2025-03-26 22:13:41",
    "payment_status": "paid",
    "items": [
      {
        "sku": "SKU038",
        "qty": 1,
        "unit_price": 4.0
      },
      {
        "sku": "SKU026",
        "qty": 4,
        "unit_price": 24.9
      }
    ]
  },
  {
    "order_id": "O202503260040",
    "customer_id": "C0519",
    "channel": "web",
    "created_at": "2025-03-26 14:06:48",
    "payment_status": "paid",
    "items": [
      {
        "sku": "SKU008",
        "qty": 4,
        "unit_price": 5.0
      }
    ]
  },
  {
    "order_id": "O202503260041",
    "customer_id": "C0487",
    "channel": "app",
    "created_at": "2025-03-26 13:39:58",
    "payment_status": "paid",
    "items": [
      {
        "sku": "SKU016",
        "qty": 2,
        "unit_price": 5.0
      }
    ]
  },
  {
    "order_id": "O202503260042",
    "customer_id": "C0040",
    "channel": "app",
    "created_at": "2025-03-26 08:25:27",
    "payment_status": "paid",
    "items": [
      {
        "sku": "SKU015",
        "qty": 5,
        "unit_price": 12.5
      },
      {
        "sku": "SKU050",
        "qty": 4,
        "unit_price": 19.9
      },
      {
        "sku": "SKU033",
        "qty": 4,
        "unit_price": 9.9
      }
    ]
  },
  {
    "order_id": "O202503260043",
    "customer_id": "C0028",
    "channel": "app",
    "created_at": "2025-03-26 21:58:49",
    "payment_status": "paid",
    "items": [
      {
        "sku": "SKU037",
        "qty": 5,
        "unit_price": 15.0
      },
      {
        "sku": "SKU014",
        "qty": 5,
        "unit_price": 15.0
      },
      {
        "sku": "SKU049",
        "qty": 3,
        "unit_price": 15.0
      },
      {
        "sku": "SKU041",
        "qty": 1,
        "unit_price": 4.0
      }
    ]
  },
  {
    "order_id": "O202503260044",
    "customer_id": "C0242",
    "channel": "web",
    "created_at": "2025-03-26 08:14:42",
    "payment_status": "paid",
    "items": [
      {
        "sku": "SKU002",
        "qty": 3,
        "unit_price": 24.9
      },
      {
        "sku": "SKU034",
        "qty": 2,
        "unit_price": 12.5
      }
    ]
  },
  {
    "order_id": "O202503260045",
    "customer_id": "C0237",
    "channel": "app",
    "created_at": "2025-03-26 20:29:22",
    "payment_status": "paid",
    "items": [
      {
        "sku": "SKU004",
        "qty": 2,
        "unit_price": 19.9
      }
    ]
  },
  {
    "order_id": "O202503260046",
    "customer_id": "C0564",
    "channel": "app",
    "created_at": "2025-03-26 07:36:17",
    "payment_status": "paid",
    "items": [
      {
        "sku": "SKU044",
        "qty": 4,
        "unit_price": 24.9
      }
    ]
  },
  {
    "order_id": "O202503260047",
    "customer_id": "C0122",
    "channel": "web",
    "created_at": "2025-03-26 22:44:23",
    "payment_status": "paid",
    "items": [
      {
        "sku": "SKU042",
        "qty": 4,
        "unit_price": 12.5
      },
      {
        "sku": "SKU043",
        "qty": 1,
        "unit_price": 7.5
      },
      {
        "sku": "SKU030",
        "qty": 2,
        "unit_price": 2.5
      }
    ]
  },
  {
    "order_id": "O202503260048",
    "customer_id": "C0032",
    "channel": "app",
    "created_at": "2025-03-26 09:49:32",
    "payment_status": "paid",
    "items": [
      {
        "sku": "SKU009",
        "qty": 5,
        "unit_price": 24.9
      }
    ]
  },
  {
    "order_id": "O202503260049",
    "customer_id": "C0446",
    "channel": "web",
    "created_at": "2025-03-26 19:38:42",
    "payment_status": "paid",
    "items": [
      {
        "sku": "SKU009",
        "qty": 1,
        "unit_price": 24.9
      },
      {
        "sku": "SKU014",
        "qty": 4,
        "unit_price": 7.5
      }
    ]
  },
  {
    "order_id": "O202503260050",
    "customer_id": "C0470",
    "channel": "app",
    "created_at": "2025-03-26 11:39:55",
    "payment_status": "paid",
    "items": [
      {
        "sku": "SKU006",
        "qty": 5,
        "unit_price": 19.9
      }
    ]
  },
  {
    "order_id": "O202503260051",
    "customer_id": "C0069",
    "channel": "web",
    "created_at": "2025-03-26 08:23:04",
    "payment_status": "paid",
    "items": [
      {
        "sku": "SKU008",
        "qty": 3,
        "unit_price": 5.0
      },
      {
        "sku": "SKU036",
        "qty": 3,
        "unit_price": 4.0
      },
      {
        "sku": "SKU004",
        "qty": 3,
        "unit_price": 7.5
      }
    ]
  },
  {
    "order_id": "O202503260052",
    "customer_id": "C0154",
    "channel": "web",
    "created_at": "2025-03-26 09:59:43",
    "payment_status": "paid",
    "items": [
      {
        "sku": "SKU050",
        "qty": 4,
        "unit_price": 2.5
      },
      {
        "sku": "SKU037",
        "qty": 1,
        "unit_price": 7.5
      },
      {
        "sku": "SKU013",
        "qty": 4,
        "unit_price": 8.0
      }
    ]
  },
  {
    "order_id": "O202503260053",
    "customer_id": "C0230",
    "channel": "web",
    "created_at": "2025-03-26 13:34:37",
    "payment_status": "paid",
    "items": [
      {
        "sku": "SKU046",
        "qty": 1,
        "unit_price": 8.0
      },
      {
        "sku": "SKU022",
        "qty": 2,
        "unit_price": 2.5
      },
      {
        "sku": "SKU036",
        "qty": 5,
        "unit_price": 24.9
      }
    ]
  },
  {
    "order_id": "O202503260054",
    "customer_id": "C0467",
    "channel": "app",
    "created_at": "2025-03-26 10:30:38",
    "payment_status": "paid",
    "items": [
      {
        "sku": "SKU026",
        "qty": 3,
        "unit_price": 24.9
      }
    ]
  },
  {
    "order_id": "O202503260055",
    "customer_id": "C0064",
    "channel": "app",
    "created_at": "2025-03-26 18:20:36",
    "payment_status": "paid",
    "items": [
      {
        "sku": "SKU032",
        "qty": 3,
        "unit_price": 5.0
      }
    ]
  },
  {
    "order_id": "O202503260056",
    "customer_id": "C0317",
    "channel": "web",
    "created_at": "2025-03-26 17:25:01",
    "payment_status": "paid",
    "items": [
      {
        "sku": "SKU006",
        "qty": 2,
        "unit_price": 8.0
      },
      {
        "sku": "SKU016",
        "qty": 3,
        "unit_price": 9.9
      },
      {
        "sku": "SKU031",
        "qty": 4,
        "unit_price": 8.0
      }
    ]
  },
  {
    "order_id": "O202503260057",
    "customer_id": "C0636",
    "channel": "web",
    "created_at": "2025-03-26 17:24:41",
    "payment_status": "paid",
    "items": [
      {
        "sku": "SKU042",
        "qty": 5,
        "unit_price": 9.9
      },
      {
        "sku": "SKU013",
        "qty": 4,
        "unit_price": -2.5
      },
      {
        "sku": "SKU024",
        "qty": 4,
        "unit_price": 9.9
      },
      {
        "sku": "SKU030",
        "qty": 2,
        "unit_price": 12.5
      }
    ]
  },
  {
    "order_id": "O202503260058",
    "customer_id": "C0032",
    "channel": "web",
    "created_at": "2025-03-26 22:26:55",
    "payment_status": "paid",
    "items": [
      {
        "sku": "SKU027",
        "qty": 3,
        "unit_price": 7.5
      },
      {
        "sku": "SKU041",
        "qty": 3,
        "unit_price": 2.5
      },
      {
        "sku": "SKU015",
        "qty": 1,
        "unit_price": 7.5
      }
    ]
  },
  {
    "order_id": "O202503260059",
    "customer_id": "C0645",
    "channel": "web",
    "created_at": "2025-03-26 22:24:35",
    "payment_status": "paid",
    "items": [
      {
        "sku": "SKU032",
        "qty": 5,
        "unit_price": 8.0
      }
    ]
  },
  {
    "order_id": "O202503260060",
    "customer_id": "C0555",
    "channel": "web",
    "created_at": "2025-03-26 08:01:54",
    "payment_status": "paid",
    "items": [
      {
        "sku": "SKU047",
        "qty": 2,
        "unit_price": 15.0
      },
      {
        "sku": "SKU020",
        "qty": 5,
        "unit_price": 9.9
      },
      {
        "sku": "SKU010",
        "qty": 1,
        "unit_price": 5.0
      }
    ]
  },
  {
    "order_id": "O202503260061",
    "customer_id": "C0208",
    "channel": "web",
    "created_at": "2025-03-26 13:20:29",
    "payment_status": "paid",
    "items": [
      {
        "sku": "SKU005",
        "qty": 2,
        "unit_price": 4.0
      },
      {
        "sku": "SKU029",
        "qty": 3,
        "unit_price": 19.9
      },
      {
        "sku": "SKU017",
        "qty": 5,
        "unit_price": 12.5
      }
    ]
  },
  {
    "order_id": "O202503260062",
    "customer_id": "C0710",
    "channel": "app",
    "created_at": "2025-03-26 20:42:23",
    "payment_status": "paid",
    "items": [
      {
        "sku": "SKU030",
        "qty": 4,
        "unit_price": 4.0
      },
      {
        "sku": "SKU050",
        "qty": 1,
        "unit_price": 2.5
      },
      {
        "sku": "SKU040",
        "qty": 1,
        "unit_price": 19.9
      }
    ]
  },
  {
    "order_id": "O202503260063",
    "customer_id": "C0476",
    "channel": "web",
    "created_at": "2025-03-26 13:18:48",
    "payment_status": "paid",
    "items": [
      {
        "sku": "SKU015",
        "qty": 2,
        "unit_price": 19.9
      },
      {
        "sku": "SKU010",
        "qty": 3,
        "unit_price": 19.9
      }
    ]
  },
  {
    "order_id": "O202503260064",
    "customer_id": "C0122",
    "channel": "web",
    "created_at": "2025-03-26 11:36:20",
    "payment_status": "paid",
    "items": [
      {
        "sku": "SKU041",
        "qty": 4,
        "unit_price": 12.5
      }
    ]
  },
  {
    "order_id": "O202503260065",
    "customer_id": "C0647",
    "channel": "web",
    "created_at": "2025-03-26 17:10:43",
    "payment_status": "paid",
    "items": [
      {
        "sku": "SKU031",
        "qty": 2,
        "unit_price": 2.5
      },
      {
        "sku": "SKU045",
        "qty": 3,
        "unit_price": 12.5
      }
    ]
  },
  {
    "order_id": "O202503260066",
    "customer_id": "C0344",
    "channel": "app",
    "created_at": "2025-03-26 18:32:47",
    "payment_status": "paid",
    "items": [
      {
        "sku": "SKU022",
        "qty": 3,
        "unit_price": 7.5
      }
    ]
  },
  {
    "order_id": "O202503260067",
    "customer_id": "C0088",
    "channel": "web",
    "created_at": "2025-03-26 10:53:12",
    "payment_status": "pending",
    "items": [
      {
        "sku": "SKU026",
        "qty": 4,
        "unit_price": 9.9
      },
      {
        "sku": "SKU023",
        "qty": 4,
        "unit_price": 7.5
      },
      {
        "sku": "SKU019",
        "qty": 2,
        "unit_price": 9.9
      }
    ]
  },
  {
    "order_id": "O202503260068",
    "customer_id": "C0022",
    "channel": "app",
    "created_at": "2025-03-26 19:54:54",
    "payment_status": "paid",
    "items": [
      {
        "sku": "SKU050",
        "qty": 2,
        "unit_price": 12.5
      }
    ]
  },
  {
    "order_id": "O202503260069",
    "customer_id": "C0395",
    "channel": "app",
    "created_at": "2025-03-26 19:03:07",
    "payment_status": "paid",
    "items": [
      {
        "sku": "SKU008",
        "qty": 5,
        "unit_price": 9.9
      }
    ]
  },
  {
    "order_id": "O202503260070",
    "customer_id": "C0098",
    "channel": "app",
    "created_at": "2025-03-26 16:42:08",
    "payment_status": "paid",
    "items": [
      {
        "sku": "SKU013",
        "qty": 5,
        "unit_price": 24.9
      },
      {
        "sku": "SKU047",
        "qty": 1,
        "unit_price": 8.0
      },
      {
        "sku": "SKU048",
        "qty": 5,
        "unit_price": 8.0
      },
      {
        "sku": "SKU022",
        "qty": 4,
        "unit_price": 19.9
      }
    ]
  },
  {
    "order_id": "O202503260071",
    "customer_id": "C0262",
    "channel": "web",
    "created_at": "2025-03-26 12:00:24",
    "payment_status": "paid",
    "items": [
      {
        "sku": "SKU005",
        "qty": 3,
        "unit_price": 8.0
      },
      {
        "sku": "SKU034",
        "qty": 5,
        "unit_price": 5.0
      },
      {
        "sku": "SKU048",
        "qty": 2,
        "unit_price": 2.5
      }
    ]
  },
  {
    "order_id": "O202503260072",
    "customer_id": "C0170",
    "channel": "web",
    "created_at": "2025-03-26 10:46:47",
    "payment_status": "paid",
    "items": [
      {
        "sku": "SKU037",
        "qty": 1,
        "unit_price": 5.0
      },
      {
        "sku": "SKU026",
        "qty": 3,
        "unit_price": 4.0
      }
    ]
  },
  {
    "order_id": "O202503260073",
    "customer_id": "C0659",
    "channel": "app",
    "created_at": "2025-03-26 21:04:07",
    "payment_status": "failed",
    "items": [
      {
        "sku": "SKU015",
        "qty": 1,
        "unit_price": 12.5
      },
      {
        "sku": "SKU024",
        "qty": 2,
        "unit_price": 15.0
      },
      {
        "sku": "SKU035",
        "qty": 5,
        "unit_price": 15.0
      },
      {
        "sku": "SKU032",
        "qty": 1,
        "unit_price": 7.5
      }
    ]
  },
  {
    "order_id": "O202503260074",
    "customer_id": "C0339",
    "channel": "app",
    "created_at": "2025-03-26 16:08:55",
    "payment_status": "paid",
    "items": [
      {
        "sku": "SKU034",
        "qty": 3,
        "unit_price": 15.0
      },
      {
        "sku": "SKU002",
        "qty": 4,
        "unit_price": 2.5
      },
      {
        "sku": "SKU031",
        "qty": 2,
        "unit_price": 5.0
      },
      {
        "sku": "SKU045",
        "qty": 2,
        "unit_price": 2.5
      }
    ]
  },
  {
    "order_id": "O202503260075",
    "customer_id": "C0120",
    "channel": "web",
    "created_at": "2025-03-26 07:34:55",
    "payment_status": "paid",
    "items": [
      {
        "sku": "SKU043",
        "qty": 2,
        "unit_price": 4.0
      }
    ]
  },
  {
    "order_id": "O202503260076",
    "customer_id": "C0398",
    "channel": "app",
    "created_at": "2025-03-26 08:29:29",
    "payment_status": "paid",
    "items": [
      {
        "sku": "SKU042",
        "qty": 5,
        "unit_price": 8.0
      }
    ]
  },
  {
    "order_id": "O202503260077",
    "customer_id": "C0342",
    "channel": "web",
    "created_at": "2025-03-26 14:07:12",
    "payment_status": "paid",
    "items": [
      {
        "sku": "SKU036",
        "qty": 3,
        "unit_price": 9.9
      },
      {
        "sku": "SKU042",
        "qty": 4,
        "unit_price": 2.5
      },
      {
        "sku": "SKU027",
        "qty": 2,
        "unit_price": 4.0
      },
      {
        "sku": "SKU005",
        "qty": 1,
        "unit_price": 15.0
      }
    ]
  },
  {
    "order_id": "O202503260078",
    "customer_id": "C0035",
    "channel": "web",
    "created_at": "2025-03-26 22:58:15",
    "payment_status": "paid",
    "items": [
      {
        "sku": "SKU011",
        "qty": 5,
        "unit_price": 24.9
      }
    ]
  },
  {
    "order_id": "O202503260079",
    "customer_id": "C0441",
    "channel": "web",
    "created_at": "2025-03-26 22:36:15",
    "payment_status": "paid",
    "items": [
      {
        "sku": "SKU015",
        "qty": 2,
        "unit_price": 19.9
      }
    ]
  },
  {
    "order_id": "O202503260080",
    "customer_id": "C0710",
    "channel": "web",
    "created_at": "2025-03-26 10:00:45",
    "payment_status": "paid",
    "items": [
      {
        "sku": "SKU026",
        "qty": 4,
        "unit_price": 15.0
      },
      {
        "sku": "SKU036",
        "qty": 1,
        "unit_price": 9.9
      },
      {
        "sku": "SKU014",
        "qty": 1,
        "unit_price": 7.5
      }
    ]
  },
  {
    "order_id": "O202503260081",
    "customer_id": "C0660",
    "channel": "web",
    "created_at": "2025-03-26 08:13:20",
    "payment_status": "paid",
    "items": [
      {
        "sku": "SKU011",
        "qty": 3,
        "unit_price": 19.9
      },
      {
        "sku": "SKU045",
        "qty": 2,
        "unit_price": 19.9
      },
      {
        "sku": "SKU014",
        "qty": 4,
        "unit_price": 4.0
      }
    ]
  },
  {
    "order_id": "O202503260082",
    "customer_id": "C0440",
    "channel": "web",
    "created_at": "2025-03-26 16:22:10",
    "payment_status": "paid",
    "items": [
      {
        "sku": "SKU014",
        "qty": 4,
        "unit_price": 2.5
      },
      {
        "sku": "SKU023",
        "qty": 4,
        "unit_price": 7.5
      },
      {
        "sku": "SKU008",
        "qty": 2,
        "unit_price": 15.0
      }
    ]
  },
  {
    "order_id": "O202503260083",
    "customer_id": "C0006",
    "channel": "web",
    "created_at": "2025-03-26 21:57:25",
    "payment_status": "paid",
    "items": [
      {
        "sku": "SKU027",
        "qty": 4,
        "unit_price": 4.0
      },
      {
        "sku": "SKU016",
        "qty": 3,
        "unit_price": 12.5
      },
      {
        "sku": "SKU002",
        "qty": 1,
        "unit_price": 5.0
      }
    ]
  },
  {
    "order_id": "O202503260084",
    "customer_id": "C0161",
    "channel": "web",
    "created_at": "2025-03-26 09:25:52",
    "payment_status": "paid",
    "items": [
      {
        "sku": "SKU002",
        "qty": 5,
        "unit_price": 12.5
      },
      {
        "sku": "SKU021",
        "qty": 1,
        "unit_price": 15.0
      }
    ]
  },
  {
    "order_id": "O202503260085",
    "customer_id": "C0438",
    "channel": "app",
    "created_at": "2025-03-26 18:06:12",
    "payment_status": "paid",
    "items": [
      {
        "sku": "SKU007",
        "qty": 5,
        "unit_price": 2.5
      },
      {
        "sku": "SKU005",
        "qty": 2,
        "unit_price": 2.5
      },
      {
        "sku": "SKU039",
        "qty": 2,
        "unit_price": 24.9
      },
      {
        "sku": "SKU011",
        "qty": 3,
        "unit_price": 4.0
      }
    ]
  },
  {
    "order_id": "O202503260086",
    "customer_id": "C0487",
    "channel": "app",
    "created_at": "2025-03-26 11:33:59",
    "payment_status": "paid",
    "items": [
      {
        "sku": "SKU015",
        "qty": 2,
        "unit_price": 9.9
      },
      {
        "sku": "SKU011",
        "qty": 3,
        "unit_price": 4.0
      }
    ]
  },
  {
    "order_id": "O202503260087",
    "customer_id": "C0110",
    "channel": "app",
    "created_at": "2025-03-26 16:38:43",
    "payment_status": "paid",
    "items": [
      {
        "sku": "SKU049",
        "qty": 1,
        "unit_price": 5.0
      }
    ]
  },
  {
    "order_id": "O202503260088",
    "customer_id": "C0565",
    "channel": "app",
    "created_at": "2025-03-26 21:21:32",
    "payment_status": "paid",
    "items": [
      {
        "sku": "SKU003",
        "qty": 2,
        "unit_price": 19.9
      },
      {
        "sku": "SKU043",
        "qty": 2,
        "unit_price": 9.9
      },
      {
        "sku": "SKU001",
        "qty": 3,
        "unit_price": 19.9
      },
      {
        "sku": "SKU023",
        "qty": 5,
        "unit_price": 4.0
      }
    ]
  },
  {
    "order_id": "O202503260089",
    "customer_id": "C0352",
    "channel": "app",
    "created_at": "2025-03-26 20:33:33",
    "payment_status": "paid",
    "items": [
      {
        "sku": "SKU023",
        "qty": 1,
        "unit_price": 15.0
      },
      {
        "sku": "SKU036",
        "qty": 3,
        "unit_price": 12.5
      },
      {
        "sku": "SKU020",
        "qty": 5,
        "unit_price": 7.5
      },
      {
        "sku": "SKU002",
        "qty": 5,
        "unit_price": 24.9
      }
    ]
  },
  {
    "order_id": "O202503260090",
    "customer_id": "C0146",
    "channel": "app",
    "created_at": "2025-03-26 15:40:48",
    "payment_status": "paid",
    "items": [
      {
        "sku": "SKU045",
        "qty": 2,
        "unit_price": 5.0
      },
      {
        "sku": "SKU004",
        "qty": 3,
        "unit_price": 15.0
      },
      {
        "sku": "SKU047",
        "qty": 4,
        "unit_price": 9.9
      }
    ]
  },
  {
    "order_id": "O202503260091",
    "customer_id": "C0242",
    "channel": "web",
    "created_at": "2025-03-26 17:54:51",
    "payment_status": "paid",
    "items": [
      {
        "sku": "SKU033",
        "qty": 2,
        "unit_price": 9.9
      }
    ]
  },
  {
    "order_id": "O202503260092",
    "customer_id": "C0315",
    "channel": "app",
    "created_at": "2025-03-26 19:02:55",
    "payment_status": "failed",
    "items": [
      {
        "sku": "SKU037",
        "qty": 4,
        "unit_price": 4.0
      },
      {
        "sku": "SKU025",
        "qty": 2,
        "unit_price": 8.0
      },
      {
        "sku": "SKU035",
        "qty": 2,
        "unit_price": 7.5
      },
      {
        "sku": "SKU026",
        "qty": 3,
        "unit_price": 12.5
      }
    ]
  },
  {
    "order_id": "O202503260093",
    "customer_id": "C0189",
    "channel": "app",
    "created_at": "2025-03-26 18:28:33",
    "payment_status": "paid",
    "items": [
      {
        "sku": "SKU002",
        "qty": 1,
        "unit_price": 4.0
      },
      {
        "sku": "SKU048",
        "qty": 3,
        "unit_price": 19.9
      },
      {
        "sku": "SKU003",
        "qty": 5,
        "unit_price": 19.9
      }
    ]
  },
  {
    "order_id": "O202503260094",
    "customer_id": "C0333",
    "channel": "web",
    "created_at": "2025-03-26 07:28:14",
    "payment_status": "paid",
    "items": [
      {
        "sku": "SKU046",
        "qty": 4,
        "unit_price": 7.5
      },
      {
        "sku": "SKU011",
        "qty": 5,
        "unit_price": -15.0
      }
    ]
  },
  {
    "order_id": "O202503260095",
    "customer_id": "C0697",
    "channel": "web",
    "created_at": "2025-03-26 12:09:37",
    "payment_status": "paid",
    "items": [
      {
        "sku": "SKU021",
        "qty": 4,
        "unit_price": 2.5
      },
      {
        "sku": "SKU019",
        "qty": 5,
        "unit_price": 24.9
      },
      {
        "sku": "SKU037",
        "qty": 2,
        "unit_price": 4.0
      }
    ]
  },
  {
    "order_id": "O202503260096",
    "customer_id": "C0662",
    "channel": "app",
    "created_at": "2025-03-26 11:27:48",
    "payment_status": "paid",
    "items": [
      {
        "sku": "SKU001",
        "qty": 1,
        "unit_price": 9.9
      },
      {
        "sku": "SKU048",
        "qty": 3,
        "unit_price": 4.0
      }
    ]
  },
  {
    "order_id": "O202503260097",
    "customer_id": "C0120",
    "channel": "app",
    "created_at": "2025-03-26 14:23:57",
    "payment_status": "paid",
    "items": [
      {
        "sku": "SKU040",
        "qty": 3,
        "unit_price": 2.5
      },
      {
        "sku": "SKU045",
        "qty": 3,
        "unit_price": 5.0
      },
      {
        "sku": "SKU020",
        "qty": 1,
        "unit_price": 15.0
      }
    ]
  },
  {
    "order_id": "O202503260098",
    "customer_id": "C0759",
    "channel": "web",
    "created_at": "2025-03-26 15:35:18",
    "payment_status": "paid",
    "items": [
      {
        "sku": "SKU050",
        "qty": 5,
        "unit_price": 12.5
      }
    ]
  },
  {
    "order_id": "O202503260099",
    "customer_id": "C0032",
    "channel": "app",
    "created_at": "2025-03-26 08:10:23",
    "payment_status": "paid",
    "items": [
      {
        "sku": "SKU047",
        "qty": 1,
        "unit_price": 8.0
      },
      {
        "sku": "SKU041",
        "qty": 5,
        "unit_price": 12.5
      }
    ]
  },
  {
    "order_id": "O202503260100",
    "customer_id": "C0471",
    "channel": "app",
    "created_at": "2025-03-26 22:34:15",
    "payment_status": "paid",
    "items": [
      {
        "sku": "SKU009",
        "qty": 4,
        "unit_price": 12.5
      },
      {
        "sku": "SKU039",
        "qty": 1,
        "unit_price": 2.5
      }
    ]
  },
  {
    "order_id": "O202503260079",
    "customer_id": "C0441",
    "channel": "web",
    "created_at": "2025-03-26 22:36:15",
    "payment_status": "paid",
    "items": [
      {
        "sku": "SKU015",
        "qty": 2,
        "unit_price": 19.9
      }
    ]
  },
  {
    "order_id": "O202503260058",
    "customer_id": "C0032",
    "channel": "web",
    "created_at": "2025-03-26 22:26:55",
    "payment_status": "paid",
    "items": [
      {
        "sku": "SKU027",
        "qty": 3,
        "unit_price": 7.5
      },
      {
        "sku": "SKU041",
        "qty": 3,
        "unit_price": 2.5
      },
      {
        "sku": "SKU015",
        "qty": 1,
        "unit_price": 7.5
      }
    ]
  },
  {
    "order_id": "O202503260098",
    "customer_id": "C0759",
    "channel": "web",
    "created_at": "2025-03-26 15:35:18",
    "payment_status": "paid",
    "items": [
      {
        "sku": "SKU050",
        "qty": 5,
        "unit_price": 12.5
      }
    ]
  }
]