[
  {
    "order_id": "O202503050001",
    "customer_id": "C0618",
    "channel": "web",
    "created_at": "2025-03-05 18:31:54",
    "payment_status": "pending",
    "items": [
      {
        "sku": "SKU005",
        "qty": 4,
        "unit_price": 4.0
      },
      {
        "sku": "SKU046",
        "qty": 2,
        "unit_price": 19.9
      },
      {
        "sku": "SKU043",
        "qty": 2,
        "unit_price": 7.5
      },
      {
        "sku": "SKU015",
        "qty": 3,
        "unit_price": 2.5
      }
    ]
  },
  {
    "order_id": "O202503050002",
    "customer_id": "C0294",
    "channel": "app",
    "created_at": "2025-03-05 08:00:33",
    "payment_status": "paid",
    "items": [
      {
        "sku": "SKU039",
        "qty": 3,
        "unit_price": 24.9
      },
      {
        "sku": "SKU046",
        "qty": 2,
        "unit_price": 15.0
      },
      {
        "sku": "SKU019",
        "qty": 4,
        "unit_price": 2.5
      },
      {
        "sku": "SKU040",
        "qty": 3,
        "unit_price": 5.0
      }
    ]
  },
  {
    "order_id": "O202503050003",
    "customer_id": "C0520",
    "channel": "web",
    "created_at": "2025-03-05 07:54:46",
    "payment_status": "paid",
    "items": [
      {
        "sku": "SKU018",
        "qty": 3,
        "unit_price": 24.9
      },
      {
        "sku": "SKU008",
        "qty": 3,
        "unit_price": 2.5
      }
    ]
  },
  {
    "order_id": "O202503050004",
    "customer_id": "C0358",
    "channel": "app",
    "created_at": "2025-03-05 19:38:48",
    "payment_status": "paid",
    "items": [
      {
        "sku": "SKU046",
        "qty": 3,
        "unit_price": 8.0
      },
      {
        "sku": "SKU002",
        "qty": 5,
        "unit_price": 4.0
      },
      {
        "sku": "SKU047",
        "qty": 3,
        "unit_price": 7.5
      }
    ]
  },
  {
    "order_id": "O202503050005",
    "customer_id": "C0107",
    "channel": "app",
    "created_at": "2025-03-05 07:23:13",
    "payment_status": "paid",
    "items": [
      {
        "sku": "SKU017",
        "qty": 5,
        "unit_price": 2.5
      },
      {
        "sku": "SKU035",
        "qty": 3,
        "unit_price": 19.9
      },
      {
        "sku": "SKU005",
        "qty": 5,
        "unit_price": 19.9
      }
    ]
  },
  {
    "order_id": "O202503050006",
    "customer_id": "C0392",
    "channel": "web",
    "created_at": "2025-03-05 15:58:52",
    "payment_status": "pending",
    "items": [
      {
        "sku": "SKU027",
        "qty": 1,
        "unit_price": 8.0
      },
      {
        "sku": "SKU024",
        "qty": 1,
        "unit_price": 24.9
      },
      {
        "sku": "SKU036",
        "qty": 5,
        "unit_price": 15.0
      }
    ]
  },
  {
    "order_id": "O202503050007",
    "customer_id": "C0347",
    "channel": "app",
    "created_at": "2025-03-05 09:34:44",
    "payment_status": "paid",
    "items": [
      {
        "sku": "SKU010",
        "qty": 1,
        "unit_price": 15.0
      }
    ]
  },
  {
    "order_id": "O202503050008",
    "customer_id": "C0242",
    "channel": "app",
    "created_at": "2025-03-05 12:59:45",
    "payment_status": "paid",
    "items": [
      {
        "sku": "SKU047",
        "qty": 4,
        "unit_price": 8.0
      },
      {
        "sku": "SKU036",
        "qty": 5,
        "unit_price": 7.5
      },
      {
        "sku": "SKU002",
        "qty": 5,
        "unit_price": 19.9
      }
    ]
  },
  {
    "order_id": "O202503050009",
    "customer_id": "C0059",
    "channel": "app",
    "created_at": "2025-03-05 11:51:59",
    "payment_status": "paid",
    "items": [
      {
        "sku": "SKU027",
        "qty": 4,
        "unit_price": 24.9
      },
      {
        "sku": "SKU013",
        "qty": 1,
        "unit_price": 4.0
      }
    ]
  },
  {
    "order_id": "O202503050010",
    "customer_id": "C0558",
    "channel": "web",
    "created_at": "2025-03-05 11:08:16",
    "payment_status": "paid",
    "items": [
      {
        "sku": "SKU049",
        "qty": 1,
        "unit_price": 24.9
      }
    ]
  },
  {
    "order_id": "O202503050011",
    "customer_id": "C0328",
    "channel": "web",
    "created_at": "2025-03-05 07:03:27",
    "payment_status": "paid",
    "items": [
      {
        "sku": "SKU038",
        "qty": 1,
        "unit_price": 15.0
      },
      {
        "sku": "SKU005",
        "qty": 2,
        "unit_price": 4.0
      }
    ]
  },
  {
    "order_id": "O202503050012",
    "customer_id": "C0102",
    "channel": "app",
    "created_at": "2025-03-05 21:37:07",
    "payment_status": "paid",
    "items": [
      {
        "sku": "SKU031",
        "qty": 2,
        "unit_price": 12.5
      },
      {
        "sku": "SKU011",
        "qty": 3,
        "unit_price": 12.5
      },
      {
        "sku": "SKU012",
        "qty": 5,
        "unit_price": 4.0
      }
    ]
  },
  {
    "order_id": "O202503050013",
    "customer_id": "C0100",
    "channel": "web",
    "created_at": "2025-03-05 21:35:58",
    "payment_status": "paid",
    "items": [
      {
        "sku": "SKU048",
        "qty": 2,
        "unit_price": 9.9
      }
    ]
  },
  {
    "order_id": "O202503050014",
    "customer_id": "C0086",
    "channel": "web",
    "created_at": "2025-03-05 20:30:30",
    "payment_status": "paid",
    "items": [
      {
        "sku": "SKU032",
        "qty": 2,
        "unit_price": 15.0
      },
      {
        "sku": "SKU007",
        "qty": 5,
        "unit_price": 19.9
      },
      {
        "sku": "SKU024",
        "qty": 2,
        "unit_price": 24.9
      },
      {
        "sku": "SKU048",
        "qty": 2,
        "unit_price": 7.5
      }
    ]
  },
  {
    "order_id": "O202503050015",
    "customer_id": "C0401",
    "channel": "web",
    "created_at": "2025-03-05 22:27:34",
    "payment_status": "paid",
    "items": [
      {
        "sku": "SKU015",
        "qty": 3,
        "unit_price": 9.9
      },
      {
        "sku": "SKU020",
        "qty": 1,
        "unit_price": 15.0
      }
    ]
  },
  {
    "order_id": "O202503050016",
    "customer_id": "C0474",
    "channel": "web",
    "created_at": "2025-03-05 21:00:25",
    "payment_status": "paid",
    "items": [
      {
        "sku": "SKU013",
        "qty": 1,
        "unit_price": 19.9
      },
      {
        "sku": "SKU009",
        "qty": 2,
        "unit_price": 9.9
      },
      {
        "sku": "SKU014",
        "qty": 3,
        "unit_price": 24.9
      },
      {
        "sku": "SKU017",
        "qty": 2,
        "unit_price": 2.5
      }
    ]
  },
  {
    "order_id": "O202503050017",
    "customer_id": "C0329",
    "channel": "web",
    "created_at": "2025-03-05 08:02:42",
    "payment_status": "paid",
    "items": [
      {
        "sku": "SKU002",
        "qty": 4,
        "unit_price": 19.9
      }
    ]
  },
  {
    "order_id": "O202503050018",
    "customer_id": "C0765",
    "channel": "app",
    "created_at": "2025-03-05 21:22:53",
    "payment_status": "paid",
    "items": [
      {
        "sku": "SKU038",
        "qty": 1,
        "unit_price": 5.0
      },
      {
        "sku": "SKU044",
        "qty": 4,
        "unit_price": 9.9
      }
    ]
  },
  {
    "order_id": "O202503050019",
    "customer_id": "C0785",
    "channel": "app",
    "created_at": "2025-03-05 21:01:18",
    "payment_status": "paid",
    "items": [
      {
        "sku": "SKU005",
        "qty": 1,
        "unit_price": 15.0
      }
    ]
  },
  {
    "order_id": "O202503050020",
    "customer_id": "C0005",
    "channel": "app",
    "created_at": "2025-03-05 20:54:07",
    "payment_status": "pending",
    "items": [
      {
        "sku": "SKU008",
        "qty": 3,
        "unit_price": 2.5
      }
    ]
  },
  {
    "order_id": "O202503050021",
    "customer_id": "C0545",
    "channel": "web",
    "created_at": "2025-03-05 14:25:54",
    "payment_status": "paid",
    "items": [
      {
        "sku": "SKU039",
        "qty": 1,
        "unit_price": 19.9
      },
      {
        "sku": "SKU050",
        "qty": 5,
        "unit_price": 24.9
      },
      {
        "sku": "SKU034",
        "qty": 1,
        "unit_price": 4.0
      }
    ]
  },
  {
    "order_id": "O202503050022",
    "customer_id": "C0239",
    "channel": "app",
    "created_at": "2025-03-05 14:11:20",
    "payment_status": "paid",
    "items": [
      {
        "sku": "SKU023",
        "qty": 4,
        "unit_price": 5.0
      }
    ]
  },
  {
    "order_id": "O202503050023",
    "customer_id": "C0509",
    "channel": "web",
    "created_at": "2025-03-05 13:44:19",
    "payment_status": "paid",
    "items": [
      {
        "sku": "SKU022",
        "qty": 4,
        "unit_price": 7.5
      },
      {
        "sku": "SKU045",
        "qty": 2,
        "unit_price": 8.0
      }
    ]
  },
  {
    "order_id": "O202503050024",
    "customer_id": "C0347",
    "channel": "app",
    "created_at": "2025-03-05 19:36:14",
    "payment_status": "paid",
    "items": [
      {
        "sku": "SKU006",
        "qty": 1,
        "unit_price": 4.0
      }
    ]
  },
  {
    "order_id": "O202503050025",
    "customer_id": "C0127",
    "channel": "web",
    "created_at": "2025-03-05 22:03:55",
    "payment_status": "pending",
    "items": [
      {
        "sku": "SKU014",
        "qty": 1,
        "unit_price": 5.0
      }
    ]
  },
  {
    "order_id": "O202503050026",
    "customer_id": "C0635",
    "channel": "app",
    "created_at": "2025-03-05 14:39:36",
    "payment_status": "paid",
    "items": [
      {
        "sku": "SKU018",
        "qty": 3,
        "unit_price": 5.0
      },
      {
        "sku": "SKU022",
        "qty": 4,
        "unit_price": 5.0
      }
    ]
  },
  {
    "order_id": "O202503050027",
    "customer_id": "C0522",
    "channel": "web",
    "created_at": "2025-03-05 21:03:54",
    "payment_status": "paid",
    "items": [
      {
        "sku": "SKU031",
        "qty": 3,
        "unit_price": 24.9
      },
      {
        "sku": "SKU038",
        "qty": 5,
        "unit_price": 19.9
      }
    ]
  },
  {
    "order_id": "O202503050028",
    "customer_id": "C0001",
    "channel": "web",
    "created_at": "2025-03-05 11:04:07",
    "payment_status": "paid",
    "items": [
      {
        "sku": "SKU011",
        "qty": 4,
        "unit_price": -5.0
      }
    ]
  },
  {
    "order_id": "O202503050029",
    "customer_id": "C0266",
    "channel": "app",
    "created_at": "2025-03-05 18:24:52",
    "payment_status": "paid",
    "items": [
      {
        "sku": "SKU017",
        "qty": 2,
        "unit_price": 9.9
      }
    ]
  },
  {
    "order_id": "O202503050030",
    "customer_id": "C0270",
    "channel": "web",
    "created_at": "2025-03-05 18:20:20",
    "payment_status": "paid",
    "items": [
      {
        "sku": "SKU048",
        "qty": 5,
        "unit_price": 15.0
      },
      {
        "sku": "SKU042",
        "qty": 2,
        "unit_price": 4.0
      },
      {
        "sku": "SKU030",
        "qty": 2,
        "unit_price": 15.0
      }
    ]
  },
  {
    "order_id": "O202503050031",
    "customer_id": "C0126",
    "channel": "app",
    "created_at": "2025-03-05 21:35:07",
    "payment_status": "paid",
    "items": [
      {
        "sku": "SKU040",
        "qty": 5,
        "unit_price": 7.5
      },
      {
        "sku": "SKU040",
        "qty": 4,
        "unit_price": 19.9
      }
    ]
  },
  {
    "order_id": "O202503050032",
    "customer_id": "C0017",
    "channel": "web",
    "created_at": "2025-03-05 13:53:36",
    "payment_status": "paid",
    "items": [
      {
        "sku": "SKU011",
        "qty": 4,
        "unit_price": 9.9
      }
    ]
  },
  {
    "order_id": "O202503050033",
    "customer_id": "C0578",
    "channel": "app",
    "created_at": "2025-03-05 19:17:59",
    "payment_status": "paid",
    "items": [
      {
        "sku": "SKU037",
        "qty": 1,
        "unit_price": 12.5
      },
      {
        "sku": "SKU025",
        "qty": 4,
        "unit_price": 4.0
      },
      {
        "sku": "SKU034",
        "qty": 2,
        "unit_price": 5.0
      },
      {
        "sku": "SKU018",
        "qty": 2,
        "unit_price": 5.0
      }
    ]
  },
  {
    "order_id": "O202503050034",
    "customer_id": "C0713",
    "channel": "web",
    "created_at": "2025-03-05 13:31:34",
    "payment_status": "paid",
    "items": [
      {
        "sku": "SKU012",
        "qty": 2,
        "unit_price": 12.5
      },
      {
        "sku": "SKU023",
        "qty": 3,
        "unit_price": 4.0
      }
    ]
  },
  {
    "order_id": "O202503050035",
    "customer_id": "C0066",
    "channel": "web",
    "created_at": "2025-03-05 07:01:43",
    "payment_status": "paid",
    "items": [
      {
        "sku": "SKU050",
        "qty": 3,
        "unit_price": 7.5
      }
    ]
  },
  {
    "order_id": "O202503050036",
    "customer_id": "C0432",
    "channel": "app",
    "created_at": "2025-03-05 17:23:46",
    "payment_status": "paid",
    "items": [
      {
        "sku": "SKU050",
        "qty": 5,
        "unit_price": 2.5
      },
      {
        "sku": "SKU049",
        "qty": 2,
        "unit_price": 7.5
      }
    ]
  },
  {
    "order_id": "O202503050037",
    "customer_id": "C0408",
    "channel": "app",
    "created_at": "2025-03-05 21:58:14",
    "payment_status": "paid",
    "items": [
      {
        "sku": "SKU048",
        "qty": 1,
        "unit_price": 15.0
      },
      {
        "sku": "SKU027",
        "qty": 3,
        "unit_price": 8.0
      }
    ]
  },
  {
    "order_id": "O202503050038",
    "customer_id": "C0448",
    "channel": "web",
    "created_at": "2025-03-05 15:45:42",
    "payment_status": "paid",
    "items": [
      {
        "sku": "SKU032",
        "qty": 3,
        "unit_price": 19.9
      },
      {
        "sku": "SKU031",
        "qty": 2,
        "unit_price": 19.9
      },
      {
        "sku": "SKU020",
        "qty": 1,
        "unit_price": 15.0
      },
      {
        "sku": "SKU005",
        "qty": 2,
        "unit_price": 15.0
      }
    ]
  },
  {
    "order_id": "O202503050039",
    "customer_id": "C0357",
    "channel": "app",
    "created_at": "2025-03-05 22:32:17",
    "payment_status": "paid",
    "items": [
      {
        "sku": "SKU040",
        "qty": 2,
        "unit_price": 15.0
      },
      {
        "sku": "SKU036",
        "qty": 1,
        "unit_price": 9.9
      },
      {
        "sku": "SKU023",
        "qty": 3,
        "unit_price": 9.9
      },
      {
        "sku": "SKU032",
        "qty": 5,
        "unit_price": 2.5
      }
    ]
  },
  {
    "order_id": "O202503050040",
    "customer_id": "C0212",
    "channel": "app",
    "created_at": "2025-03-05 18:14:25",
    "payment_status": "paid",
    "items": [
      {
        "sku": "SKU037",
        "qty": 4,
        "unit_price": 24.9
      },
      {
        "sku": "SKU003",
        "qty": 5,
        "unit_price": 24.9
      }
    ]
  },
  {
    "order_id": "O202503050041",
    "customer_id": "C0242",
    "channel": "web",
    "created_at": "2025-03-05 17:44:02",
    "payment_status": "pending",
    "items": [
      {
        "sku": "SKU048",
        "qty": 3,
        "unit_price": 9.9
      }
    ]
  },
  {
    "order_id": "O202503050042",
    "customer_id": "C0502",
    "channel": "app",
    "created_at": "2025-03-05 16:24:58",
    "payment_status": "paid",
    "items": [
      {
        "sku": "SKU018",
        "qty": 5,
        "unit_price": 7.5
      },
      {
        "sku": "SKU018",
        "qty": 2,
        "unit_price": 15.0
      }
    ]
  },
  {
    "order_id": "O202503050043",
    "customer_id": "C0561",
    "channel": "app",
    "created_at": "2025-03-05 10:13:30",
    "payment_status": "paid",
    "items": [
      {
        "sku": "SKU005",
        "qty": 1,
        "unit_price": 4.0
      },
      {
        "sku": "SKU015",
        "qty": 4,
        "unit_price": 4.0
      },
      {
        "sku": "SKU031",
        "qty": 3,
        "unit_price": 8.0
      }
    ]
  },
  {
    "order_id": "O202503050044",
    "customer_id": "C0509",
    "channel": "web",
    "created_at": "2025-03-05 11:03:53",
    "payment_status": "paid",
    "items": [
      {
        "sku": "SKU039",
        "qty": 2,
        "unit_price": 7.5
      },
      {
        "sku": "SKU030",
        "qty": 1,
        "unit_price": 4.0
      },
      {
        "sku": "SKU047",
        "qty": 2,
        "unit_price": 19.9
      },
      {
        "sku": "SKU019",
        "qty": 1,
        "unit_price": 8.0
      }
    ]
  },
  {
    "order_id": "O202503050045",
    "customer_id": "C0052",
    "channel": "web",
    "created_at": "2025-03-05 15:55:40",
    "payment_status": "paid",
    "items": [
      {
        "sku": "SKU040",
        "qty": 5,
        "unit_price": 24.9
      },
      {
        "sku": "SKU009",
        "qty": 4,
        "unit_price": 2.5
      }
    ]
  },
  {
    "order_id": "O202503050046",
    "customer_id": "C0736",
    "channel": "app",
    "created_at": "2025-03-05 18:19:18",
    "payment_status": "paid",
    "items": [
      {
        "sku": "SKU005",
        "qty": 2,
        "unit_price": 12.5
      },
      {
        "sku": "SKU010",
        "qty": 3,
        "unit_price": 4.0
      },
      {
        "sku": "SKU033",
        "qty": 2,
        "unit_price": 15.0
      },
      {
        "sku": "SKU021",
        "qty": 4,
        "unit_price": 9.9
      }
    ]
  },
  {
    "order_id": "O202503050047",
    "customer_id": "C0186",
    "channel": "web",
    "created_at": "2025-03-05 12:09:17",
    "payment_status": "paid",
    "items": [
      {
        "sku": "SKU007",
        "qty": 1,
        "unit_price": 4.0
      },
      {
        "sku": "SKU011",
        "qty": 2,
        "unit_price": 4.0
      },
      {
        "sku": "SKU004",
        "qty": 3,
        "unit_price": 4.0
      },
      {
        "sku": "SKU050",
        "qty": 4,
        "unit_price": 19.9
      }
    ]
  },
  {
    "order_id": "O202503050048",
    "customer_id": "C0734",
    "channel": "web",
    "created_at": "2025-03-05 08:52:33",
    "payment_status": "paid",
    "items": [
      {
        "sku": "SKU038",
        "qty": 4,
        "unit_price": 9.9
      },
      {
        "sku": "SKU021",
        "qty": 1,
        "unit_price": 4.0
      },
      {
        "sku": "SKU022",
        "qty": 1,
        "unit_price": 7.5
      },
      {
        "sku": "SKU041",
        "qty": 5,
        "unit_price": 2.5
      }
    ]
  },
  {
    "order_id": "O202503050049",
    "customer_id": "C0362",
    "channel": "app",
    "created_at": "2025-03-05 10:40:50",
    "payment_status": "failed",
    "items": [
      {
        "sku": "SKU039",
        "qty": 4,
        "unit_price": 4.0
      },
      {
        "sku": "SKU045",
        "qty": 2,
        "unit_price": 2.5
      }
    ]
  },
  {
    "order_id": "O202503050050",
    "customer_id": "C0640",
    "channel": "app",
    "created_at": "2025-03-05 07:00:04",
    "payment_status": "paid",
    "items": [
      {
        "sku": "SKU014",
        "qty": 1,
        "unit_price": 4.0
      },
      {
        "sku": "SKU016",
        "qty": 5,
        "unit_price": 24.9
      },
      {
        "sku": "SKU012",
        "qty": 5,
        "unit_price": 7.5
      }
    ]
  },
  {
    "order_id": "O202503050051",
    "customer_id": "C0790",
    "channel": "web",
    "created_at": "2025-03-05 08:07:06",
    "payment_status": "paid",
    "items": [
      {
        "sku": "SKU006",
        "qty": 1,
        "unit_price": 8.0
      }
    ]
  },
  {
    "order_id": "O202503050052",
    "customer_id": "C0388",
    "channel": "web",
    "created_at": "2025-03-05 19:22:30",
    "payment_status": "paid",
    "items": [
      {
        "sku": "SKU037",
        "qty": 4,
        "unit_price": 2.5
      }
    ]
  },
  {
    "order_id": "O202503050053",
    "customer_id": "C0445",
    "channel": "app",
    "created_at": "2025-03-05 21:36:24",
    "payment_status": "paid",
    "items": [
      {
        "sku": "SKU004",
        "qty": 5,
        "unit_price": 9.9
      },
      {
        "sku": "SKU001",
        "qty": 2,
        "unit_price": 2.5
      }
    ]
  },
  {
    "order_id": "O202503050054",
    "customer_id": "C0268",
    "channel": "app",
    "created_at": "2025-03-05 17:34:38",
    "payment_status": "paid",
    "items": [
      {
        "sku": "SKU019",
        "qty": 1,
        "unit_price": 8.0
      }
    ]
  },
  {
    "order_id": "O202503050055",
    "customer_id": "C0030",
    "channel": "web",
    "created_at": "2025-03-05 14:24:48",
    "payment_status": "paid",
    "items": [
      {
        "sku": "SKU022",
        "qty": 3,
        "unit_price": 5.0
      },
      {
        "sku": "SKU044",
        "qty": 3,
        "unit_price": 7.5
      },
      {
        "sku": "SKU038",
        "qty": 5,
        "unit_price": 2.5
      }
    ]
  },
  {
    "order_id": "O202503050056",
    "customer_id": "C0696",
    "channel": "app",
    "created_at": "2025-03-05 16:21:39",
    "payment_status": "paid",
    "items": [
      {
        "sku": "SKU011",
        "qty": 4,
        "unit_price": 9.9
      },
      {
        "sku": "SKU006",
        "qty": 4,
        "unit_price": 24.9
      },
      {
        "sku": "SKU008",
        "qty": 2,
        "unit_price": 19.9
      }
    ]
  },
  {
    "order_id": "O202503050057",
    "customer_id": "C0033",
    "channel": "app",
    "created_at": "2025-03-05 16:40:41",
    "payment_status": "paid",
    "items": [
      {
        "sku": "SKU036",
        "qty": 4,
        "unit_price": 15.0
      },
      {
        "sku": "SKU023",
        "qty": 3,
        "unit_price": 2.5
      },
      {
        "sku": "SKU032",
        "qty": 4,
        "unit_price": 2.5
      },
      {
        "sku": "SKU013",
        "qty": 1,
        "unit_price": 24.9
      }
    ]
  },
  {
    "order_id": "O202503050058",
    "customer_id": "C0561",
    "channel": "web",
    "created_at": "2025-03-05 22:22:59",
    "payment_status": "paid",
    "items": [
      {
        "sku": "SKU026",
        "qty": 1,
        "unit_price": 9.9
      }
    ]
  },
  {
    "order_id": "O202503050059",
    "customer_id": "C0612",
    "channel": "web",
    "created_at": "2025-03-05 10:41:39",
    "payment_status": "paid",
    "items": [
      {
        "sku": "SKU025",
        "qty": 4,
        "unit_price": 19.9
      }
    ]
  },
  {
    "order_id": "O202503050060",
    "customer_id": "C0617",
    "channel": "web",
    "created_at": "2025-03-05 11:02:22",
    "payment_status": "paid",
    "items": [
      {
        "sku": "SKU013",
        "qty": 1,
        "unit_price": 8.0
      },
      {
        "sku": "SKU027",
        "qty": 3,
        "unit_price": 5.0
      }
    ]
  },
  {
    "order_id": "O202503050061",
    "customer_id": "C0595",
    "channel": "app",
    "created_at": "2025-03-05 18:00:07",
    "payment_status": "paid",
    "items": [
      {
        "sku": "SKU039",
        "qty": 5,
        "unit_price": 9.9
      }
    ]
  },
  {
    "order_id": "O202503050062",
    "customer_id": "C0340",
    "channel": "web",
    "created_at": "2025-03-05 11:57:29",
    "payment_status": "pending",
    "items": [
      {
        "sku": "SKU010",
        "qty": 1,
        "unit_price": 4.0
      },
      {
        "sku": "SKU038",
        "qty": 5,
        "unit_price": 12.5
      }
    ]
  },
  {
    "order_id": "O202503050063",
    "customer_id": "C0504",
    "channel": "web",
    "created_at": "2025-03-05 09:20:45",
    "payment_status": "paid",
    "items": [
      {
        "sku": "SKU035",
        "qty": 3,
        "unit_price": 8.0
      },
      {
        "sku": "SKU046",
        "qty": 2,
        "unit_price": 15.0
      },
      {
        "sku": "SKU027",
        "qty": 3,
        "unit_price": 19.9
      },
      {
        "sku": "SKU011",
        "qty": 3,
        "unit_price": 15.0
      }
    ]
  },
  {
    "order_id": "O202503050064",
    "customer_id": "C0389",
    "channel": "web",
    "created_at": "2025-03-05 09:48:17",
    "payment_status": "paid",
    "items": [
      {
        "sku": "SKU050",
        "qty": 3,
        "unit_price": 4.0
      },
      {
        "sku": "SKU032",
        "qty": 2,
        "unit_price": 9.9
      },
      {
        "sku": "SKU046",
        "qty": 5,
        "unit_price": 12.5
      }
    ]
  },
  {
    "order_id": "O202503050065",
    "customer_id": "C0681",
    "channel": "web",
    "created_at": "2025-03-05 13:33:37",
    "payment_status": "paid",
    "items": [
      {
        "sku": "SKU009",
        "qty": 3,
        "unit_price": 8.0
      },
      {
        "sku": "SKU037",
        "qty": 5,
        "unit_price": 15.0
      },
      {
        "sku": "SKU025",
        "qty": 5,
        "unit_price": 2.5
      },
      {
        "sku": "SKU025",
        "qty": 1,
        "unit_price": 8.0
      }
    ]
  },
  {
    "order_id": "O202503050066",
    "customer_id": "C0074",
    "channel": "app",
    "created_at": "2025-03-05 18:10:31",
    "payment_status": "paid",
    "items": [
      {
        "sku": "SKU008",
        "qty": 2,
        "unit_price": 24.9
      },
      {
        "sku": "SKU042",
        "qty": 3,
        "unit_price": 8.0
      },
      {
        "sku": "SKU035",
        "qty": 2,
        "unit_price": 8.0
      },
      {
        "sku": "SKU024",
        "qty": 3,
        "unit_price": 19.9
      }
    ]
  },
  {
    "order_id": "O202503050067",
    "customer_id": "C0586",
    "channel": "app",
    "created_at": "2025-03-05 15:31:27",
    "payment_status": "paid",
    "items": [
      {
        "sku": "SKU004",
        "qty": 3,
        "unit_price": 4.0
      }
    ]
  },
  {
    "order_id": "O202503050068",
    "customer_id": "C0548",
    "channel": "web",
    "created_at": "2025-03-05 08:31:42",
    "payment_status": "paid",
    "items": [
      {
        "sku": "SKU022",
        "qty": 1,
        "unit_price": 24.9
      }
    ]
  },
  {
    "order_id": "O202503050069",
    "customer_id": "C0348",
    "channel": "web",
    "created_at": "2025-03-05 15:38:32",
    "payment_status": "paid",
    "items": [
      {
        "sku": "SKU023",
        "qty": 3,
        "unit_price": 4.0
      }
    ]
  },
  {
    "order_id": "O202503050070",
    "customer_id": "C0126",
    "channel": "app",
    "created_at": "2025-03-05 21:48:15",
    "payment_status": "paid",
    "items": [
      {
        "sku": "SKU047",
        "qty": 5,
        "unit_price": 7.5
      }
    ]
  },
  {
    "order_id": "O202503050071",
    "customer_id": "C0710",
    "channel": "app",
    "created_at": "2025-03-05 13:24:27",
    "payment_status": "paid",
    "items": [
      {
        "sku": "SKU035",
        "qty": 3,
        "unit_price": -7.5
      },
      {
        "sku": "SKU050",
        "qty": 5,
        "unit_price": 24.9
      },
      {
        "sku": "SKU005",
        "qty": 2,
        "unit_price": 9.9
      }
    ]
  },
  {
    "order_id": "O202503050072",
    "customer_id": "C0015",
    "channel": "web",
    "created_at": "2025-03-05 13:36:40",
    "payment_status": "paid",
    "items": [
      {
        "sku": "SKU036",
        "qty": 5,
        "unit_price": 19.9
      },
      {
        "sku": "SKU049",
        "qty": 3,
        "unit_price": 5.0
      },
      {
        "sku": "SKU046",
        "qty": 2,
        "unit_price": 19.9
      }
    ]
  },
  {
    "order_id": "O202503050073",
    "customer_id": "C0645",
    "channel": "app",
    "created_at": "2025-03-05 12:55:21",
    "payment_status": "paid",
    "items": [
      {
        "sku": "SKU048",
        "qty": 2,
        "unit_price": 8.0
      },
      {
        "sku": "SKU035",
        "qty": 1,
        "unit_price": 2.5
      },
      {
        "sku": "SKU021",
        "qty": 1,
        "unit_price": 24.9
      },
      {
        "sku": "SKU023",
        "qty": 4,
        "unit_price": 9.9
      }
    ]
  },
  {
    "order_id": "O202503050074",
    "customer_id": "C0546",
    "channel": "app",
    "created_at": "2025-03-05 13:40:56",
    "payment_status": "paid",
    "items": [
      {
        "sku": "SKU042",
        "qty": 5,
        "unit_price": 15.0
      },
      {
        "sku": "SKU014",
        "qty": 2,
        "unit_price": 19.9
      },
      {
        "sku": "SKU026",
        "qty": 4,
        "unit_price": 2.5
      }
    ]
  },
  {
    "order_id": "O202503050075",
    "customer_id": "C0141",
    "channel": "app",
    "created_at": "2025-03-05 08:41:35",
    "payment_status": "paid",
    "items": [
      {
        "sku": "SKU007",
        "qty": 4,
        "unit_price": 12.5
      },
      {
        "sku": "SKU021",
        "qty": 4,
        "unit_price": 19.9
      },
      {
        "sku": "SKU004",
        "qty": 5,
        "unit_price": 7.5
      },
      {
        "sku": "SKU050",
        "qty": 5,
        "unit_price": 9.9
      }
    ]
  },
  {
    "order_id": "O202503050076",
    "customer_id": "C0356",
    "channel": "web",
    "created_at": "2025-03-05 08:22:43",
    "payment_status": "paid",
    "items": [
      {
        "sku": "SKU028",
        "qty": 2,
        "unit_price": 9.9
      },
      {
        "sku": "SKU008",
        "qty": 3,
        "unit_price": 15.0
      },
      {
        "sku": "SKU046",
        "qty": 3,
        "unit_price": 8.0
      }
    ]
  },
  {
    "order_id": "O202503050077",
    "customer_id": "C0598",
    "channel": "app",
    "created_at": "2025-03-05 18:45:39",
    "payment_status": "paid",
    "items": [
      {
        "sku": "SKU006",
        "qty": 3,
        "unit_price": 4.0
      },
      {
        "sku": "SKU023",
        "qty": 2,
        "unit_price": 24.9
      },
      {
        "sku": "SKU043",
        "qty": 3,
        "unit_price": 7.5
      },
      {
        "sku": "SKU015",
        "qty": 2,
        "unit_price": 5.0
      }
    ]
  },
  {
    "order_id": "O202503050078",
    "customer_id": "C0718",
    "channel": "app",
    "created_at": "2025-03-05 15:05:51",
    "payment_status": "paid",
    "items": [
      {
        "sku": "SKU039",
        "qty": 5,
        "unit_price": 15.0
      },
      {
        "sku": "SKU024",
        "qty": 4,
        "unit_price": 9.9
      },
      {
        "sku": "SKU005",
        "qty": 1,
        "unit_price": 12.5
      },
      {
        "sku": "SKU024",
        "qty": 3,
        "unit_price": 9.9
      }
    ]
  },
  {
    "order_id": "O202503050079",
    "customer_id": "C0259",
    "channel": "web",
    "created_at": "2025-03-05 07:13:55",
    "payment_status": "paid",
    "items": [
      {
        "sku": "SKU024",
        "qty": 4,
        "unit_price": 5.0
      },
      {
        "sku": "SKU002",
        "qty": 2,
        "unit_price": 7.5
      }
    ]
  },
  {
    "order_id": "O202503050080",
    "customer_id": "C0294",
    "channel": "web",
    "created_at": "2025-03-05 15:39:20",
    "payment_status": "paid",
    "items": [
      {
        "sku": "SKU038",
        "qty": 2,
        "unit_price": 19.9
      },
      {
        "sku": "SKU013",
        "qty": 1,
        "unit_price": 8.0
      },
      {
        "sku": "SKU037",
        "qty": 5,
        "unit_price": 8.0
      },
      {
        "sku": "SKU042",
        "qty": 3,
        "unit_price": 2.5
      }
    ]
  },
  {
    "order_id": "O202503050081",
    "customer_id": "C0215",
    "channel": "web",
    "created_at": "2025-03-05 11:35:49",
    "payment_status": "paid",
    "items": [
      {
        "sku": "SKU010",
        "qty": 4,
        "unit_price": 19.9
      }
    ]
  },
  {
    "order_id": "O202503050082",
    "customer_id": "C0668",
    "channel": "app",
    "created_at": "2025-03-05 13:24:11",
    "payment_status": "paid",
    "items": [
      {
        "sku": "SKU004",
        "qty": 2,
        "unit_price": 7.5
      },
      {
        "sku": "SKU003",
        "qty": 5,
        "unit_price": 4.0
      }
    ]
  },
  {
    "order_id": "O202503050083",
    "customer_id": "C0556",
    "channel": "app",
    "created_at": "2025-03-05 22:22:07",
    "payment_status": "paid",
    "items": [
      {
        "sku": "SKU026",
        "qty": 5,
        "unit_price": 2.5
      },
      {
        "sku": "SKU033",
        "qty": 5,
        "unit_price": 2.5
      },
      {
        "sku": "SKU046",
        "qty": 5,
        "unit_price": 9.9
      }
    ]
  },
  {
    "order_id": "O202503050084",
    "customer_id": "C0192",
    "channel": "web",
    "created_at": "2025-03-05 19:59:38",
    "payment_status": "paid",
    "items": [
      {
        "sku": "SKU009",
        "qty": 2,
        "unit_price": 24.9
      }
    ]
  },
  {
    "order_id": "O202503050085",
    "customer_id": "C0399",
    "channel": "web",
    "created_at": "2025-03-05 07:53:10",
    "payment_status": "paid",
    "items": [
      {
        "sku": "SKU034",
        "qty": 2,
        "unit_price": 2.5
      },
      {
        "sku": "SKU032",
        "qty": 1,
        "unit_price": 7.5
      },
      {
        "sku": "SKU031",
        "qty": 1,
        "unit_price": 7.5
      },
      {
        "sku": "SKU005",
        "qty": 5,
        "unit_price": 24.9
      }
    ]
  },
  {
    "order_id": "O202503050086",
    "customer_id": "C0044",
    "channel": "app",
    "created_at": "2025-03-05 21:11:24",
    "payment_status": "paid",
    "items": [
      {
        "sku": "SKU046",
        "qty": 4,
        "unit_price": 24.9
      }
    ]
  },
  {
    "order_id": "O202503050087",
    "customer_id": "C0700",
    "channel": "web",
    "created_at": "2025-03-05 08:25:23",
    "payment_status": "paid",
    "items": [
      {
        "sku": "SKU032",
        "qty": 1,
        "unit_price": 4.0
      },
      {
        "sku": "SKU022",
        "qty": 5,
        "unit_price": 2.5
      },
      {
        "sku": "SKU040",
        "qty": 5,
        "unit_price": 15.0
      }
    ]
  },
  {
    "order_id": "O202503050088",
    "customer_id": "C0299",
    "channel": "web",
    "created_at": "2025-03-05 20:41:53",
    "payment_status": "paid",
    "items": [
      {
        "sku": "SKU001",
        "qty": 2,
        "unit_price": 15.0
      }
    ]
  },
  {
    "order_id": "O202503050089",
    "customer_id": "C0543",
    "channel": "web",
    "created_at": "2025-03-05 11:05:02",
    "payment_status": "paid",
    "items": [
      {
        "sku": "SKU009",
        "qty": 3,
        "unit_price": 12.5
      }
    ]
  },
  {
    "order_id": "O202503050090",
    "customer_id": "C0027",
    "channel": "app",
    "created_at": "2025-03-05 18:46:32",
    "payment_status": "paid",
    "items": [
      {
        "sku": "SKU012",
        "qty": 4,
        "unit_price": 5.0
      },
      {
        "sku": "SKU008",
        "qty": 4,
        "unit_price": 4.0
      },
      {
        "sku": "SKU023",
        "qty": 3,
        "unit_price": 4.0
      },
      {
        "sku": "SKU034",
        "qty": 5,
        "unit_price": 24.9
      }
    ]
  },
  {
    "order_id": "O202503050091",
    "customer_id": "C0768",
    "channel": "web",
    "created_at": "2025-03-05 21:51:12",
    "payment_status": "paid",
    "items": [
      {
        "sku": "SKU012",
        "qty": 2,
        "unit_price": 9.9
      },
      {
        "sku": "SKU047",
        "qty": 2,
        "unit_price": 15.0
      },
      {
        "sku": "SKU032",
        "qty": 4,
        "unit_price": 2.5
      },
      {
        "sku": "SKU015",
        "qty": 4,
        "unit_price": 12.5
      }
    ]
  },
  {
    "order_id": "O202503050092",
    "customer_id": "C0371",
    "channel": "app",
    "created_at": "2025-03-05 22:49:00",
    "payment_status": "paid",
    "items": [
      {
        "sku": "SKU035",
        "qty": 3,
        "unit_price": 5.0
      },
      {
        "sku": "SKU005",
        "qty": 1,
        "unit_price": 7.5
      },
      {
        "sku": "SKU006",
        "qty": 5,
        "unit_price": 5.0
      }
    ]
  },
  {
    "order_id": "O202503050093",
    "customer_id": "C0279",
    "channel": "web",
    "created_at": "2025-03-05 17:11:42",
    "payment_status": "paid",
    "items": [
      {
        "sku": "SKU036",
        "qty": 2,
        "unit_price": 24.9
      },
      {
        "sku": "SKU043",
        "qty": 5,
        "unit_price": 2.5
      },
      {
        "sku": "SKU006",
        "qty": 5,
        "unit_price": 15.0
      },
      {
        "sku": "SKU048",
        "qty": 5,
        "unit_price": 5.0
      }
    ]
  },
  {
    "order_id": "O202503050094",
    "customer_id": "C0622",
    "channel": "web",
    "created_at": "2025-03-05 12:26:11",
    "payment_status": "paid",
    "items": [
      {
        "sku": "SKU034",
        "qty": 4,
        "unit_price": 2.5
      }
    ]
  },
  {
    "order_id": "O202503050095",
    "customer_id": "C0479",
    "channel": "web",
    "created_at": "2025-03-05 07:48:33",
    "payment_status": "paid",
    "items": [
      {
        "sku": "SKU017",
        "qty": 4,
        "unit_price": 4.0
      },
      {
        "sku": "SKU043",
        "qty": 2,
        "unit_price": 5.0
      },
      {
        "sku": "SKU011",
        "qty": 1,
        "unit_price": 9.9
      },
      {
        "sku": "SKU047",
        "qty": 3,
        "unit_price": 19.9
      }
    ]
  },
  {
    "order_id": "O202503050096",
    "customer_id": "C0133",
    "channel": "web",
    "created_at": "2025-03-05 13:04:02",
    "payment_status": "paid",
    "items": [
      {
        "sku": "SKU013",
        "qty": 3,
        "unit_price": 2.5
      },
      {
        "sku": "SKU014",
        "qty": 3,
        "unit_price": 9.9
      }
    ]
  },
  {
    "order_id": "O202503050097",
    "customer_id": "C0483",
    "channel": "web",
    "created_at": "2025-03-05 11:22:28",
    "payment_status": "pending",
    "items": [
      {
        "sku": "SKU050",
        "qty": 5,
        "unit_price": 4.0
      },
      {
        "sku": "SKU005",
        "qty": 2,
        "unit_price": 24.9
      },
      {
        "sku": "SKU011",
        "qty": 2,
        "unit_price": 7.5
      },
      {
        "sku": "SKU015",
        "qty": 2,
        "unit_price": 9.9
      }
    ]
  },
  {
    "order_id": "O202503050098",
    "customer_id": "C0333",
    "channel": "app",
    "created_at": "2025-03-05 09:49:23",
    "payment_status": "paid",
    "items": [
      {
        "sku": "SKU024",
        "qty": 3,
        "unit_price": 19.9
      }
    ]
  },
  {
    "order_id": "O202503050099",
    "customer_id": "C0245",
    "channel": "app",
    "created_at": "2025-03-05 19:37:46",
    "payment_status": "paid",
    "items": [
      {
        "sku": "SKU015",
        "qty": 3,
        "unit_price": 2.5
      },
      {
        "sku": "SKU035",
        "qty": 3,
        "unit_price": 4.0
      }
    ]
  },
  {
    "order_id": "O202503050100",
    "customer_id": "C0489",
    "channel": "web",
    "created_at": "2025-03-05 22:35:47",
    "payment_status": "failed",
    "items": [
      {
        "sku": "SKU017",
        "qty": 5,
        "unit_price": 8.0
      },
      {
        "sku": "SKU011",
        "qty": 2,
        "unit_price": 15.0
      }
    ]
  },
  {
    "order_id": "O202503050047",
    "customer_id": "C0186",
    "channel": "web",
    "created_at": "2025-03-05 12:09:17",
    "payment_status": "paid",
    "items": [
      {
        "sku": "SKU007",
        "qty": 1,
        "unit_price": 4.0
      },
      {
        "sku": "SKU011",
        "qty": 2,
        "unit_price": 4.0
      },
      {
        "sku": "SKU004",
        "qty": 3,
        "unit_price": 4.0
      },
      {
        "sku": "SKU050",
        "qty": 4,
        "unit_price": 19.9
      }
    ]
  },
  {
    "order_id": "O202503050096",
    "customer_id": "C0133",
    "channel": "web",
    "created_at": "2025-03-05 13:04:02",
    "payment_status": "paid",
    "items": [
      {
        "sku": "SKU013",
        "qty": 3,
        "unit_price": 2.5
      },
      {
        "sku": "SKU014",
        "qty": 3,
        "unit_price": 9.9
      }
    ]
  },
  {
    "order_id": "O202503050001",
    "customer_id": "C0618",
    "channel": "web",
    "created_at": "2025-03-05 18:31:54",
    "payment_status": "pending",
    "items": [
      {
        "sku": "SKU005",
        "qty": 4,
        "unit_price": 4.0
      },
      {
        "sku": "SKU046",
        "qty": 2,
        "unit_price": 19.9
      },
      {
        "sku": "SKU043",
        "qty": 2,
        "unit_price": 7.5
      },
      {
        "sku": "SKU015",
        "qty": 3,
        "unit_price": 2.5
      }
    ]
  }
]