[
  {
    "order_id": "O202503040001",
    "customer_id": "C0498",
    "channel": "app",
    "created_at": "2025-03-04 10:01:59",
    "payment_status": "paid",
    "items": [
      {
        "sku": "SKU050",
        "qty": 5,
        "unit_price": 4.0
      }
    ]
  },
  {
    "order_id": "O202503040002",
    "customer_id": "C0223",
    "channel": "web",
    "created_at": "2025-03-04 16:40:46",
    "payment_status": "paid",
    "items": [
      {
        "sku": "SKU042",
        "qty": 3,
        "unit_price": 9.9
      },
      {
        "sku": "SKU005",
        "qty": 2,
        "unit_price": 8.0
      }
    ]
  },
  {
    "order_id": "O202503040003",
    "customer_id": "C0564",
    "channel": "web",
    "created_at": "2025-03-04 10:03:53",
    "payment_status": "paid",
    "items": [
      {
        "sku": "SKU016",
        "qty": 2,
        "unit_price": 4.0
      },
      {
        "sku": "SKU006",
        "qty": 3,
        "unit_price": 15.0
      }
    ]
  },
  {
    "order_id": "O202503040004",
    "customer_id": "C0001",
    "channel": "app",
    "created_at": "2025-03-04 16:58:29",
    "payment_status": "paid",
    "items": [
      {
        "sku": "SKU047",
        "qty": 4,
        "unit_price": 4.0
      },
      {
        "sku": "SKU001",
        "qty": 1,
        "unit_price": 9.9
      }
    ]
  },
  {
    "order_id": "O202503040005",
    "customer_id": "C0464",
    "channel": "web",
    "created_at": "2025-03-04 22:49:01",
    "payment_status": "paid",
    "items": [
      {
        "sku": "SKU003",
        "qty": 3,
        "unit_price": 12.5
      },
      {
        "sku": "SKU035",
        "qty": 4,
        "unit_price": 7.5
      },
      {
        "sku": "SKU005",
        "qty": 5,
        "unit_price": 19.9
      }
    ]
  },
  {
    "order_id": "O202503040006",
    "customer_id": "C0694",
    "channel": "app",
    "created_at": "2025-03-04 20:37:49",
    "payment_status": "paid",
    "items": [
      {
        "sku": "SKU012",
        "qty": 4,
        "unit_price": 12.5
      },
      {
        "sku": "SKU004",
        "qty": 5,
        "unit_price": 7.5
      },
      {
        "sku": "SKU037",
        "qty": 2,
        "unit_price": 19.9
      }
    ]
  },
  {
    "order_id": "O202503040007",
    "customer_id": "C0122",
    "channel": "web",
    "created_at": "2025-03-04 09:43:23",
    "payment_status": "paid",
    "items": [
      {
        "sku": "SKU017",
        "qty": 4,
        "unit_price": 5.0
      }
    ]
  },
  {
    "order_id": "O202503040008",
    "customer_id": "C0482",
    "channel": "web",
    "created_at": "2025-03-04 11:55:19",
    "payment_status": "paid",
    "items": [
      {
        "sku": "SKU042",
        "qty": 4,
        "unit_price": 2.5
      },
      {
        "sku": "SKU002",
        "qty": 4,
        "unit_price": 15.0
      }
    ]
  },
  {
    "order_id": "O202503040009",
    "customer_id": "C0533",
    "channel": "web",
    "created_at": "2025-03-04 14:21:04",
    "payment_status": "paid",
    "items": [
      {
        "sku": "SKU019",
        "qty": 1,
        "unit_price": 8.0
      }
    ]
  },
  {
    "order_id": "O202503040010",
    "customer_id": "C0559",
    "channel": "web",
    "created_at": "2025-03-04 12:07:05",
    "payment_status": "pending",
    "items": [
      {
        "sku": "SKU002",
        "qty": 3,
        "unit_price": 5.0
      },
      {
        "sku": "SKU041",
        "qty": 5,
        "unit_price": 12.5
      },
      {
        "sku": "SKU008",
        "qty": 5,
        "unit_price": 15.0
      }
    ]
  },
  {
    "order_id": "O202503040011",
    "customer_id": "C0455",
    "channel": "app",
    "created_at": "2025-03-04 19:06:27",
    "payment_status": "paid",
    "items": [
      {
        "sku": "SKU021",
        "qty": 4,
        "unit_price": 12.5
      },
      {
        "sku": "SKU049",
        "qty": 5,
        "unit_price": 8.0
      }
    ]
  },
  {
    "order_id": "O202503040012",
    "customer_id": "C0601",
    "channel": "web",
    "created_at": "2025-03-04 08:41:28",
    "payment_status": "paid",
    "items": [
      {
        "sku": "SKU029",
        "qty": 4,
        "unit_price": 24.9
      },
      {
        "sku": "SKU010",
        "qty": 5,
        "unit_price": 19.9
      }
    ]
  },
  {
    "order_id": "O202503040013",
    "customer_id": "C0153",
    "channel": "web",
    "created_at": "2025-03-04 15:57:53",
    "payment_status": "paid",
    "items": [
      {
        "sku": "SKU027",
        "qty": 1,
        "unit_price": 2.5
      }
    ]
  },
  {
    "order_id": "O202503040014",
    "customer_id": "C0680",
    "channel": "web",
    "created_at": "2025-03-04 16:58:37",
    "payment_status": "paid",
    "items": [
      {
        "sku": "SKU007",
        "qty": 4,
        "unit_price": 8.0
      }
    ]
  },
  {
    "order_id": "O202503040015",
    "customer_id": "C0020",
    "channel": "web",
    "created_at": "2025-03-04 19:23:08",
    "payment_status": "paid",
    "items": [
      {
        "sku": "SKU002",
        "qty": 2,
        "unit_price": 19.9
      }
    ]
  },
  {
    "order_id": "O202503040016",
    "customer_id": "C0084",
    "channel": "web",
    "created_at": "2025-03-04 09:35:12",
    "payment_status": "paid",
    "items": [
      {
        "sku": "SKU019",
        "qty": 4,
        "unit_price": 15.0
      },
      {
        "sku": "SKU016",
        "qty": 3,
        "unit_price": 2.5
      }
    ]
  },
  {
    "order_id": "O202503040017",
    "customer_id": "C0100",
    "channel": "web",
    "created_at": "2025-03-04 20:19:38",
    "payment_status": "paid",
    "items": [
      {
        "sku": "SKU028",
        "qty": 1,
        "unit_price": 24.9
      }
    ]
  },
  {
    "order_id": "O202503040018",
    "customer_id": "C0602",
    "channel": "web",
    "created_at": "2025-03-04 15:43:31",
    "payment_status": "paid",
    "items": [
      {
        "sku": "SKU002",
        "qty": 3,
        "unit_price": 15.0
      },
      {
        "sku": "SKU020",
        "qty": 5,
        "unit_price": 8.0
      },
      {
        "sku": "SKU033",
        "qty": 1,
        "unit_price": 4.0
      },
      {
        "sku": "SKU032",
        "qty": 3,
        "unit_price": 7.5
      }
    ]
  },
  {
    "order_id": "O202503040019",
    "customer_id": "C0325",
    "channel": "web",
    "created_at": "2025-03-04 16:46:19",
    "payment_status": "paid",
    "items": [
      {
        "sku": "SKU033",
        "qty": 3,
        "unit_price": 24.9
      },
      {
        "sku": "SKU016",
        "qty": 4,
        "unit_price": 15.0
      },
      {
        "sku": "SKU040",
        "qty": 2,
        "unit_price": 5.0
      },
      {
        "sku": "SKU042",
        "qty": 2,
        "unit_price": 19.9
      }
    ]
  },
  {
    "order_id": "O202503040020",
    "customer_id": "C0264",
    "channel": "web",
    "created_at": "2025-03-04 12:23:16",
    "payment_status": "paid",
    "items": [
      {
        "sku": "SKU030",
        "qty": 2,
        "unit_price": 4.0
      },
      {
        "sku": "SKU007",
        "qty": 2,
        "unit_price": 15.0
      },
      {
        "sku": "SKU034",
        "qty": 4,
        "unit_price": 2.5
      },
      {
        "sku": "SKU026",
        "qty": 4,
        "unit_price": 12.5
      }
    ]
  },
  {
    "order_id": "O202503040021",
    "customer_id": "C0683",
    "channel": "app",
    "created_at": "2025-03-04 16:25:42",
    "payment_status": "paid",
    "items": [
      {
        "sku": "SKU013",
        "qty": 4,
        "unit_price": 5.0
      },
      {
        "sku": "SKU050",
        "qty": 3,
        "unit_price": 19.9
      },
      {
        "sku": "SKU006",
        "qty": 2,
        "unit_price": 4.0
      },
      {
        "sku": "SKU012",
        "qty": 3,
        "unit_price": 8.0
      }
    ]
  },
  {
    "order_id": "O202503040022",
    "customer_id": "C0471",
    "channel": "app",
    "created_at": "2025-03-04 22:21:19",
    "payment_status": "paid",
    "items": [
      {
        "sku": "SKU035",
        "qty": 2,
        "unit_price": 5.0
      },
      {
        "sku": "SKU037",
        "qty": 5,
        "unit_price": 7.5
      }
    ]
  },
  {
    "order_id": "O202503040023",
    "customer_id": "C0105",
    "channel": "web",
    "created_at": "2025-03-04 11:09:45",
    "payment_status": "paid",
    "items": [
      {
        "sku": "SKU019",
        "qty": 3,
        "unit_price": 4.0
      },
      {
        "sku": "SKU026",
        "qty": 1,
        "unit_price": 12.5
      },
      {
        "sku": "SKU030",
        "qty": 1,
        "unit_price": 15.0
      }
    ]
  },
  {
    "order_id": "O202503040024",
    "customer_id": "C0385",
    "channel": "app",
    "created_at": "2025-03-04 07:06:14",
    "payment_status": "paid",
    "items": [
      {
        "sku": "SKU002",
        "qty": 5,
        "unit_price": 4.0
      },
      {
        "sku": "SKU027",
        "qty": 5,
        "unit_price": 19.9
      }
    ]
  },
  {
    "order_id": "O202503040025",
    "customer_id": "C0460",
    "channel": "web",
    "created_at": "2025-03-04 16:13:03",
    "payment_status": "paid",
    "items": [
      {
        "sku": "SKU049",
        "qty": 5,
        "unit_price": 2.5
      }
    ]
  },
  {
    "order_id": "O202503040026",
    "customer_id": "C0601",
    "channel": "web",
    "created_at": "2025-03-04 22:35:09",
    "payment_status": "paid",
    "items": [
      {
        "sku": "SKU018",
        "qty": 3,
        "unit_price": 12.5
      },
      {
        "sku": "SKU006",
        "qty": 5,
        "unit_price": 9.9
      },
      {
        "sku": "SKU013",
        "qty": 3,
        "unit_price": 24.9
      },
      {
        "sku": "SKU004",
        "qty": 5,
        "unit_price": 9.9
      }
    ]
  },
  {
    "order_id": "O202503040027",
    "customer_id": "C0040",
    "channel": "app",
    "created_at": "2025-03-04 17:16:45",
    "payment_status": "pending",
    "items": [
      {
        "sku": "SKU028",
        "qty": 5,
        "unit_price": 15.0
      },
      {
        "sku": "SKU030",
        "qty": 5,
        "unit_price": 9.9
      },
      {
        "sku": "SKU045",
        "qty": 5,
        "unit_price": 5.0
      }
    ]
  },
  {
    "order_id": "O202503040028",
    "customer_id": "C0255",
    "channel": "app",
    "created_at": "2025-03-04 11:13:08",
    "payment_status": "paid",
    "items": [
      {
        "sku": "SKU013",
        "qty": 3,
        "unit_price": 15.0
      },
      {
        "sku": "SKU003",
        "qty": 2,
        "unit_price": 2.5
      },
      {
        "sku": "SKU005",
        "qty": 1,
        "unit_price": 15.0
      }
    ]
  },
  {
    "order_id": "O202503040029",
    "customer_id": "C0493",
    "channel": "web",
    "created_at": "2025-03-04 20:32:05",
    "payment_status": "paid",
    "items": [
      {
        "sku": "SKU050",
        "qty": 1,
        "unit_price": 24.9
      },
      {
        "sku": "SKU022",
        "qty": 3,
        "unit_price": 15.0
      }
    ]
  },
  {
    "order_id": "O202503040030",
    "customer_id": "C0059",
    "channel": "app",
    "created_at": "2025-03-04 07:20:02",
    "payment_status": "paid",
    "items": [
      {
        "sku": "SKU015",
        "qty": 3,
        "unit_price": 2.5
      },
      {
        "sku": "SKU004",
        "qty": 4,
        "unit_price": 15.0
      }
    ]
  },
  {
    "order_id": "O202503040031",
    "customer_id": "C0383",
    "channel": "app",
    "created_at": "2025-03-04 10:37:24",
    "payment_status": "paid",
    "items": [
      {
        "sku": "SKU025",
        "qty": 3,
        "unit_price": 12.5
      }
    ]
  },
  {
    "order_id": "O202503040032",
    "customer_id": "C0068",
    "channel": "web",
    "created_at": "2025-03-04 22:34:33",
    "payment_status": "paid",
    "items": [
      {
        "sku": "SKU007",
        "qty": 4,
        "unit_price": 4.0
      },
      {
        "sku": "SKU028",
        "qty": 5,
        "unit_price": 24.9
      },
      {
        "sku": "SKU047",
        "qty": 5,
        "unit_price": 15.0
      },
      {
        "sku": "SKU049",
        "qty": 3,
        "unit_price": 2.5
      }
    ]
  },
  {
    "order_id": "O202503040033",
    "customer_id": "C0432",
    "channel": "app",
    "created_at": "2025-03-04 15:42:58",
    "payment_status": "paid",
    "items": [
      {
        "sku": "SKU023",
        "qty": 5,
        "unit_price": 15.0
      },
      {
        "sku": "SKU019",
        "qty": 5,
        "unit_price": 24.9
      }
    ]
  },
  {
    "order_id": "O202503040034",
    "customer_id": "C0315",
    "channel": "app",
    "created_at": "2025-03-04 14:59:52",
    "payment_status": "paid",
    "items": [
      {
        "sku": "SKU028",
        "qty": 4,
        "unit_price": 19.9
      }
    ]
  },
  {
    "order_id": "O202503040035",
    "customer_id": "C0595",
    "channel": "app",
    "created_at": "2025-03-04 11:39:46",
    "payment_status": "paid",
    "items": [
      {
        "sku": "SKU046",
        "qty": 3,
        "unit_price": 2.5
      }
    ]
  },
  {
    "order_id": "O202503040036",
    "customer_id": "C0727",
    "channel": "web",
    "created_at": "2025-03-04 08:48:50",
    "payment_status": "paid",
    "items": [
      {
        "sku": "SKU017",
        "qty": 2,
        "unit_price": 12.5
      },
      {
        "sku": "SKU048",
        "qty": 5,
        "unit_price": 24.9
      }
    ]
  },
  {
    "order_id": "O202503040037",
    "customer_id": "C0630",
    "channel": "web",
    "created_at": "2025-03-04 11:51:49",
    "payment_status": "paid",
    "items": [
      {
        "sku": "SKU034",
        "qty": 4,
        "unit_price": 9.9
      },
      {
        "sku": "SKU029",
        "qty": 2,
        "unit_price": 19.9
      },
      {
        "sku": "SKU019",
        "qty": 3,
        "unit_price": 2.5
      },
      {
        "sku": "SKU032",
        "qty": 1,
        "unit_price": 4.0
      }
    ]
  },
  {
    "order_id": "O202503040038",
    "customer_id": "C0001",
    "channel": "web",
    "created_at": "2025-03-04 19:53:35",
    "payment_status": "paid",
    "items": [
      {
        "sku": "SKU022",
        "qty": 1,
        "unit_price": 5.0
      },
      {
        "sku": "SKU020",
        "qty": 5,
        "unit_price": 2.5
      },
      {
        "sku": "SKU008",
        "qty": 4,
        "unit_price": 19.9
      }
    ]
  },
  {
    "order_id": "O202503040039",
    "customer_id": "C0499",
    "channel": "app",
    "created_at": "2025-03-04 10:13:56",
    "payment_status": "paid",
    "items": [
      {
        "sku": "SKU001",
        "qty": 1,
        "unit_price": 8.0
      },
      {
        "sku": "SKU050",
        "qty": 2,
        "unit_price": 15.0
      }
    ]
  },
  {
    "order_id": "O202503040040",
    "customer_id": "C0336",
    "channel": "app",
    "created_at": "2025-03-04 11:58:11",
    "payment_status": "paid",
    "items": [
      {
        "sku": "SKU044",
        "qty": 5,
        "unit_price": 15.0
      },
      {
        "sku": "SKU017",
        "qty": 5,
        "unit_price": 19.9
      }
    ]
  },
  {
    "order_id": "O202503040041",
    "customer_id": "C0630",
    "channel": "web",
    "created_at": "2025-03-04 18:56:09",
    "payment_status": "paid",
    "items": [
      {
        "sku": "SKU013",
        "qty": 3,
        "unit_price": 2.5
      }
    ]
  },
  {
    "order_id": "O202503040042",
    "customer_id": "C0101",
    "channel": "app",
    "created_at": "2025-03-04 16:58:49",
    "payment_status": "paid",
    "items": [
      {
        "sku": "SKU029",
        "qty": 1,
        "unit_price": 4.0
      },
      {
        "sku": "SKU012",
        "qty": 2,
        "unit_price": 7.5
      }
    ]
  },
  {
    "order_id": "O202503040043",
    "customer_id": "C0771",
    "channel": "app",
    "created_at": "2025-03-04 07:05:58",
    "payment_status": "paid",
    "items": [
      {
        "sku": "SKU009",
        "qty": 2,
        "unit_price": 15.0
      }
    ]
  },
  {
    "order_id": "O202503040044",
    "customer_id": "C0420",
    "channel": "app",
    "created_at": "2025-03-04 21:07:01",
    "payment_status": "paid",
    "items": [
      {
        "sku": "SKU016",
        "qty": 5,
        "unit_price": 12.5
      },
      {
        "sku": "SKU030",
        "qty": 5,
        "unit_price": 9.9
      }
    ]
  },
  {
    "order_id": "O202503040045",
    "customer_id": "C0131",
    "channel": "app",
    "created_at": "2025-03-04 19:04:18",
    "payment_status": "paid",
    "items": [
      {
        "sku": "SKU048",
        "qty": 1,
        "unit_price": 7.5
      },
      {
        "sku": "SKU029",
        "qty": 3,
        "unit_price": 7.5
      },
      {
        "sku": "SKU041",
        "qty": 4,
        "unit_price": 8.0
      }
    ]
  },
  {
    "order_id": "O202503040046",
    "customer_id": "C0092",
    "channel": "app",
    "created_at": "2025-03-04 10:28:04",
    "payment_status": "paid",
    "items": [
      {
        "sku": "SKU017",
        "qty": 4,
        "unit_price": 8.0
      },
      {
        "sku": "SKU015",
        "qty": 5,
        "unit_price": 5.0
      },
      {
        "sku": "SKU013",
        "qty": 1,
        "unit_price": 15.0
      },
      {
        "sku": "SKU022",
        "qty": 4,
        "unit_price": 4.0
      }
    ]
  },
  {
    "order_id": "O202503040047",
    "customer_id": "C0741",
    "channel": "web",
    "created_at": "2025-03-04 09:59:25",
    "payment_status": "paid",
    "items": [
      {
        "sku": "SKU027",
        "qty": 5,
        "unit_price": 5.0
      },
      {
        "sku": "SKU029",
        "qty": 4,
        "unit_price": 8.0
      },
      {
        "sku": "SKU050",
        "qty": 5,
        "unit_price": 15.0
      }
    ]
  },
  {
    "order_id": "O202503040048",
    "customer_id": "C0637",
    "channel": "web",
    "created_at": "2025-03-04 11:11:58",
    "payment_status": "paid",
    "items": [
      {
        "sku": "SKU046",
        "qty": 1,
        "unit_price": 8.0
      },
      {
        "sku": "SKU032",
        "qty": 3,
        "unit_price": 7.5
      },
      {
        "sku": "SKU002",
        "qty": 4,
        "unit_price": 12.5
      },
      {
        "sku": "SKU045",
        "qty": 1,
        "unit_price": 4.0
      }
    ]
  },
  {
    "order_id": "O202503040049",
    "customer_id": "C0227",
    "channel": "app",
    "created_at": "2025-03-04 16:24:12",
    "payment_status": "paid",
    "items": [
      {
        "sku": "SKU041",
        "qty": 4,
        "unit_price": 9.9
      },
      {
        "sku": "SKU015",
        "qty": 1,
        "unit_price": 8.0
      },
      {
        "sku": "SKU038",
        "qty": 4,
        "unit_price": 12.5
      },
      {
        "sku": "SKU037",
        "qty": 4,
        "unit_price": 5.0
      }
    ]
  },
  {
    "order_id": "O202503040050",
    "customer_id": "C0642",
    "channel": "app",
    "created_at": "2025-03-04 20:21:16",
    "payment_status": "paid",
    "items": [
      {
        "sku": "SKU047",
        "qty": 4,
        "unit_price": 2.5
      },
      {
        "sku": "SKU037",
        "qty": 5,
        "unit_price": 7.5
      },
      {
        "sku": "SKU011",
        "qty": 1,
        "unit_price": 9.9
      },
      {
        "sku": "SKU006",
        "qty": 2,
        "unit_price": 7.5
      }
    ]
  },
  {
    "order_id": "O202503040051",
    "customer_id": "C0306",
    "channel": "web",
    "created_at": "2025-03-04 21:57:34",
    "payment_status": "paid",
    "items": [
      {
        "sku": "SKU047",
        "qty": 1,
        "unit_price": 5.0
      }
    ]
  },
  {
    "order_id": "O202503040052",
    "customer_id": "C0706",
    "channel": "app",
    "created_at": "2025-03-04 09:24:09",
    "payment_status": "paid",
    "items": [
      {
        "sku": "SKU005",
        "qty": 2,
        "unit_price": 19.9
      },
      {
        "sku": "SKU028",
        "qty": 2,
        "unit_price": 4.0
      },
      {
        "sku": "SKU032",
        "qty": 3,
        "unit_price": 2.5
      }
    ]
  },
  {
    "order_id": "O202503040053",
    "customer_id": "C0413",
    "channel": "app",
    "created_at": "2025-03-04 15:23:28",
    "payment_status": "paid",
    "items": [
      {
        "sku": "SKU030",
        "qty": 2,
        "unit_price": 5.0
      },
      {
        "sku": "SKU030",
        "qty": 3,
        "unit_price": 5.0
      }
    ]
  },
  {
    "order_id": "O202503040054",
    "customer_id": "C0670",
    "channel": "web",
    "created_at": "2025-03-04 19:48:35",
    "payment_status": "paid",
    "items": [
      {
        "sku": "SKU024",
        "qty": 3,
        "unit_price": 19.9
      },
      {
        "sku": "SKU007",
        "qty": 5,
        "unit_price": 9.9
      },
      {
        "sku": "SKU040",
        "qty": 3,
        "unit_price": -2.5
      }
    ]
  },
  {
    "order_id": "O202503040055",
    "customer_id": "C0708",
    "channel": "app",
    "created_at": "2025-03-04 20:50:40",
    "payment_status": "pending",
    "items": [
      {
        "sku": "SKU032",
        "qty": 2,
        "unit_price": 24.9
      },
      {
        "sku": "SKU020",
        "qty": 2,
        "unit_price": 9.9
      },
      {
        "sku": "SKU031",
        "qty": 5,
        "unit_price": 9.9
      }
    ]
  },
  {
    "order_id": "O202503040056",
    "customer_id": "C0388",
    "channel": "web",
    "created_at": "2025-03-04 09:55:00",
    "payment_status": "paid",
    "items": [
      {
        "sku": "SKU041",
        "qty": 3,
        "unit_price": 15.0
      },
      {
        "sku": "SKU042",
        "qty": 5,
        "unit_price": 24.9
      },
      {
        "sku": "SKU032",
        "qty": 1,
        "unit_price": 15.0
      },
      {
        "sku": "SKU014",
        "qty": 3,
        "unit_price": 15.0
      }
    ]
  },
  {
    "order_id": "O202503040057",
    "customer_id": "C0712",
    "channel": "web",
    "created_at": "2025-03-04 15:18:42",
    "payment_status": "paid",
    "items": [
      {
        "sku": "SKU047",
        "qty": 5,
        "unit_price": 7.5
      },
      {
        "sku": "SKU032",
        "qty": 5,
        "unit_price": 5.0
      },
      {
        "sku": "SKU013",
        "qty": 3,
        "unit_price": 12.5
      },
      {
        "sku": "SKU007",
        "qty": 3,
        "unit_price": 9.9
      }
    ]
  },
  {
    "order_id": "O202503040058",
    "customer_id": "C0198",
    "channel": "app",
    "created_at": "2025-03-04 11:11:26",
    "payment_status": "pending",
    "items": [
      {
        "sku": "SKU024",
        "qty": 5,
        "unit_price": 5.0
      }
    ]
  },
  {
    "order_id": "O202503040059",
    "customer_id": "C0311",
    "channel": "app",
    "created_at": "2025-03-04 15:48:32",
    "payment_status": "paid",
    "items": [
      {
        "sku": "SKU019",
        "qty": 5,
        "unit_price": 9.9
      },
      {
        "sku": "SKU047",
        "qty": 1,
        "unit_price": 7.5
      },
      {
        "sku": "SKU021",
        "qty": 2,
        "unit_price": 12.5
      },
      {
        "sku": "SKU022",
        "qty": 1,
        "unit_price": 8.0
      }
    ]
  },
  {
    "order_id": "O202503040060",
    "customer_id": "C0526",
    "channel": "web",
    "created_at": "2025-03-04 15:08:13",
    "payment_status": "paid",
    "items": [
      {
        "sku": "SKU022",
        "qty": 1,
        "unit_price": 19.9
      },
      {
        "sku": "SKU017",
        "qty": 1,
        "unit_price": 24.9
      },
      {
        "sku": "SKU032",
        "qty": 3,
        "unit_price": 9.9
      }
    ]
  },
  {
    "order_id": "O202503040061",
    "customer_id": "C0793",
    "channel": "app",
    "created_at": "2025-03-04 08:21:26",
    "payment_status": "paid",
    "items": [
      {
        "sku": "SKU031",
        "qty": 4,
        "unit_price": 9.9
      },
      {
        "sku": "SKU016",
        "qty": 3,
        "unit_price": 24.9
      }
    ]
  },
  {
    "order_id": "O202503040062",
    "customer_id": "C0242",
    "channel": "web",
    "created_at": "2025-03-04 14:56:15",
    "payment_status": "paid",
    "items": [
      {
        "sku": "SKU009",
        "qty": 5,
        "unit_price": 15.0
      },
      {
        "sku": "SKU032",
        "qty": 3,
        "unit_price": 2.5
      }
    ]
  },
  {
    "order_id": "O202503040063",
    "customer_id": "C0642",
    "channel": "web",
    "created_at": "2025-03-04 14:27:33",
    "payment_status": "paid",
    "items": [
      {
        "sku": "SKU046",
        "qty": 3,
        "unit_price": 2.5
      }
    ]
  },
  {
    "order_id": "O202503040064",
    "customer_id": "C0358",
    "channel": "web",
    "created_at": "2025-03-04 10:31:09",
    "payment_status": "paid",
    "items": [
      {
        "sku": "SKU034",
        "qty": 5,
        "unit_price": 5.0
      }
    ]
  },
  {
    "order_id": "O202503040065",
    "customer_id": "C0130",
    "channel": "app",
    "created_at": "2025-03-04 16:13:37",
    "payment_status": "failed",
    "items": [
      {
        "sku": "SKU006",
        "qty": 4,
        "unit_price": 9.9
      },
      {
        "sku": "SKU014",
        "qty": 3,
        "unit_price": 2.5
      },
      {
        "sku": "SKU032",
        "qty": 2,
        "unit_price": 7.5
      },
      {
        "sku": "SKU008",
        "qty": 4,
        "unit_price": 7.5
      }
    ]
  },
  {
    "order_id": "O202503040066",
    "customer_id": "C0103",
    "channel": "app",
    "created_at": "2025-03-04 17:09:06",
    "payment_status": "paid",
    "items": [
      {
        "sku": "SKU044",
        "qty": 1,
        "unit_price": 12.5
      },
      {
        "sku": "SKU035",
        "qty": 1,
        "unit_price": 8.0
      },
      {
        "sku": "SKU025",
        "qty": 4,
        "unit_price": 15.0
      }
    ]
  },
  {
    "order_id": "O202503040067",
    "customer_id": "C0351",
    "channel": "web",
    "created_at": "2025-03-04 16:52:34",
    "payment_status": "paid",
    "items": [
      {
        "sku": "SKU012",
        "qty": 1,
        "unit_price": 7.5
      },
      {
        "sku": "SKU044",
        "qty": 5,
        "unit_price": 12.5
      },
      {
        "sku": "SKU047",
        "qty": 1,
        "unit_price": 4.0
      },
      {
        "sku": "SKU047",
        "qty": 1,
        "unit_price": 24.9
      }
    ]
  },
  {
    "order_id": "O202503040068",
    "customer_id": "C0540",
    "channel": "app",
    "created_at": "2025-03-04 22:28:38",
    "payment_status": "paid",
    "items": [
      {
        "sku": "SKU002",
        "qty": 4,
        "unit_price": 24.9
      },
      {
        "sku": "SKU003",
        "qty": 3,
        "unit_price": 5.0
      },
      {
        "sku": "SKU014",
        "qty": 2,
        "unit_price": 7.5
      }
    ]
  },
  {
    "order_id": "O202503040069",
    "customer_id": "C0652",
    "channel": "app",
    "created_at": "2025-03-04 15:08:31",
    "payment_status": "paid",
    "items": [
      {
        "sku": "SKU028",
        "qty": 4,
        "unit_price": 2.5
      }
    ]
  },
  {
    "order_id": "O202503040070",
    "customer_id": "C0107",
    "channel": "web",
    "created_at": "2025-03-04 22:37:53",
    "payment_status": "pending",
    "items": [
      {
        "sku": "SKU045",
        "qty": 2,
        "unit_price": 15.0
      },
      {
        "sku": "SKU012",
        "qty": 2,
        "unit_price": 19.9
      },
      {
        "sku": "SKU009",
        "qty": 5,
        "unit_price": 12.5
      },
      {
        "sku": "SKU006",
        "qty": 2,
        "unit_price": 4.0
      }
    ]
  },
  {
    "order_id": "O202503040071",
    "customer_id": "C0664",
    "channel": "web",
    "created_at": "2025-03-04 18:36:06",
    "payment_status": "paid",
    "items": [
      {
        "sku": "SKU009",
        "qty": 1,
        "unit_price": 4.0
      },
      {
        "sku": "SKU021",
        "qty": 2,
        "unit_price": 4.0
      }
    ]
  },
  {
    "order_id": "O202503040072",
    "customer_id": "C0186",
    "channel": "app",
    "created_at": "2025-03-04 08:05:58",
    "payment_status": "paid",
    "items": [
      {
        "sku": "SKU049",
        "qty": 4,
        "unit_price": 8.0
      },
      {
        "sku": "SKU041",
        "qty": 2,
        "unit_price": 5.0
      }
    ]
  },
  {
    "order_id": "O202503040073",
    "customer_id": "C0610",
    "channel": "web",
    "created_at": "2025-03-04 21:49:30",
    "payment_status": "paid",
    "items": [
      {
        "sku": "SKU036",
        "qty": 2,
        "unit_price": 9.9
      },
      {
        "sku": "SKU008",
        "qty": 2,
        "unit_price": 15.0
      },
      {
        "sku": "SKU047",
        "qty": 3,
        "unit_price": 19.9
      }
    ]
  },
  {
    "order_id": "O202503040074",
    "customer_id": "C0529",
    "channel": "web",
    "created_at": "2025-03-04 11:58:43",
    "payment_status": "paid",
    "items": [
      {
        "sku": "SKU038",
        "qty": 1,
        "unit_price": 15.0
      },
      {
        "sku": "SKU027",
        "qty": 5,
        "unit_price": 2.5
      },
      {
        "sku": "SKU028",
        "qty": 4,
        "unit_price": 4.0
      }
    ]
  },
  {
    "order_id": "O202503040075",
    "customer_id": "C0575",
    "channel": "app",
    "created_at": "2025-03-04 18:33:25",
    "payment_status": "paid",
    "items": [
      {
        "sku": "SKU024",
        "qty": 3,
        "unit_price": 24.9
      },
      {
        "sku": "SKU002",
        "qty": 3,
        "unit_price": 4.0
      },
      {
        "sku": "SKU029",
        "qty": 2,
        "unit_price": 24.9
      }
    ]
  },
  {
    "order_id": "O202503040076",
    "customer_id": "C0038",
    "channel": "web",
    "created_at": "2025-03-04 14:36:00",
    "payment_status": "paid",
    "items": [
      {
        "sku": "SKU030",
        "qty": 3,
        "unit_price": 2.5
      },
      {
        "sku": "SKU016",
        "qty": 2,
        "unit_price": 15.0
      },
      {
        "sku": "SKU045",
        "qty": 4,
        "unit_price": 15.0
      }
    ]
  },
  {
    "order_id": "O202503040077",
    "customer_id": "C0240",
    "channel": "web",
    "created_at": "2025-03-04 12:51:51",
    "payment_status": "paid",
    "items": [
      {
        "sku": "SKU038",
        "qty": 4,
        "unit_price": 5.0
      },
      {
        "sku": "SKU028",
        "qty": 2,
        "unit_price": 4.0
      },
      {
        "sku": "SKU029",
        "qty": 5,
        "unit_price": 15.0
      }
    ]
  },
  {
    "order_id": "O202503040078",
    "customer_id": "C0784",
    "channel": "web",
    "created_at": "2025-03-04 11:06:44",
    "payment_status": "paid",
    "items": [
      {
        "sku": "SKU027",
        "qty": 2,
        "unit_price": 19.9
      },
      {
        "sku": "SKU047",
        "qty": 1,
        "unit_price": 24.9
      },
      {
        "sku": "SKU022",
        "qty": 2,
        "unit_price": 24.9
      },
      {
        "sku": "SKU006",
        "qty": 4,
        "unit_price": 24.9
      }
    ]
  },
  {
    "order_id": "O202503040079",
    "customer_id": "C0187",
    "channel": "web",
    "created_at": "2025-03-04 17:46:04",
    "payment_status": "paid",
    "items": [
      {
        "sku": "SKU017",
        "qty": 4,
        "unit_price": 24.9
      }
    ]
  },
  {
    "order_id": "O202503040080",
    "customer_id": "C0513",
    "channel": "web",
    "created_at": "2025-03-04 17:53:02",
    "payment_status": "paid",
    "items": [
      {
        "sku": "SKU036",
        "qty": 2,
        "unit_price": 5.0
      },
      {
        "sku": "SKU035",
        "qty": 5,
        "unit_price": 5.0
      },
      {
        "sku": "SKU033",
        "qty": 3,
        "unit_price": 8.0
      }
    ]
  },
  {
    "order_id": "O202503040081",
    "customer_id": "C0701",
    "channel": "web",
    "created_at": "2025-03-04 15:28:50",
    "payment_status": "pending",
    "items": [
      {
        "sku": "SKU017",
        "qty": 4,
        "unit_price": 7.5
      },
      {
        "sku": "SKU011",
        "qty": 5,
        "unit_price": 7.5
      },
      {
        "sku": "SKU014",
        "qty": 3,
        "unit_price": 5.0
      }
    ]
  },
  {
    "order_id": "O202503040082",
    "customer_id": "C0778",
    "channel": "app",
    "created_at": "2025-03-04 16:25:54",
    "payment_status": "paid",
    "items": [
      {
        "sku": "SKU050",
        "qty": 3,
        "unit_price": 2.5
      },
      {
        "sku": "SKU042",
        "qty": 3,
        "unit_price": 5.0
      }
    ]
  },
  {
    "order_id": "O202503040083",
    "customer_id": "C0538",
    "channel": "app",
    "created_at": "2025-03-04 17:43:13",
    "payment_status": "paid",
    "items": [
      {
        "sku": "SKU009",
        "qty": 3,
        "unit_price": 15.0
      },
      {
        "sku": "SKU039",
        "qty": 2,
        "unit_price": 5.0
      }
    ]
  },
  {
    "order_id": "O202503040084",
    "customer_id": "C0345",
    "channel": "app",
    "created_at": "2025-03-04 15:00:43",
    "payment_status": "pending",
    "items": [
      {
        "sku": "SKU005",
        "qty": 3,
        "unit_price": 4.0
      },
      {
        "sku": "SKU019",
        "qty": 5,
        "unit_price": 15.0
      }
    ]
  },
  {
    "order_id": "O202503040085",
    "customer_id": "C0255",
    "channel": "web",
    "created_at": "2025-03-04 16:52:17",
    "payment_status": "paid",
    "items": [
      {
        "sku": "SKU037",
        "qty": 1,
        "unit_price": 2.5
      }
    ]
  },
  {
    "order_id": "O202503040086",
    "customer_id": "C0265",
    "channel": "app",
    "created_at": "2025-03-04 09:52:40",
    "payment_status": "paid",
    "items": [
      {
        "sku": "SKU016",
        "qty": 4,
        "unit_price": 19.9
      },
      {
        "sku": "SKU022",
        "qty": 4,
        "unit_price": 2.5
      }
    ]
  },
  {
    "order_id": "O202503040087",
    "customer_id": "C0313",
    "channel": "app",
    "created_at": "2025-03-04 15:54:49",
    "payment_status": "paid",
    "items": [
      {
        "sku": "SKU036",
        "qty": 3,
        "unit_price": 4.0
      },
      {
        "sku": "SKU039",
        "qty": 3,
        "unit_price": 8.0
      },
      {
        "sku": "SKU040",
        "qty": 1,
        "unit_price": 7.5
      }
    ]
  },
  {
    "order_id": "O202503040088",
    "customer_id": "C0045",
    "channel": "web",
    "created_at": "2025-03-04 09:39:24",
    "payment_status": "paid",
    "items": [
      {
        "sku": "SKU022",
        "qty": 3,
        "unit_price": 7.5
      },
      {
        "sku": "SKU041",
        "qty": 5,
        "unit_price": 19.9
      },
      {
        "sku": "SKU037",
        "qty": 1,
        "unit_price": 19.9
      },
      {
        "sku": "SKU016",
        "qty": 3,
        "unit_price": 19.9
      }
    ]
  },
  {
    "order_id": "O202503040089",
    "customer_id": "C0140",
    "channel": "web",
    "created_at": "2025-03-04 20:57:37",
    "payment_status": "paid",
    "items": [
      {
        "sku": "SKU024",
        "qty": 1,
        "unit_price": 2.5
      }
    ]
  },
  {
    "order_id": "O202503040090",
    "customer_id": "C0147",
    "channel": "web",
    "created_at": "2025-03-04 07:38:03",
    "payment_status": "paid",
    "items": [
      {
        "sku": "SKU019",
        "qty": 1,
        "unit_price": 19.9
      },
      {
        "sku": "SKU027",
        "qty": 2,
        "unit_price": 19.9
      },
      {
        "sku": "SKU021",
        "qty": 2,
        "unit_price": 5.0
      }
    ]
  },
  {
    "order_id": "O202503040091",
    "customer_id": "C0457",
    "channel": "app",
    "created_at": "2025-03-04 19:11:08",
    "payment_status": "paid",
    "items": [
      {
        "sku": "SKU036",
        "qty": 3,
        "unit_price": 19.9
      },
      {
        "sku": "SKU024",
        "qty": 1,
        "unit_price": 19.9
      }
    ]
  },
  {
    "order_id": "O202503040092",
    "customer_id": "C0468",
    "channel": "web",
    "created_at": "2025-03-04 10:48:48",
    "payment_status": "paid",
    "items": [
      {
        "sku": "SKU040",
        "qty": 1,
        "unit_price": 5.0
      },
      {
        "sku": "SKU021",
        "qty": 4,
        "unit_price": 2.5
      },
      {
        "sku": "SKU007",
        "qty": 2,
        "unit_price": 12.5
      }
    ]
  },
  {
    "order_id": "O202503040093",
    "customer_id": "C0267",
    "channel": "app",
    "created_at": "2025-03-04 17:03:09",
    "payment_status": "pending",
    "items": [
      {
        "sku": "SKU024",
        "qty": 3,
        "unit_price": 9.9
      }
    ]
  },
  {
    "order_id": "O202503040094",
    "customer_id": "C0468",
    "channel": "app",
    "created_at": "2025-03-04 21:41:51",
    "payment_status": "paid",
    "items": [
      {
        "sku": "SKU021",
        "qty": 5,
        "unit_price": 4.0
      },
      {
        "sku": "SKU004",
        "qty": 3,
        "unit_price": 19.9
      },
      {
        "sku": "SKU023",
        "qty": 5,
        "unit_price": 19.9
      }
    ]
  },
  {
    "order_id": "O202503040095",
    "customer_id": "C0461",
    "channel": "app",
    "created_at": "2025-03-04 15:08:56",
    "payment_status": "paid",
    "items": [
      {
        "sku": "SKU045",
        "qty": 2,
        "unit_price": 12.5
      }
    ]
  },
  {
    "order_id": "O202503040096",
    "customer_id": "C0542",
    "channel": "web",
    "created_at": "2025-03-04 16:35:58",
    "payment_status": "paid",
    "items": [
      {
        "sku": "SKU036",
        "qty": 5,
        "unit_price": 4.0
      },
      {
        "sku": "SKU016",
        "qty": 1,
        "unit_price": 5.0
      },
      {
        "sku": "SKU029",
        "qty": 5,
        "unit_price": 2.5
      },
      {
        "sku": "SKU004",
        "qty": 2,
        "unit_price": 2.5
      }
    ]
  },
  {
    "order_id": "O202503040097",
    "customer_id": "C0773",
    "channel": "web",
    "created_at": "2025-03-04 11:24:34",
    "payment_status": "failed",
    "items": [
      {
        "sku": "SKU034",
        "qty": 5,
        "unit_price": 12.5
      },
      {
        "sku": "SKU018",
        "qty": 1,
        "unit_price": 7.5
      }
    ]
  },
  {
    "order_id": "O202503040098",
    "customer_id": "C0312",
    "channel": "app",
    "created_at": "2025-03-04 22:59:51",
    "payment_status": "paid",
    "items": [
      {
        "sku": "SKU009",
        "qty": 5,
        "unit_price": 15.0
      },
      {
        "sku": "SKU039",
        "qty": 5,
        "unit_price": 9.9
      },
      {
        "sku": "SKU001",
        "qty": 4,
        "unit_price": 19.9
      },
      {
        "sku": "SKU010",
        "qty": 1,
        "unit_price": 9.9
      }
    ]
  },
  {
    "order_id": "O202503040099",
    "customer_id": "C0408",
    "channel": "app",
    "created_at": "2025-03-04 18:36:01",
    "payment_status": "paid",
    "items": [
      {
        "sku": "SKU008",
        "qty": 4,
        "unit_price": 4.0
      }
    ]
  },
  {
    "order_id": "O202503040100",
    "customer_id": "C0410",
    "channel": "app",
    "created_at": "2025-03-04 17:14:16",
    "payment_status": "paid",
    "items": [
      {
        "sku": "SKU029",
        "qty": 5,
        "unit_price": 19.9
      }
    ]
  },
  {
    "order_id": "O202503040075",
    "customer_id": "C0575",
    "channel": "app",
    "created_at": "2025-03-04 18:33:25",
    "payment_status": "paid",
    "items": [
      {
        "sku": "SKU024",
        "qty": 3,
        "unit_price": 24.9
      },
      {
        "sku": "SKU002",
        "qty": 3,
        "unit_price": 4.0
      },
      {
        "sku": "SKU029",
        "qty": 2,
        "unit_price": 24.9
      }
    ]
  },
  {
    "order_id": "O202503040040",
    "customer_id": "C0336",
    "channel": "app",
    "created_at": "2025-03-04 11:58:11",
    "payment_status": "paid",
    "items": [
      {
        "sku": "SKU044",
        "qty": 5,
        "unit_price": 15.0
      },
      {
        "sku": "SKU017",
        "qty": 5,
        "unit_price": 19.9
      }
    ]
  },
  {
    "order_id": "O202503040068",
    "customer_id": "C0540",
    "channel": "app",
    "created_at": "2025-03-04 22:28:38",
    "payment_status": "paid",
    "items": [
      {
        "sku": "SKU002",
        "qty": 4,
        "unit_price": 24.9
      },
      {
        "sku": "SKU003",
        "qty": 3,
        "unit_price": 5.0
      },
      {
        "sku": "SKU014",
        "qty": 2,
        "unit_price": 7.5
      }
    ]
  }
]