[
  {
    "order_id": "O202503250001",
    "customer_id": "C0512",
    "channel": "web",
    "created_at": "2025-03-25 07:34:46",
    "payment_status": "paid",
    "items": [
      {
        "sku": "SKU028",
        "qty": 1,
        "unit_price": 19.9
      },
      {
        "sku": "SKU010",
        "qty": 2,
        "unit_price": 12.5
      },
      {
        "sku": "SKU012",
        "qty": 5,
        "unit_price": 19.9
      }
    ]
  },
  {
    "order_id": "O202503250002",
    "customer_id": "C0339",
    "channel": "web",
    "created_at": "2025-03-25 08:58:14",
    "payment_status": "paid",
    "items": [
      {
        "sku": "SKU022",
        "qty": 3,
        "unit_price": 9.9
      }
    ]
  },
  {
    "order_id": "O202503250003",
    "customer_id": "C0529",
    "channel": "web",
    "created_at": "2025-03-25 10:41:51",
    "payment_status": "paid",
    "items": [
      {
        "sku": "SKU001",
        "qty": 3,
        "unit_price": 9.9
      }
    ]
  },
  {
    "order_id": "O202503250004",
    "customer_id": "C0670",
    "channel": "web",
    "created_at": "2025-03-25 14:42:57",
    "payment_status": "paid",
    "items": [
      {
        "sku": "SKU032",
        "qty": 3,
        "unit_price": 2.5
      },
      {
        "sku": "SKU007",
        "qty": 2,
        "unit_price": 8.0
      }
    ]
  },
  {
    "order_id": "O202503250005",
    "customer_id": "C0156",
    "channel": "app",
    "created_at": "2025-03-25 14:14:41",
    "payment_status": "paid",
    "items": [
      {
        "sku": "SKU009",
        "qty": 2,
        "unit_price": 12.5
      },
      {
        "sku": "SKU027",
        "qty": 3,
        "unit_price": 4.0
      },
      {
        "sku": "SKU045",
        "qty": 2,
        "unit_price": 9.9
      }
    ]
  },
  {
    "order_id": "O202503250006",
    "customer_id": "C0288",
    "channel": "web",
    "created_at": "2025-03-25 21:20:13",
    "payment_status": "paid",
    "items": [
      {
        "sku": "SKU045",
        "qty": 5,
        "unit_price": 5.0
      },
      {
        "sku": "SKU001",
        "qty": 1,
        "unit_price": 9.9
      },
      {
        "sku": "SKU012",
        "qty": 1,
        "unit_price": 24.9
      },
      {
        "sku": "SKU029",
        "qty": 1,
        "unit_price": 4.0
      }
    ]
  },
  {
    "order_id": "O202503250007",
    "customer_id": "C0463",
    "channel": "web",
    "created_at": "2025-03-25 19:39:27",
    "payment_status": "paid",
    "items": [
      {
        "sku": "SKU006",
        "qty": 5,
        "unit_price": 8.0
      },
      {
        "sku": "SKU001",
        "qty": 1,
        "unit_price": 24.9
      },
      {
        "sku": "SKU006",
        "qty": 1,
        "unit_price": 9.9
      }
    ]
  },
  {
    "order_id": "O202503250008",
    "customer_id": "C0121",
    "channel": "web",
    "created_at": "2025-03-25 11:17:54",
    "payment_status": "paid",
    "items": [
      {
        "sku": "SKU015",
        "qty": 1,
        "unit_price": 5.0
      },
      {
        "sku": "SKU037",
        "qty": 2,
        "unit_price": 24.9
      },
      {
        "sku": "SKU009",
        "qty": 3,
        "unit_price": 7.5
      }
    ]
  },
  {
    "order_id": "O202503250009",
    "customer_id": "C0432",
    "channel": "web",
    "created_at": "2025-03-25 15:52:59",
    "payment_status": "paid",
    "items": [
      {
        "sku": "SKU013",
        "qty": 4,
        "unit_price": 9.9
      },
      {
        "sku": "SKU038",
        "qty": 5,
        "unit_price": 7.5
      }
    ]
  },
  {
    "order_id": "O202503250010",
    "customer_id": "C0090",
    "channel": "web",
    "created_at": "2025-03-25 21:03:22",
    "payment_status": "paid",
    "items": [
      {
        "sku": "SKU010",
        "qty": 1,
        "unit_price": 8.0
      },
      {
        "sku": "SKU002",
        "qty": 4,
        "unit_price": 24.9
      }
    ]
  },
  {
    "order_id": "O202503250011",
    "customer_id": "C0139",
    "channel": "app",
    "created_at": "2025-03-25 15:09:26",
    "payment_status": "paid",
    "items": [
      {
        "sku": "SKU041",
        "qty": 4,
        "unit_price": 5.0
      },
      {
        "sku": "SKU039",
        "qty": 1,
        "unit_price": 2.5
      },
      {
        "sku": "SKU006",
        "qty": 5,
        "unit_price": 8.0
      },
      {
        "sku": "SKU042",
        "qty": 1,
        "unit_price": 15.0
      }
    ]
  },
  {
    "order_id": "O202503250012",
    "customer_id": "C0393",
    "channel": "web",
    "created_at": "2025-03-25 07:18:36",
    "payment_status": "paid",
    "items": [
      {
        "sku": "SKU043",
        "qty": 5,
        "unit_price": 15.0
      },
      {
        "sku": "SKU038",
        "qty": 4,
        "unit_price": 4.0
      }
    ]
  },
  {
    "order_id": "O202503250013",
    "customer_id": "C0378",
    "channel": "app",
    "created_at": "2025-03-25 15:56:45",
    "payment_status": "paid",
    "items": [
      {
        "sku": "SKU001",
        "qty": 3,
        "unit_price": 2.5
      },
      {
        "sku": "SKU028",
        "qty": 3,
        "unit_price": 19.9
      },
      {
        "sku": "SKU025",
        "qty": 4,
        "unit_price": 12.5
      }
    ]
  },
  {
    "order_id": "O202503250014",
    "customer_id": "C0371",
    "channel": "app",
    "created_at": "2025-03-25 11:46:16",
    "payment_status": "paid",
    "items": [
      {
        "sku": "SKU045",
        "qty": 1,
        "unit_price": 9.9
      },
      {
        "sku": "SKU050",
        "qty": 4,
        "unit_price": 24.9
      }
    ]
  },
  {
    "order_id": "O202503250015",
    "customer_id": "C0021",
    "channel": "web",
    "created_at": "2025-03-25 19:57:38",
    "payment_status": "paid",
    "items": [
      {
        "sku": "SKU009",
        "qty": 3,
        "unit_price": 5.0
      },
      {
        "sku": "SKU050",
        "qty": 4,
        "unit_price": 12.5
      },
      {
        "sku": "SKU003",
        "qty": 1,
        "unit_price": 12.5
      },
      {
        "sku": "SKU024",
        "qty": 3,
        "unit_price": 4.0
      }
    ]
  },
  {
    "order_id": "O202503250016",
    "customer_id": "C0347",
    "channel": "app",
    "created_at": "2025-03-25 14:25:45",
    "payment_status": "pending",
    "items": [
      {
        "sku": "SKU028",
        "qty": 3,
        "unit_price": 24.9
      }
    ]
  },
  {
    "order_id": "O202503250017",
    "customer_id": "C0338",
    "channel": "web",
    "created_at": "2025-03-25 08:43:40",
    "payment_status": "paid",
    "items": [
      {
        "sku": "SKU024",
        "qty": 1,
        "unit_price": 19.9
      }
    ]
  },
  {
    "order_id": "O202503250018",
    "customer_id": "C0443",
    "channel": "web",
    "created_at": "2025-03-25 20:09:32",
    "payment_status": "paid",
    "items": [
      {
        "sku": "SKU038",
        "qty": 5,
        "unit_price": 24.9
      },
      {
        "sku": "SKU005",
        "qty": 1,
        "unit_price": 24.9
      },
      {
        "sku": "SKU015",
        "qty": 5,
        "unit_price": 12.5
      },
      {
        "sku": "SKU020",
        "qty": 2,
        "unit_price": 12.5
      }
    ]
  },
  {
    "order_id": "O202503250019",
    "customer_id": "C0327",
    "channel": "web",
    "created_at": "2025-03-25 10:07:03",
    "payment_status": "paid",
    "items": [
      {
        "sku": "SKU015",
        "qty": 1,
        "unit_price": 8.0
      },
      {
        "sku": "SKU048",
        "qty": 3,
        "unit_price": 12.5
      },
      {
        "sku": "SKU025",
        "qty": 1,
        "unit_price": 24.9
      },
      {
        "sku": "SKU007",
        "qty": 2,
        "unit_price": 19.9
      }
    ]
  },
  {
    "order_id": "O202503250020",
    "customer_id": "C0706",
    "channel": "web",
    "created_at": "2025-03-25 11:37:04",
    "payment_status": "paid",
    "items": [
      {
        "sku": "SKU001",
        "qty": 1,
        "unit_price": 9.9
      },
      {
        "sku": "SKU005",
        "qty": 1,
        "unit_price": 9.9
      },
      {
        "sku": "SKU048",
        "qty": 2,
        "unit_price": 7.5
      }
    ]
  },
  {
    "order_id": "O202503250021",
    "customer_id": "C0296",
    "channel": "web",
    "created_at": "2025-03-25 19:56:17",
    "payment_status": "paid",
    "items": [
      {
        "sku": "SKU045",
        "qty": 3,
        "unit_price": 2.5
      },
      {
        "sku": "SKU040",
        "qty": 1,
        "unit_price": -24.9
      },
      {
        "sku": "SKU048",
        "qty": 1,
        "unit_price": 2.5
      }
    ]
  },
  {
    "order_id": "O202503250022",
    "customer_id": "C0057",
    "channel": "web",
    "created_at": "2025-03-25 09:50:58",
    "payment_status": "paid",
    "items": [
      {
        "sku": "SKU002",
        "qty": 5,
        "unit_price": 4.0
      },
      {
        "sku": "SKU043",
        "qty": 4,
        "unit_price": 4.0
      },
      {
        "sku": "SKU025",
        "qty": 4,
        "unit_price": 24.9
      }
    ]
  },
  {
    "order_id": "O202503250023",
    "customer_id": "C0236",
    "channel": "web",
    "created_at": "2025-03-25 09:36:17",
    "payment_status": "paid",
    "items": [
      {
        "sku": "SKU036",
        "qty": 5,
        "unit_price": 24.9
      },
      {
        "sku": "SKU048",
        "qty": 1,
        "unit_price": 8.0
      }
    ]
  },
  {
    "order_id": "O202503250024",
    "customer_id": "C0279",
    "channel": "app",
    "created_at": "2025-03-25 15:38:05",
    "payment_status": "paid",
    "items": [
      {
        "sku": "SKU028",
        "qty": 3,
        "unit_price": 7.5
      },
      {
        "sku": "SKU004",
        "qty": 1,
        "unit_price": 2.5
      }
    ]
  },
  {
    "order_id": "O202503250025",
    "customer_id": "C0263",
    "channel": "app",
    "created_at": "2025-03-25 08:01:07",
    "payment_status": "paid",
    "items": [
      {
        "sku": "SKU012",
        "qty": 2,
        "unit_price": 19.9
      },
      {
        "sku": "SKU042",
        "qty": 5,
        "unit_price": -24.9
      },
      {
        "sku": "SKU013",
        "qty": 2,
        "unit_price": 9.9
      },
      {
        "sku": "SKU036",
        "qty": 4,
        "unit_price": 19.9
      }
    ]
  },
  {
    "order_id": "O202503250026",
    "customer_id": "C0564",
    "channel": "web",
    "created_at": "2025-03-25 21:13:20",
    "payment_status": "paid",
    "items": [
      {
        "sku": "SKU022",
        "qty": 2,
        "unit_price": 4.0
      },
      {
        "sku": "SKU008",
        "qty": 4,
        "unit_price": 15.0
      }
    ]
  },
  {
    "order_id": "O202503250027",
    "customer_id": "C0722",
    "channel": "app",
    "created_at": "2025-03-25 14:39:33",
    "payment_status": "paid",
    "items": [
      {
        "sku": "SKU034",
        "qty": 2,
        "unit_price": 12.5
      }
    ]
  },
  {
    "order_id": "O202503250028",
    "customer_id": "C0482",
    "channel": "app",
    "created_at": "2025-03-25 12:45:42",
    "payment_status": "paid",
    "items": [
      {
        "sku": "SKU044",
        "qty": 3,
        "unit_price": 12.5
      },
      {
        "sku": "SKU016",
        "qty": 2,
        "unit_price": 15.0
      },
      {
        "sku": "SKU033",
        "qty": 3,
        "unit_price": 5.0
      },
      {
        "sku": "SKU044",
        "qty": 4,
        "unit_price": 2.5
      }
    ]
  },
  {
    "order_id": "O202503250029",
    "customer_id": "C0589",
    "channel": "app",
    "created_at": "2025-03-25 09:58:22",
    "payment_status": "paid",
    "items": [
      {
        "sku": "SKU024",
        "qty": 1,
        "unit_price": 15.0
      },
      {
        "sku": "SKU001",
        "qty": 1,
        "unit_price": 7.5
      },
      {
        "sku": "SKU022",
        "qty": 4,
        "unit_price": 4.0
      },
      {
        "sku": "SKU024",
        "qty": 1,
        "unit_price": 2.5
      }
    ]
  },
  {
    "order_id": "O202503250030",
    "customer_id": "C0302",
    "channel": "app",
    "created_at": "2025-03-25 13:09:00",
    "payment_status": "paid",
    "items": [
      {
        "sku": "SKU013",
        "qty": 1,
        "unit_price": 7.5
      },
      {
        "sku": "SKU009",
        "qty": 2,
        "unit_price": 24.9
      }
    ]
  },
  {
    "order_id": "O202503250031",
    "customer_id": "C0287",
    "channel": "web",
    "created_at": "2025-03-25 22:09:26",
    "payment_status": "paid",
    "items": [
      {
        "sku": "SKU030",
        "qty": 2,
        "unit_price": 7.5
      },
      {
        "sku": "SKU010",
        "qty": 4,
        "unit_price": 12.5
      },
      {
        "sku": "SKU050",
        "qty": 4,
        "unit_price": 15.0
      }
    ]
  },
  {
    "order_id": "O202503250032",
    "customer_id": "C0525",
    "channel": "app",
    "created_at": "2025-03-25 14:41:06",
    "payment_status": "paid",
    "items": [
      {
        "sku": "SKU024",
        "qty": 3,
        "unit_price": 7.5
      },
      {
        "sku": "SKU020",
        "qty": 5,
        "unit_price": 19.9
      },
      {
        "sku": "SKU014",
        "qty": 2,
        "unit_price": 4.0
      }
    ]
  },
  {
    "order_id": "O202503250033",
    "customer_id": "C0746",
    "channel": "app",
    "created_at": "2025-03-25 11:45:46",
    "payment_status": "paid",
    "items": [
      {
        "sku": "SKU015",
        "qty": 1,
        "unit_price": 24.9
      },
      {
        "sku": "SKU025",
        "qty": 5,
        "unit_price": 5.0
      },
      {
        "sku": "SKU022",
        "qty": 5,
        "unit_price": 2.5
      }
    ]
  },
  {
    "order_id": "O202503250034",
    "customer_id": "C0535",
    "channel": "app",
    "created_at": "2025-03-25 15:33:41",
    "payment_status": "failed",
    "items": [
      {
        "sku": "SKU002",
        "qty": 2,
        "unit_price": 15.0
      }
    ]
  },
  {
    "order_id": "O202503250035",
    "customer_id": "C0659",
    "channel": "app",
    "created_at": "2025-03-25 08:45:05",
    "payment_status": "paid",
    "items": [
      {
        "sku": "SKU025",
        "qty": 4,
        "unit_price": 7.5
      },
      {
        "sku": "SKU017",
        "qty": 3,
        "unit_price": 19.9
      }
    ]
  },
  {
    "order_id": "O202503250036",
    "customer_id": "C0610",
    "channel": "web",
    "created_at": "2025-03-25 22:34:04",
    "payment_status": "paid",
    "items": [
      {
        "sku": "SKU038",
        "qty": 1,
        "unit_price": 5.0
      },
      {
        "sku": "SKU038",
        "qty": 2,
        "unit_price": 15.0
      },
      {
        "sku": "SKU043",
        "qty": 1,
        "unit_price": 15.0
      }
    ]
  },
  {
    "order_id": "O202503250037",
    "customer_id": "C0183",
    "channel": "web",
    "created_at": "2025-03-25 13:11:22",
    "payment_status": "paid",
    "items": [
      {
        "sku": "SKU007",
        "qty": 1,
        "unit_price": 7.5
      },
      {
        "sku": "SKU024",
        "qty": 2,
        "unit_price": 12.5
      },
      {
        "sku": "SKU029",
        "qty": 1,
        "unit_price": 8.0
      },
      {
        "sku": "SKU040",
        "qty": 3,
        "unit_price": 24.9
      }
    ]
  },
  {
    "order_id": "O202503250038",
    "customer_id": "C0731",
    "channel": "web",
    "created_at": "2025-03-25 13:46:50",
    "payment_status": "paid",
    "items": [
      {
        "sku": "SKU031",
        "qty": 5,
        "unit_price": 12.5
      },
      {
        "sku": "SKU006",
        "qty": 4,
        "unit_price": 24.9
      },
      {
        "sku": "SKU031",
        "qty": 2,
        "unit_price": 5.0
      }
    ]
  },
  {
    "order_id": "O202503250039",
    "customer_id": "C0649",
    "channel": "app",
    "created_at": "2025-03-25 17:35:41",
    "payment_status": "paid",
    "items": [
      {
        "sku": "SKU030",
        "qty": 1,
        "unit_price": 4.0
      }
    ]
  },
  {
    "order_id": "O202503250040",
    "customer_id": "C0398",
    "channel": "web",
    "created_at": "2025-03-25 19:09:54",
    "payment_status": "paid",
    "items": [
      {
        "sku": "SKU041",
        "qty": 2,
        "unit_price": 15.0
      },
      {
        "sku": "SKU044",
        "qty": 5,
        "unit_price": 2.5
      }
    ]
  },
  {
    "order_id": "O202503250041",
    "customer_id": "C0509",
    "channel": "app",
    "created_at": "2025-03-25 19:15:51",
    "payment_status": "paid",
    "items": [
      {
        "sku": "SKU017",
        "qty": 3,
        "unit_price": 7.5
      },
      {
        "sku": "SKU048",
        "qty": 3,
        "unit_price": 12.5
      }
    ]
  },
  {
    "order_id": "O202503250042",
    "customer_id": "C0562",
    "channel": "app",
    "created_at": "2025-03-25 15:09:01",
    "payment_status": "paid",
    "items": [
      {
        "sku": "SKU021",
        "qty": 1,
        "unit_price": 12.5
      },
      {
        "sku": "SKU033",
        "qty": 1,
        "unit_price": 15.0
      },
      {
        "sku": "SKU031",
        "qty": 2,
        "unit_price": 12.5
      },
      {
        "sku": "SKU018",
        "qty": 3,
        "unit_price": 24.9
      }
    ]
  },
  {
    "order_id": "O202503250043",
    "customer_id": "C0455",
    "channel": "app",
    "created_at": "2025-03-25 08:48:53",
    "payment_status": "paid",
    "items": [
      {
        "sku": "SKU025",
        "qty": 5,
        "unit_price": 15.0
      },
      {
        "sku": "SKU039",
        "qty": 1,
        "unit_price": 9.9
      },
      {
        "sku": "SKU007",
        "qty": 2,
        "unit_price": 7.5
      }
    ]
  },
  {
    "order_id": "O202503250044",
    "customer_id": "C0181",
    "channel": "web",
    "created_at": "2025-03-25 07:13:11",
    "payment_status": "paid",
    "items": [
      {
        "sku": "SKU029",
        "qty": 3,
        "unit_price": 7.5
      }
    ]
  },
  {
    "order_id": "O202503250045",
    "customer_id": "C0606",
    "channel": "app",
    "created_at": "2025-03-25 22:12:25",
    "payment_status": "paid",
    "items": [
      {
        "sku": "SKU011",
        "qty": 4,
        "unit_price": 4.0
      },
      {
        "sku": "SKU036",
        "qty": 5,
        "unit_price": 12.5
      },
      {
        "sku": "SKU027",
        "qty": 4,
        "unit_price": 5.0
      },
      {
        "sku": "SKU011",
        "qty": 1,
        "unit_price": 24.9
      }
    ]
  },
  {
    "order_id": "O202503250046",
    "customer_id": "C0484",
    "channel": "web",
    "created_at": "2025-03-25 08:33:00",
    "payment_status": "paid",
    "items": [
      {
        "sku": "SKU008",
        "qty": 4,
        "unit_price": 19.9
      },
      {
        "sku": "SKU028",
        "qty": 4,
        "unit_price": 12.5
      },
      {
        "sku": "SKU043",
        "qty": 4,
        "unit_price": 4.0
      }
    ]
  },
  {
    "order_id": "O202503250047",
    "customer_id": "C0779",
    "channel": "web",
    "created_at": "2025-03-25 18:04:31",
    "payment_status": "paid",
    "items": [
      {
        "sku": "SKU037",
        "qty": 2,
        "unit_price": 24.9
      },
      {
        "sku": "SKU039",
        "qty": 2,
        "unit_price": 15.0
      },
      {
        "sku": "SKU023",
        "qty": 2,
        "unit_price": 19.9
      },
      {
        "sku": "SKU036",
        "qty": 3,
        "unit_price": 24.9
      }
    ]
  },
  {
    "order_id": "O202503250048",
    "customer_id": "C0423",
    "channel": "web",
    "created_at": "2025-03-25 16:26:34",
    "payment_status": "paid",
    "items": [
      {
        "sku": "SKU003",
        "qty": 2,
        "unit_price": 2.5
      },
      {
        "sku": "SKU007",
        "qty": 4,
        "unit_price": 7.5
      },
      {
        "sku": "SKU029",
        "qty": 5,
        "unit_price": 2.5
      }
    ]
  },
  {
    "order_id": "O202503250049",
    "customer_id": "C0539",
    "channel": "web",
    "created_at": "2025-03-25 11:26:53",
    "payment_status": "paid",
    "items": [
      {
        "sku": "SKU016",
        "qty": 4,
        "unit_price": 8.0
      }
    ]
  },
  {
    "order_id": "O202503250050",
    "customer_id": "C0443",
    "channel": "web",
    "created_at": "2025-03-25 22:27:23",
    "payment_status": "pending",
    "items": [
      {
        "sku": "SKU009",
        "qty": 5,
        "unit_price": 24.9
      },
      {
        "sku": "SKU006",
        "qty": 4,
        "unit_price": 8.0
      },
      {
        "sku": "SKU029",
        "qty": 5,
        "unit_price": 5.0
      }
    ]
  },
  {
    "order_id": "O202503250051",
    "customer_id": "C0679",
    "channel": "app",
    "created_at": "2025-03-25 22:35:15",
    "payment_status": "paid",
    "items": [
      {
        "sku": "SKU032",
        "qty": 1,
        "unit_price": 9.9
      },
      {
        "sku": "SKU047",
        "qty": 2,
        "unit_price": 7.5
      },
      {
        "sku": "SKU029",
        "qty": 1,
        "unit_price": 2.5
      },
      {
        "sku": "SKU041",
        "qty": 1,
        "unit_price": 4.0
      }
    ]
  },
  {
    "order_id": "O202503250052",
    "customer_id": "C0420",
    "channel": "web",
    "created_at": "2025-03-25 19:20:11",
    "payment_status": "paid",
    "items": [
      {
        "sku": "SKU041",
        "qty": 3,
        "unit_price": 19.9
      },
      {
        "sku": "SKU035",
        "qty": 1,
        "unit_price": 7.5
      },
      {
        "sku": "SKU044",
        "qty": 4,
        "unit_price": 4.0
      },
      {
        "sku": "SKU039",
        "qty": 3,
        "unit_price": 8.0
      }
    ]
  },
  {
    "order_id": "O202503250053",
    "customer_id": "C0063",
    "channel": "app",
    "created_at": "2025-03-25 10:33:35",
    "payment_status": "paid",
    "items": [
      {
        "sku": "SKU029",
        "qty": 2,
        "unit_price": 7.5
      },
      {
        "sku": "SKU038",
        "qty": 3,
        "unit_price": 24.9
      },
      {
        "sku": "SKU032",
        "qty": 4,
        "unit_price": 19.9
      }
    ]
  },
  {
    "order_id": "O202503250054",
    "customer_id": "C0021",
    "channel": "web",
    "created_at": "2025-03-25 12:18:18",
    "payment_status": "paid",
    "items": [
      {
        "sku": "SKU014",
        "qty": 2,
        "unit_price": 19.9
      },
      {
        "sku": "SKU002",
        "qty": 4,
        "unit_price": 8.0
      },
      {
        "sku": "SKU046",
        "qty": 4,
        "unit_price": 4.0
      }
    ]
  },
  {
    "order_id": "O202503250055",
    "customer_id": "C0130",
    "channel": "web",
    "created_at": "2025-03-25 20:52:33",
    "payment_status": "paid",
    "items": [
      {
        "sku": "SKU033",
        "qty": 4,
        "unit_price": 7.5
      },
      {
        "sku": "SKU013",
        "qty": 3,
        "unit_price": 24.9
      },
      {
        "sku": "SKU046",
        "qty": 1,
        "unit_price": 15.0
      },
      {
        "sku": "SKU027",
        "qty": 2,
        "unit_price": 5.0
      }
    ]
  },
  {
    "order_id": "O202503250056",
    "customer_id": "C0015",
    "channel": "app",
    "created_at": "2025-03-25 11:25:36",
    "payment_status": "paid",
    "items": [
      {
        "sku": "SKU020",
        "qty": 1,
        "unit_price": 24.9
      },
      {
        "sku": "SKU042",
        "qty": 5,
        "unit_price": 4.0
      }
    ]
  },
  {
    "order_id": "O202503250057",
    "customer_id": "C0797",
    "channel": "web",
    "created_at": "2025-03-25 11:20:33",
    "payment_status": "paid",
    "items": [
      {
        "sku": "SKU033",
        "qty": 5,
        "unit_price": 24.9
      },
      {
        "sku": "SKU021",
        "qty": 2,
        "unit_price": 4.0
      },
      {
        "sku": "SKU001",
        "qty": 2,
        "unit_price": 8.0
      },
      {
        "sku": "SKU037",
        "qty": 4,
        "unit_price": 19.9
      }
    ]
  },
  {
    "order_id": "O202503250058",
    "customer_id": "C0459",
    "channel": "app",
    "created_at": "2025-03-25 07:10:27",
    "payment_status": "paid",
    "items": [
      {
        "sku": "SKU013",
        "qty": 5,
        "unit_price": 9.9
      },
      {
        "sku": "SKU013",
        "qty": 4,
        "unit_price": 15.0
      }
    ]
  },
  {
    "order_id": "O202503250059",
    "customer_id": "C0662",
    "channel": "app",
    "created_at": "2025-03-25 20:07:03",
    "payment_status": "paid",
    "items": [
      {
        "sku": "SKU012",
        "qty": 1,
        "unit_price": 4.0
      },
      {
        "sku": "SKU041",
        "qty": 5,
        "unit_price": 5.0
      },
      {
        "sku": "SKU002",
        "qty": 5,
        "unit_price": 9.9
      },
      {
        "sku": "SKU048",
        "qty": 1,
        "unit_price": 4.0
      }
    ]
  },
  {
    "order_id": "O202503250060",
    "customer_id": "C0445",
    "channel": "web",
    "created_at": "2025-03-25 08:47:02",
    "payment_status": "paid",
    "items": [
      {
        "sku": "SKU025",
        "qty": 4,
        "unit_price": 24.9
      },
      {
        "sku": "SKU030",
        "qty": 1,
        "unit_price": 12.5
      },
      {
        "sku": "SKU015",
        "qty": 4,
        "unit_price": 24.9
      }
    ]
  },
  {
    "order_id": "O202503250061",
    "customer_id": "C0607",
    "channel": "web",
    "created_at": "2025-03-25 07:25:43",
    "payment_status": "paid",
    "items": [
      {
        "sku": "SKU030",
        "qty": 5,
        "unit_price": 5.0
      },
      {
        "sku": "SKU011",
        "qty": 3,
        "unit_price": 8.0
      }
    ]
  },
  {
    "order_id": "O202503250062",
    "customer_id": "C0323",
    "channel": "web",
    "created_at": "2025-03-25 16:44:26",
    "payment_status": "paid",
    "items": [
      {
        "sku": "SKU042",
        "qty": 5,
        "unit_price": 2.5
      },
      {
        "sku": "SKU016",
        "qty": 2,
        "unit_price": 12.5
      },
      {
        "sku": "SKU043",
        "qty": 3,
        "unit_price": 5.0
      },
      {
        "sku": "SKU017",
        "qty": 5,
        "unit_price": 8.0
      }
    ]
  },
  {
    "order_id": "O202503250063",
    "customer_id": "C0574",
    "channel": "app",
    "created_at": "2025-03-25 12:58:06",
    "payment_status": "paid",
    "items": [
      {
        "sku": "SKU026",
        "qty": 4,
        "unit_price": 24.9
      }
    ]
  },
  {
    "order_id": "O202503250064",
    "customer_id": "C0040",
    "channel": "web",
    "created_at": "2025-03-25 15:25:24",
    "payment_status": "paid",
    "items": [
      {
        "sku": "SKU045",
        "qty": 3,
        "unit_price": 19.9
      },
      {
        "sku": "SKU007",
        "qty": 3,
        "unit_price": 9.9
      },
      {
        "sku": "SKU016",
        "qty": 1,
        "unit_price": 8.0
      },
      {
        "sku": "SKU022",
        "qty": 4,
        "unit_price": 5.0
      }
    ]
  },
  {
    "order_id": "O202503250065",
    "customer_id": "C0375",
    "channel": "web",
    "created_at": "2025-03-25 11:00:27",
    "payment_status": "paid",
    "items": [
      {
        "sku": "SKU020",
        "qty": 2,
        "unit_price": 8.0
      },
      {
        "sku": "SKU022",
        "qty": 5,
        "unit_price": 7.5
      },
      {
        "sku": "SKU021",
        "qty": 5,
        "unit_price": 8.0
      },
      {
        "sku": "SKU024",
        "qty": 2,
        "unit_price": 4.0
      }
    ]
  },
  {
    "order_id": "O202503250066",
    "customer_id": "C0466",
    "channel": "app",
    "created_at": "2025-03-25 13:59:07",
    "payment_status": "paid",
    "items": [
      {
        "sku": "SKU039",
        "qty": 5,
        "unit_price": 19.9
      }
    ]
  },
  {
    "order_id": "O202503250067",
    "customer_id": "C0568",
    "channel": "web",
    "created_at": "2025-03-25 07:19:41",
    "payment_status": "paid",
    "items": [
      {
        "sku": "SKU002",
        "qty": 4,
        "unit_price": 9.9
      }
    ]
  },
  {
    "order_id": "O202503250068",
    "customer_id": "C0704",
    "channel": "web",
    "created_at": "2025-03-25 07:37:15",
    "payment_status": "paid",
    "items": [
      {
        "sku": "SKU013",
        "qty": 5,
        "unit_price": 2.5
      },
      {
        "sku": "SKU013",
        "qty": 5,
        "unit_price": 5.0
      }
    ]
  },
  {
    "order_id": "O202503250069",
    "customer_id": "C0155",
    "channel": "app",
    "created_at": "2025-03-25 19:35:21",
    "payment_status": "paid",
    "items": [
      {
        "sku": "SKU021",
        "qty": 5,
        "unit_price": 7.5
      },
      {
        "sku": "SKU040",
        "qty": 2,
        "unit_price": 12.5
      }
    ]
  },
  {
    "order_id": "O202503250070",
    "customer_id": "C0017",
    "channel": "web",
    "created_at": "2025-03-25 21:22:28",
    "payment_status": "paid",
    "items": [
      {
        "sku": "SKU025",
        "qty": 1,
        "unit_price": 2.5
      },
      {
        "sku": "SKU004",
        "qty": 5,
        "unit_price": 12.5
      }
    ]
  },
  {
    "order_id": "O202503250071",
    "customer_id": "C0487",
    "channel": "web",
    "created_at": "2025-03-25 17:44:17",
    "payment_status": "paid",
    "items": [
      {
        "sku": "SKU015",
        "qty": 2,
        "unit_price": 5.0
      }
    ]
  },
  {
    "order_id": "O202503250072",
    "customer_id": "C0155",
    "channel": "web",
    "created_at": "2025-03-25 20:27:57",
    "payment_status": "paid",
    "items": [
      {
        "sku": "SKU004",
        "qty": 3,
        "unit_price": 19.9
      },
      {
        "sku": "SKU047",
        "qty": 3,
        "unit_price": 7.5
      },
      {
        "sku": "SKU001",
        "qty": 2,
        "unit_price": 24.9
      }
    ]
  },
  {
    "order_id": "O202503250073",
    "customer_id": "C0002",
    "channel": "web",
    "created_at": "2025-03-25 08:03:16",
    "payment_status": "paid",
    "items": [
      {
        "sku": "SKU007",
        "qty": 3,
        "unit_price": 5.0
      }
    ]
  },
  {
    "order_id": "O202503250074",
    "customer_id": "C0747",
    "channel": "web",
    "created_at": "2025-03-25 18:05:34",
    "payment_status": "paid",
    "items": [
      {
        "sku": "SKU049",
        "qty": 2,
        "unit_price": 4.0
      }
    ]
  },
  {
    "order_id": "O202503250075",
    "customer_id": "C0761",
    "channel": "app",
    "created_at": "2025-03-25 20:23:19",
    "payment_status": "paid",
    "items": [
      {
        "sku": "SKU005",
        "qty": 3,
        "unit_price": 9.9
      },
      {
        "sku": "SKU040",
        "qty": 3,
        "unit_price": 19.9
      },
      {
        "sku": "SKU017",
        "qty": 4,
        "unit_price": 7.5
      }
    ]
  },
  {
    "order_id": "O202503250076",
    "customer_id": "C0130",
    "channel": "web",
    "created_at": "2025-03-25 22:02:51",
    "payment_status": "paid",
    "items": [
      {
        "sku": "SKU038",
        "qty": 4,
        "unit_price": 2.5
      },
      {
        "sku": "SKU017",
        "qty": 3,
        "unit_price": 12.5
      },
      {
        "sku": "SKU008",
        "qty": 4,
        "unit_price": 5.0
      }
    ]
  },
  {
    "order_id": "O202503250077",
    "customer_id": "C0268",
    "channel": "web",
    "created_at": "2025-03-25 09:42:52",
    "payment_status": "paid",
    "items": [
      {
        "sku": "SKU019",
        "qty": 4,
        "unit_price": 15.0
      }
    ]
  },
  {
    "order_id": "O202503250078",
    "customer_id": "C0618",
    "channel": "app",
    "created_at": "2025-03-25 22:52:57",
    "payment_status": "paid",
    "items": [
      {
        "sku": "SKU042",
        "qty": 4,
        "unit_price": 24.9
      },
      {
        "sku": "SKU016",
        "qty": 3,
        "unit_price": 4.0
      },
      {
        "sku": "SKU040",
        "qty": 3,
        "unit_price": 12.5
      },
      {
        "sku": "SKU050",
        "qty": 1,
        "unit_price": -7.5
      }
    ]
  },
  {
    "order_id": "O202503250079",
    "customer_id": "C0626",
    "channel": "app",
    "created_at": "2025-03-25 20:20:39",
    "payment_status": "paid",
    "items": [
      {
        "sku": "SKU044",
        "qty": 2,
        "unit_price": 15.0
      }
    ]
  },
  {
    "order_id": "O202503250080",
    "customer_id": "C0709",
    "channel": "web",
    "created_at": "2025-03-25 11:30:39",
    "payment_status": "pending",
    "items": [
      {
        "sku": "SKU024",
        "qty": 5,
        "unit_price": 9.9
      },
      {
        "sku": "SKU033",
        "qty": 4,
        "unit_price": 19.9
      },
      {
        "sku": "SKU006",
        "qty": 4,
        "unit_price": 8.0
      }
    ]
  },
  {
    "order_id": "O202503250081",
    "customer_id": "C0669",
    "channel": "app",
    "created_at": "2025-03-25 21:07:13",
    "payment_status": "paid",
    "items": [
      {
        "sku": "SKU014",
        "qty": 5,
        "unit_price": 12.5
      }
    ]
  },
  {
    "order_id": "O202503250082",
    "customer_id": "C0779",
    "channel": "app",
    "created_at": "2025-03-25 20:08:09",
    "payment_status": "paid",
    "items": [
      {
        "sku": "SKU001",
        "qty": 4,
        "unit_price": 24.9
      },
      {
        "sku": "SKU002",
        "qty": 2,
        "unit_price": 24.9
      },
      {
        "sku": "SKU033",
        "qty": 1,
        "unit_price": 24.9
      }
    ]
  },
  {
    "order_id": "O202503250083",
    "customer_id": "C0327",
    "channel": "web",
    "created_at": "2025-03-25 10:56:21",
    "payment_status": "paid",
    "items": [
      {
        "sku": "SKU037",
        "qty": 3,
        "unit_price": 2.5
      },
      {
        "sku": "SKU019",
        "qty": 1,
        "unit_price": 19.9
      }
    ]
  },
  {
    "order_id": "O202503250084",
    "customer_id": "C0745",
    "channel": "app",
    "created_at": "2025-03-25 21:14:21",
    "payment_status": "paid",
    "items": [
      {
        "sku": "SKU019",
        "qty": 2,
        "unit_price": 2.5
      }
    ]
  },
  {
    "order_id": "O202503250085",
    "customer_id": "C0433",
    "channel": "web",
    "created_at": "2025-03-25 12:09:47",
    "payment_status": "paid",
    "items": [
      {
        "sku": "SKU028",
        "qty": 5,
        "unit_price": 5.0
      }
    ]
  },
  {
    "order_id": "O202503250086",
    "customer_id": "C0018",
    "channel": "app",
    "created_at": "2025-03-25 22:09:56",
    "payment_status": "paid",
    "items": [
      {
        "sku": "SKU005",
        "qty": 2,
        "unit_price": 4.0
      },
      {
        "sku": "SKU040",
        "qty": 5,
        "unit_price": 15.0
      },
      {
        "sku": "SKU046",
        "qty": 5,
        "unit_price": 4.0
      },
      {
        "sku": "SKU046",
        "qty": 5,
        "unit_price": 5.0
      }
    ]
  },
  {
    "order_id": "O202503250087",
    "customer_id": "C0135",
    "channel": "app",
    "created_at": "2025-03-25 10:02:14",
    "payment_status": "paid",
    "items": [
      {
        "sku": "SKU037",
        "qty": 3,
        "unit_price": 24.9
      },
      {
        "sku": "SKU044",
        "qty": 2,
        "unit_price": 5.0
      },
      {
        "sku": "SKU049",
        "qty": 5,
        "unit_price": 19.9
      },
      {
        "sku": "SKU023",
        "qty": 3,
        "unit_price": 19.9
      }
    ]
  },
  {
    "order_id": "O202503250088",
    "customer_id": "C0557",
    "channel": "web",
    "created_at": "2025-03-25 20:30:39",
    "payment_status": "paid",
    "items": [
      {
        "sku": "SKU019",
        "qty": 3,
        "unit_price": 12.5
      }
    ]
  },
  {
    "order_id": "O202503250089",
    "customer_id": "C0602",
    "channel": "web",
    "created_at": "2025-03-25 16:55:47",
    "payment_status": "paid",
    "items": [
      {
        "sku": "SKU001",
        "qty": 3,
        "unit_price": 7.5
      },
      {
        "sku": "SKU017",
        "qty": 3,
        "unit_price": 4.0
      },
      {
        "sku": "SKU021",
        "qty": 2,
        "unit_price": 7.5
      }
    ]
  },
  {
    "order_id": "O202503250090",
    "customer_id": "C0192",
    "channel": "web",
    "created_at": "2025-03-25 12:53:51",
    "payment_status": "paid",
    "items": [
      {
        "sku": "SKU026",
        "qty": 1,
        "unit_price": 12.5
      }
    ]
  },
  {
    "order_id": "O202503250091",
    "customer_id": "C0285",
    "channel": "app",
    "created_at": "2025-03-25 10:02:56",
    "payment_status": "paid",
    "items": [
      {
        "sku": "SKU023",
        "qty": 3,
        "unit_price": 5.0
      },
      {
        "sku": "SKU048",
        "qty": 4,
        "unit_price": 5.0
      },
      {
        "sku": "SKU013",
        "qty": 5,
        "unit_price": 4.0
      },
      {
        "sku": "SKU040",
        "qty": 4,
        "unit_price": 15.0
      }
    ]
  },
  {
    "order_id": "O202503250092",
    "customer_id": "C0257",
    "channel": "web",
    "created_at": "2025-03-25 07:43:42",
    "payment_status": "paid",
    "items": [
      {
        "sku": "SKU016",
        "qty": 1,
        "unit_price": 9.9
      },
      {
        "sku": "SKU010",
        "qty": 1,
        "unit_price": 8.0
      },
      {
        "sku": "SKU017",
        "qty": 4,
        "unit_price": 15.0
      }
    ]
  },
  {
    "order_id": "O202503250093",
    "customer_id": "C0281",
    "channel": "app",
    "created_at": "2025-03-25 17:36:01",
    "payment_status": "paid",
    "items": [
      {
        "sku": "SKU035",
        "qty": 1,
        "unit_price": 24.9
      },
      {
        "sku": "SKU045",
        "qty": 4,
        "unit_price": 7.5
      }
    ]
  },
  {
    "order_id": "O202503250094",
    "customer_id": "C0238",
    "channel": "app",
    "created_at": "2025-03-25 12:18:41",
    "payment_status": "paid",
    "items": [
      {
        "sku": "SKU016",
        "qty": 4,
        "unit_price": 4.0
      },
      {
        "sku": "SKU035",
        "qty": 2,
        "unit_price": 7.5
      }
    ]
  },
  {
    "order_id": "O202503250095",
    "customer_id": "C0533",
    "channel": "app",
    "created_at": "2025-03-25 18:34:15",
    "payment_status": "paid",
    "items": [
      {
        "sku": "SKU002",
        "qty": 4,
        "unit_price": 8.0
      },
      {
        "sku": "SKU031",
        "qty": 3,
        "unit_price": 7.5
      },
      {
        "sku": "SKU047",
        "qty": 1,
        "unit_price": 7.5
      }
    ]
  },
  {
    "order_id": "O202503250096",
    "customer_id": "C0366",
    "channel": "web",
    "created_at": "2025-03-25 14:33:26",
    "payment_status": "paid",
    "items": [
      {
        "sku": "SKU001",
        "qty": 1,
        "unit_price": 5.0
      },
      {
        "sku": "SKU030",
        "qty": 5,
        "unit_price": 7.5
      }
    ]
  },
  {
    "order_id": "O202503250097",
    "customer_id": "C0622",
    "channel": "web",
    "created_at": "2025-03-25 10:59:57",
    "payment_status": "paid",
    "items": [
      {
        "sku": "SKU025",
        "qty": 3,
        "unit_price": 4.0
      }
    ]
  },
  {
    "order_id": "O202503250098",
    "customer_id": "C0513",
    "channel": "app",
    "created_at": "2025-03-25 20:48:16",
    "payment_status": "pending",
    "items": [
      {
        "sku": "SKU004",
        "qty": 2,
        "unit_price": 24.9
      }
    ]
  },
  {
    "order_id": "O202503250099",
    "customer_id": "C0203",
    "channel": "app",
    "created_at": "2025-03-25 17:27:03",
    "payment_status": "paid",
    "items": [
      {
        "sku": "SKU014",
        "qty": 3,
        "unit_price": 8.0
      }
    ]
  },
  {
    "order_id": "O202503250100",
    "customer_id": "C0332",
    "channel": "web",
    "created_at": "2025-03-25 20:27:20",
    "payment_status": "paid",
    "items": [
      {
        "sku": "SKU047",
        "qty": 5,
        "unit_price": 8.0
      }
    ]
  },
  {
    "order_id": "O202503250061",
    "customer_id": "C0607",
    "channel": "web",
    "created_at": "2025-03-25 07:25:43",
    "payment_status": "paid",
    "items": [
      {
        "sku": "SKU030",
        "qty": 5,
        "unit_price": 5.0
      },
      {
        "sku": "SKU011",
        "qty": 3,
        "unit_price": 8.0
      }
    ]
  },
  {
    "order_id": "O202503250072",
    "customer_id": "C0155",
    "channel": "web",
    "created_at": "2025-03-25 20:27:57",
    "payment_status": "paid",
    "items": [
      {
        "sku": "SKU004",
        "qty": 3,
        "unit_price": 19.9
      },
      {
        "sku": "SKU047",
        "qty": 3,
        "unit_price": 7.5
      },
      {
        "sku": "SKU001",
        "qty": 2,
        "unit_price": 24.9
      }
    ]
  },
  {
    "order_id": "O202503250017",
    "customer_id": "C0338",
    "channel": "web",
    "created_at": "2025-03-25 08:43:40",
    "payment_status": "paid",
    "items": [
      {
        "sku": "SKU024",
        "qty": 1,
        "unit_price": 19.9
      }
    ]
  }
]