[
  {
    "order_id": "O202503180001",
    "customer_id": "C0205",
    "channel": "app",
    "created_at": "2025-03-18 12:20:35",
    "payment_status": "paid",
    "items": [
      {
        "sku": "SKU027",
        "qty": 4,
        "unit_price": 8.0
      }
    ]
  },
  {
    "order_id": "O202503180002",
    "customer_id": "C0502",
    "channel": "web",
    "created_at": "2025-03-18 09:48:31",
    "payment_status": "paid",
    "items": [
      {
        "sku": "SKU034",
        "qty": 5,
        "unit_price": 19.9
      },
      {
        "sku": "SKU044",
        "qty": 4,
        "unit_price": 24.9
      },
      {
        "sku": "SKU021",
        "qty": 2,
        "unit_price": 24.9
      }
    ]
  },
  {
    "order_id": "O202503180003",
    "customer_id": "C0575",
    "channel": "app",
    "created_at": "2025-03-18 22:35:52",
    "payment_status": "paid",
    "items": [
      {
        "sku": "SKU010",
        "qty": 5,
        "unit_price": 19.9
      },
      {
        "sku": "SKU026",
        "qty": 4,
        "unit_price": 8.0
      }
    ]
  },
  {
    "order_id": "O202503180004",
    "customer_id": "C0667",
    "channel": "app",
    "created_at": "2025-03-18 08:04:56",
    "payment_status": "paid",
    "items": [
      {
        "sku": "SKU027",
        "qty": 4,
        "unit_price": 7.5
      }
    ]
  },
  {
    "order_id": "O202503180005",
    "customer_id": "C0464",
    "channel": "app",
    "created_at": "2025-03-18 20:20:46",
    "payment_status": "failed",
    "items": [
      {
        "sku": "SKU020",
        "qty": 3,
        "unit_price": 4.0
      },
      {
        "sku": "SKU002",
        "qty": 2,
        "unit_price": 7.5
      }
    ]
  },
  {
    "order_id": "O202503180006",
    "customer_id": "C0128",
    "channel": "web",
    "created_at": "2025-03-18 10:13:39",
    "payment_status": "paid",
    "items": [
      {
        "sku": "SKU014",
        "qty": 1,
        "unit_price": 2.5
      },
      {
        "sku": "SKU040",
        "qty": 2,
        "unit_price": 9.9
      }
    ]
  },
  {
    "order_id": "O202503180007",
    "customer_id": "C0337",
    "channel": "app",
    "created_at": "2025-03-18 09:04:40",
    "payment_status": "paid",
    "items": [
      {
        "sku": "SKU050",
        "qty": 3,
        "unit_price": 2.5
      },
      {
        "sku": "SKU031",
        "qty": 2,
        "unit_price": 15.0
      },
      {
        "sku": "SKU010",
        "qty": 5,
        "unit_price": 2.5
      }
    ]
  },
  {
    "order_id": "O202503180008",
    "customer_id": "C0128",
    "channel": "app",
    "created_at": "2025-03-18 09:13:50",
    "payment_status": "pending",
    "items": [
      {
        "sku": "SKU013",
        "qty": 1,
        "unit_price": 7.5
      },
      {
        "sku": "SKU013",
        "qty": 2,
        "unit_price": 24.9
      },
      {
        "sku": "SKU042",
        "qty": 1,
        "unit_price": 19.9
      },
      {
        "sku": "SKU009",
        "qty": 3,
        "unit_price": 8.0
      }
    ]
  },
  {
    "order_id": "O202503180009",
    "customer_id": "C0728",
    "channel": "web",
    "created_at": "2025-03-18 19:13:01",
    "payment_status": "paid",
    "items": [
      {
        "sku": "SKU003",
        "qty": 3,
        "unit_price": 5.0
      },
      {
        "sku": "SKU023",
        "qty": 4,
        "unit_price": 2.5
      },
      {
        "sku": "SKU044",
        "qty": 1,
        "unit_price": 7.5
      },
      {
        "sku": "SKU005",
        "qty": 5,
        "unit_price": 9.9
      }
    ]
  },
  {
    "order_id": "O202503180010",
    "customer_id": "C0762",
    "channel": "app",
    "created_at": "2025-03-18 14:31:41",
    "payment_status": "paid",
    "items": [
      {
        "sku": "SKU037",
        "qty": 2,
        "unit_price": 5.0
      },
      {
        "sku": "SKU002",
        "qty": 4,
        "unit_price": 15.0
      },
      {
        "sku": "SKU032",
        "qty": 1,
        "unit_price": 24.9
      }
    ]
  },
  {
    "order_id": "O202503180011",
    "customer_id": "C0029",
    "channel": "app",
    "created_at": "2025-03-18 14:15:19",
    "payment_status": "paid",
    "items": [
      {
        "sku": "SKU005",
        "qty": 5,
        "unit_price": 2.5
      }
    ]
  },
  {
    "order_id": "O202503180012",
    "customer_id": "C0111",
    "channel": "app",
    "created_at": "2025-03-18 07:06:16",
    "payment_status": "failed",
    "items": [
      {
        "sku": "SKU017",
        "qty": 3,
        "unit_price": 12.5
      }
    ]
  },
  {
    "order_id": "O202503180013",
    "customer_id": "C0405",
    "channel": "web",
    "created_at": "2025-03-18 08:21:24",
    "payment_status": "paid",
    "items": [
      {
        "sku": "SKU028",
        "qty": 5,
        "unit_price": 19.9
      },
      {
        "sku": "SKU005",
        "qty": 4,
        "unit_price": 4.0
      },
      {
        "sku": "SKU036",
        "qty": 2,
        "unit_price": 12.5
      },
      {
        "sku": "SKU010",
        "qty": 2,
        "unit_price": 5.0
      }
    ]
  },
  {
    "order_id": "O202503180014",
    "customer_id": "C0600",
    "channel": "web",
    "created_at": "2025-03-18 14:53:48",
    "payment_status": "paid",
    "items": [
      {
        "sku": "SKU050",
        "qty": 4,
        "unit_price": 9.9
      }
    ]
  },
  {
    "order_id": "O202503180015",
    "customer_id": "C0467",
    "channel": "app",
    "created_at": "2025-03-18 13:35:04",
    "payment_status": "paid",
    "items": [
      {
        "sku": "SKU003",
        "qty": 4,
        "unit_price": 8.0
      },
      {
        "sku": "SKU049",
        "qty": 2,
        "unit_price": 19.9
      },
      {
        "sku": "SKU034",
        "qty": 3,
        "unit_price": 19.9
      },
      {
        "sku": "SKU042",
        "qty": 3,
        "unit_price": 7.5
      }
    ]
  },
  {
    "order_id": "O202503180016",
    "customer_id": "C0109",
    "channel": "web",
    "created_at": "2025-03-18 08:31:29",
    "payment_status": "paid",
    "items": [
      {
        "sku": "SKU047",
        "qty": 4,
        "unit_price": 5.0
      },
      {
        "sku": "SKU031",
        "qty": 5,
        "unit_price": 12.5
      }
    ]
  },
  {
    "order_id": "O202503180017",
    "customer_id": "C0454",
    "channel": "web",
    "created_at": "2025-03-18 14:38:32",
    "payment_status": "paid",
    "items": [
      {
        "sku": "SKU028",
        "qty": 1,
        "unit_price": 5.0
      },
      {
        "sku": "SKU049",
        "qty": 2,
        "unit_price": 4.0
      },
      {
        "sku": "SKU024",
        "qty": 5,
        "unit_price": 15.0
      }
    ]
  },
  {
    "order_id": "O202503180018",
    "customer_id": "C0182",
    "channel": "app",
    "created_at": "2025-03-18 19:44:04",
    "payment_status": "paid",
    "items": [
      {
        "sku": "SKU049",
        "qty": 4,
        "unit_price": 4.0
      },
      {
        "sku": "SKU031",
        "qty": 1,
        "unit_price": 24.9
      },
      {
        "sku": "SKU027",
        "qty": 2,
        "unit_price": 19.9
      },
      {
        "sku": "SKU035",
        "qty": 4,
        "unit_price": 8.0
      }
    ]
  },
  {
    "order_id": "O202503180019",
    "customer_id": "C0232",
    "channel": "web",
    "created_at": "2025-03-18 16:48:11",
    "payment_status": "paid",
    "items": [
      {
        "sku": "SKU001",
        "qty": 2,
        "unit_price": 5.0
      }
    ]
  },
  {
    "order_id": "O202503180020",
    "customer_id": "C0317",
    "channel": "app",
    "created_at": "2025-03-18 15:02:17",
    "payment_status": "paid",
    "items": [
      {
        "sku": "SKU029",
        "qty": 2,
        "unit_price": 9.9
      }
    ]
  },
  {
    "order_id": "O202503180021",
    "customer_id": "C0765",
    "channel": "web",
    "created_at": "2025-03-18 07:20:27",
    "payment_status": "paid",
    "items": [
      {
        "sku": "SKU044",
        "qty": 4,
        "unit_price": 19.9
      },
      {
        "sku": "SKU049",
        "qty": 4,
        "unit_price": 5.0
      }
    ]
  },
  {
    "order_id": "O202503180022",
    "customer_id": "C0567",
    "channel": "web",
    "created_at": "2025-03-18 11:22:39",
    "payment_status": "pending",
    "items": [
      {
        "sku": "SKU008",
        "qty": 5,
        "unit_price": 24.9
      }
    ]
  },
  {
    "order_id": "O202503180023",
    "customer_id": "C0263",
    "channel": "app",
    "created_at": "2025-03-18 20:06:36",
    "payment_status": "paid",
    "items": [
      {
        "sku": "SKU037",
        "qty": 2,
        "unit_price": 15.0
      },
      {
        "sku": "SKU006",
        "qty": 5,
        "unit_price": 8.0
      },
      {
        "sku": "SKU018",
        "qty": 3,
        "unit_price": 5.0
      }
    ]
  },
  {
    "order_id": "O202503180024",
    "customer_id": "C0169",
    "channel": "web",
    "created_at": "2025-03-18 21:18:50",
    "payment_status": "paid",
    "items": [
      {
        "sku": "SKU033",
        "qty": 5,
        "unit_price": 7.5
      }
    ]
  },
  {
    "order_id": "O202503180025",
    "customer_id": "C0192",
    "channel": "web",
    "created_at": "2025-03-18 07:47:02",
    "payment_status": "paid",
    "items": [
      {
        "sku": "SKU029",
        "qty": 1,
        "unit_price": 8.0
      }
    ]
  },
  {
    "order_id": "O202503180026",
    "customer_id": "C0566",
    "channel": "app",
    "created_at": "2025-03-18 22:45:34",
    "payment_status": "paid",
    "items": [
      {
        "sku": "SKU012",
        "qty": 2,
        "unit_price": 7.5
      }
    ]
  },
  {
    "order_id": "O202503180027",
    "customer_id": "C0560",
    "channel": "web",
    "created_at": "2025-03-18 13:33:20",
    "payment_status": "paid",
    "items": [
      {
        "sku": "SKU010",
        "qty": 2,
        "unit_price": 4.0
      },
      {
        "sku": "SKU026",
        "qty": 5,
        "unit_price": 15.0
      }
    ]
  },
  {
    "order_id": "O202503180028",
    "customer_id": "C0336",
    "channel": "web",
    "created_at": "2025-03-18 17:18:51",
    "payment_status": "paid",
    "items": [
      {
        "sku": "SKU027",
        "qty": 1,
        "unit_price": 12.5
      },
      {
        "sku": "SKU020",
        "qty": 1,
        "unit_price": 8.0
      },
      {
        "sku": "SKU005",
        "qty": 2,
        "unit_price": 9.9
      }
    ]
  },
  {
    "order_id": "O202503180029",
    "customer_id": "C0059",
    "channel": "app",
    "created_at": "2025-03-18 22:35:17",
    "payment_status": "failed",
    "items": [
      {
        "sku": "SKU017",
        "qty": 2,
        "unit_price": 2.5
      },
      {
        "sku": "SKU009",
        "qty": 5,
        "unit_price": 19.9
      },
      {
        "sku": "SKU032",
        "qty": 4,
        "unit_price": 8.0
      },
      {
        "sku": "SKU020",
        "qty": 2,
        "unit_price": 9.9
      }
    ]
  },
  {
    "order_id": "O202503180030",
    "customer_id": "C0319",
    "channel": "app",
    "created_at": "2025-03-18 11:02:36",
    "payment_status": "paid",
    "items": [
      {
        "sku": "SKU001",
        "qty": 5,
        "unit_price": 7.5
      },
      {
        "sku": "SKU020",
        "qty": 2,
        "unit_price": 4.0
      }
    ]
  },
  {
    "order_id": "O202503180031",
    "customer_id": "C0733",
    "channel": "app",
    "created_at": "2025-03-18 20:30:22",
    "payment_status": "paid",
    "items": [
      {
        "sku": "SKU024",
        "qty": 2,
        "unit_price": 8.0
      },
      {
        "sku": "SKU021",
        "qty": 4,
        "unit_price": 12.5
      }
    ]
  },
  {
    "order_id": "O202503180032",
    "customer_id": "C0228",
    "channel": "app",
    "created_at": "2025-03-18 09:03:03",
    "payment_status": "paid",
    "items": [
      {
        "sku": "SKU013",
        "qty": 2,
        "unit_price": 5.0
      },
      {
        "sku": "SKU040",
        "qty": 3,
        "unit_price": 2.5
      },
      {
        "sku": "SKU034",
        "qty": 4,
        "unit_price": 8.0
      },
      {
        "sku": "SKU036",
        "qty": 3,
        "unit_price": 24.9
      }
    ]
  },
  {
    "order_id": "O202503180033",
    "customer_id": "C0689",
    "channel": "web",
    "created_at": "2025-03-18 11:25:30",
    "payment_status": "paid",
    "items": [
      {
        "sku": "SKU033",
        "qty": 2,
        "unit_price": 4.0
      },
      {
        "sku": "SKU015",
        "qty": 1,
        "unit_price": 4.0
      }
    ]
  },
  {
    "order_id": "O202503180034",
    "customer_id": "C0548",
    "channel": "web",
    "created_at": "2025-03-18 15:52:25",
    "payment_status": "paid",
    "items": [
      {
        "sku": "SKU024",
        "qty": 2,
        "unit_price": 15.0
      },
      {
        "sku": "SKU048",
        "qty": 5,
        "unit_price": 7.5
      },
      {
        "sku": "SKU008",
        "qty": 5,
        "unit_price": 12.5
      },
      {
        "sku": "SKU041",
        "qty": 5,
        "unit_price": 12.5
      }
    ]
  },
  {
    "order_id": "O202503180035",
    "customer_id": "C0537",
    "channel": "web",
    "created_at": "2025-03-18 14:49:41",
    "payment_status": "paid",
    "items": [
      {
        "sku": "SKU016",
        "qty": 1,
        "unit_price": 4.0
      },
      {
        "sku": "SKU046",
        "qty": 4,
        "unit_price": 2.5
      }
    ]
  },
  {
    "order_id": "O202503180036",
    "customer_id": "C0527",
    "channel": "app",
    "created_at": "2025-03-18 21:02:26",
    "payment_status": "paid",
    "items": [
      {
        "sku": "SKU019",
        "qty": 1,
        "unit_price": 2.5
      },
      {
        "sku": "SKU039",
        "qty": 2,
        "unit_price": 15.0
      }
    ]
  },
  {
    "order_id": "O202503180037",
    "customer_id": "C0065",
    "channel": "app",
    "created_at": "2025-03-18 16:32:51",
    "payment_status": "paid",
    "items": [
      {
        "sku": "SKU035",
        "qty": 3,
        "unit_price": 19.9
      },
      {
        "sku": "SKU034",
        "qty": 4,
        "unit_price": 4.0
      },
      {
        "sku": "SKU018",
        "qty": 3,
        "unit_price": 8.0
      }
    ]
  },
  {
    "order_id": "O202503180038",
    "customer_id": "C0457",
    "channel": "web",
    "created_at": "2025-03-18 09:03:27",
    "payment_status": "paid",
    "items": [
      {
        "sku": "SKU001",
        "qty": 4,
        "unit_price": 15.0
      },
      {
        "sku": "SKU037",
        "qty": 5,
        "unit_price": 2.5
      },
      {
        "sku": "SKU038",
        "qty": 4,
        "unit_price": 24.9
      },
      {
        "sku": "SKU018",
        "qty": 4,
        "unit_price": 7.5
      }
    ]
  },
  {
    "order_id": "O202503180039",
    "customer_id": "C0467",
    "channel": "web",
    "created_at": "2025-03-18 12:06:01",
    "payment_status": "paid",
    "items": [
      {
        "sku": "SKU031",
        "qty": 3,
        "unit_price": 5.0
      },
      {
        "sku": "SKU004",
        "qty": 4,
        "unit_price": 19.9
      },
      {
        "sku": "SKU003",
        "qty": 1,
        "unit_price": 12.5
      }
    ]
  },
  {
    "order_id": "O202503180040",
    "customer_id": "C0547",
    "channel": "app",
    "created_at": "2025-03-18 10:58:39",
    "payment_status": "paid",
    "items": [
      {
        "sku": "SKU015",
        "qty": 5,
        "unit_price": 12.5
      },
      {
        "sku": "SKU016",
        "qty": 2,
        "unit_price": 2.5
      },
      {
        "sku": "SKU009",
        "qty": 5,
        "unit_price": 7.5
      },
      {
        "sku": "SKU049",
        "qty": 3,
        "unit_price": 12.5
      }
    ]
  },
  {
    "order_id": "O202503180041",
    "customer_id": "C0390",
    "channel": "app",
    "created_at": "2025-03-18 09:06:43",
    "payment_status": "paid",
    "items": [
      {
        "sku": "SKU050",
        "qty": 4,
        "unit_price": 19.9
      },
      {
        "sku": "SKU015",
        "qty": 5,
        "unit_price": 24.9
      }
    ]
  },
  {
    "order_id": "O202503180042",
    "customer_id": "C0529",
    "channel": "app",
    "created_at": "2025-03-18 11:15:42",
    "payment_status": "paid",
    "items": [
      {
        "sku": "SKU033",
        "qty": 1,
        "unit_price": 9.9
      },
      {
        "sku": "SKU048",
        "qty": 1,
        "unit_price": 12.5
      },
      {
        "sku": "SKU032",
        "qty": 4,
        "unit_price": 9.9
      }
    ]
  },
  {
    "order_id": "O202503180043",
    "customer_id": "C0515",
    "channel": "web",
    "created_at": "2025-03-18 16:14:12",
    "payment_status": "paid",
    "items": [
      {
        "sku": "SKU043",
        "qty": 5,
        "unit_price": 19.9
      },
      {
        "sku": "SKU017",
        "qty": 2,
        "unit_price": 12.5
      }
    ]
  },
  {
    "order_id": "O202503180044",
    "customer_id": "C0077",
    "channel": "app",
    "created_at": "2025-03-18 09:56:51",
    "payment_status": "pending",
    "items": [
      {
        "sku": "SKU028",
        "qty": 2,
        "unit_price": 12.5
      }
    ]
  },
  {
    "order_id": "O202503180045",
    "customer_id": "C0627",
    "channel": "app",
    "created_at": "2025-03-18 17:17:26",
    "payment_status": "paid",
    "items": [
      {
        "sku": "SKU007",
        "qty": 3,
        "unit_price": 2.5
      },
      {
        "sku": "SKU045",
        "qty": 5,
        "unit_price": 15.0
      }
    ]
  },
  {
    "order_id": "O202503180046",
    "customer_id": "C0723",
    "channel": "app",
    "created_at": "2025-03-18 22:42:19",
    "payment_status": "paid",
    "items": [
      {
        "sku": "SKU007",
        "qty": 1,
        "unit_price": 12.5
      },
      {
        "sku": "SKU024",
        "qty": 5,
        "unit_price": 4.0
      },
      {
        "sku": "SKU044",
        "qty": 2,
        "unit_price": 8.0
      }
    ]
  },
  {
    "order_id": "O202503180047",
    "customer_id": "C0428",
    "channel": "app",
    "created_at": "2025-03-18 09:40:27",
    "payment_status": "paid",
    "items": [
      {
        "sku": "SKU033",
        "qty": 5,
        "unit_price": 8.0
      },
      {
        "sku": "SKU016",
        "qty": 5,
        "unit_price": 12.5
      },
      {
        "sku": "SKU017",
        "qty": 2,
        "unit_price": 8.0
      },
      {
        "sku": "SKU008",
        "qty": 2,
        "unit_price": 5.0
      }
    ]
  },
  {
    "order_id": "O202503180048",
    "customer_id": "C0605",
    "channel": "web",
    "created_at": "2025-03-18 11:02:06",
    "payment_status": "paid",
    "items": [
      {
        "sku": "SKU034",
        "qty": 5,
        "unit_price": 8.0
      },
      {
        "sku": "SKU022",
        "qty": 2,
        "unit_price": 12.5
      },
      {
        "sku": "SKU003",
        "qty": 1,
        "unit_price": 12.5
      }
    ]
  },
  {
    "order_id": "O202503180049",
    "customer_id": "C0654",
    "channel": "app",
    "created_at": "2025-03-18 13:35:35",
    "payment_status": "paid",
    "items": [
      {
        "sku": "SKU049",
        "qty": 5,
        "unit_price": 5.0
      }
    ]
  },
  {
    "order_id": "O202503180050",
    "customer_id": "C0235",
    "channel": "app",
    "created_at": "2025-03-18 10:16:14",
    "payment_status": "paid",
    "items": [
      {
        "sku": "SKU050",
        "qty": 5,
        "unit_price": 8.0
      },
      {
        "sku": "SKU005",
        "qty": 1,
        "unit_price": 15.0
      },
      {
        "sku": "SKU008",
        "qty": 5,
        "unit_price": 8.0
      },
      {
        "sku": "SKU025",
        "qty": 1,
        "unit_price": 9.9
      }
    ]
  },
  {
    "order_id": "O202503180051",
    "customer_id": "C0210",
    "channel": "web",
    "created_at": "2025-03-18 21:15:23",
    "payment_status": "paid",
    "items": [
      {
        "sku": "SKU040",
        "qty": 2,
        "unit_price": 5.0
      },
      {
        "sku": "SKU036",
        "qty": 2,
        "unit_price": 15.0
      },
      {
        "sku": "SKU005",
        "qty": 1,
        "unit_price": 15.0
      },
      {
        "sku": "SKU018",
        "qty": 2,
        "unit_price": 5.0
      }
    ]
  },
  {
    "order_id": "O202503180052",
    "customer_id": "C0214",
    "channel": "app",
    "created_at": "2025-03-18 07:56:28",
    "payment_status": "paid",
    "items": [
      {
        "sku": "SKU020",
        "qty": 5,
        "unit_price": 19.9
      }
    ]
  },
  {
    "order_id": "O202503180053",
    "customer_id": "C0726",
    "channel": "web",
    "created_at": "2025-03-18 08:05:18",
    "payment_status": "paid",
    "items": [
      {
        "sku": "SKU045",
        "qty": 2,
        "unit_price": 8.0
      }
    ]
  },
  {
    "order_id": "O202503180054",
    "customer_id": "C0117",
    "channel": "app",
    "created_at": "2025-03-18 07:47:38",
    "payment_status": "paid",
    "items": [
      {
        "sku": "SKU040",
        "qty": 1,
        "unit_price": 5.0
      },
      {
        "sku": "SKU023",
        "qty": 1,
        "unit_price": 8.0
      }
    ]
  },
  {
    "order_id": "O202503180055",
    "customer_id": "C0312",
    "channel": "web",
    "created_at": "2025-03-18 09:11:05",
    "payment_status": "paid",
    "items": [
      {
        "sku": "SKU038",
        "qty": 3,
        "unit_price": 8.0
      }
    ]
  },
  {
    "order_id": "O202503180056",
    "customer_id": "C0549",
    "channel": "web",
    "created_at": "2025-03-18 20:34:11",
    "payment_status": "paid",
    "items": [
      {
        "sku": "SKU049",
        "qty": 1,
        "unit_price": 24.9
      },
      {
        "sku": "SKU040",
        "qty": 2,
        "unit_price": 8.0
      }
    ]
  },
  {
    "order_id": "O202503180057",
    "customer_id": "C0386",
    "channel": "app",
    "created_at": "2025-03-18 15:27:22",
    "payment_status": "paid",
    "items": [
      {
        "sku": "SKU048",
        "qty": 5,
        "unit_price": 15.0
      },
      {
        "sku": "SKU023",
        "qty": 1,
        "unit_price": 5.0
      },
      {
        "sku": "SKU034",
        "qty": 3,
        "unit_price": 4.0
      }
    ]
  },
  {
    "order_id": "O202503180058",
    "customer_id": "C0450",
    "channel": "app",
    "created_at": "2025-03-18 10:59:42",
    "payment_status": "paid",
    "items": [
      {
        "sku": "SKU008",
        "qty": 5,
        "unit_price": 7.5
      },
      {
        "sku": "SKU031",
        "qty": 2,
        "unit_price": 8.0
      }
    ]
  },
  {
    "order_id": "O202503180059",
    "customer_id": "C0023",
    "channel": "web",
    "created_at": "2025-03-18 19:07:17",
    "payment_status": "paid",
    "items": [
      {
        "sku": "SKU041",
        "qty": 2,
        "unit_price": 19.9
      },
      {
        "sku": "SKU039",
        "qty": 1,
        "unit_price": 15.0
      }
    ]
  },
  {
    "order_id": "O202503180060",
    "customer_id": "C0079",
    "channel": "app",
    "created_at": "2025-03-18 13:35:47",
    "payment_status": "paid",
    "items": [
      {
        "sku": "SKU031",
        "qty": 2,
        "unit_price": 8.0
      },
      {
        "sku": "SKU042",
        "qty": 2,
        "unit_price": 7.5
      },
      {
        "sku": "SKU047",
        "qty": 5,
        "unit_price": 15.0
      },
      {
        "sku": "SKU031",
        "qty": 1,
        "unit_price": 15.0
      }
    ]
  },
  {
    "order_id": "O202503180061",
    "customer_id": "C0248",
    "channel": "app",
    "created_at": "2025-03-18 17:16:17",
    "payment_status": "paid",
    "items": [
      {
        "sku": "SKU023",
        "qty": 5,
        "unit_price": 24.9
      }
    ]
  },
  {
    "order_id": "O202503180062",
    "customer_id": "C0350",
    "channel": "app",
    "created_at": "2025-03-18 18:18:00",
    "payment_status": "paid",
    "items": [
      {
        "sku": "SKU029",
        "qty": 3,
        "unit_price": 2.5
      },
      {
        "sku": "SKU038",
        "qty": 4,
        "unit_price": 24.9
      },
      {
        "sku": "SKU005",
        "qty": 2,
        "unit_price": 4.0
      }
    ]
  },
  {
    "order_id": "O202503180063",
    "customer_id": "C0389",
    "channel": "web",
    "created_at": "2025-03-18 13:55:29",
    "payment_status": "paid",
    "items": [
      {
        "sku": "SKU032",
        "qty": 2,
        "unit_price": 15.0
      },
      {
        "sku": "SKU002",
        "qty": 2,
        "unit_price": 4.0
      }
    ]
  },
  {
    "order_id": "O202503180064",
    "customer_id": "C0244",
    "channel": "app",
    "created_at": "2025-03-18 14:55:05",
    "payment_status": "paid",
    "items": [
      {
        "sku": "SKU008",
        "qty": 4,
        "unit_price": 9.9
      },
      {
        "sku": "SKU039",
        "qty": 1,
        "unit_price": 8.0
      },
      {
        "sku": "SKU046",
        "qty": 2,
        "unit_price": 15.0
      },
      {
        "sku": "SKU039",
        "qty": 5,
        "unit_price": 19.9
      }
    ]
  },
  {
    "order_id": "O202503180065",
    "customer_id": "C0018",
    "channel": "web",
    "created_at": "2025-03-18 11:18:08",
    "payment_status": "paid",
    "items": [
      {
        "sku": "SKU002",
        "qty": 1,
        "unit_price": -5.0
      },
      {
        "sku": "SKU034",
        "qty": 4,
        "unit_price": 15.0
      },
      {
        "sku": "SKU031",
        "qty": 2,
        "unit_price": 4.0
      },
      {
        "sku": "SKU008",
        "qty": 1,
        "unit_price": -24.9
      }
    ]
  },
  {
    "order_id": "O202503180066",
    "customer_id": "C0305",
    "channel": "web",
    "created_at": "2025-03-18 15:32:59",
    "payment_status": "paid",
    "items": [
      {
        "sku": "SKU026",
        "qty": 1,
        "unit_price": 5.0
      },
      {
        "sku": "SKU009",
        "qty": 1,
        "unit_price": 5.0
      },
      {
        "sku": "SKU002",
        "qty": 5,
        "unit_price": 8.0
      }
    ]
  },
  {
    "order_id": "O202503180067",
    "customer_id": "C0098",
    "channel": "app",
    "created_at": "2025-03-18 17:37:33",
    "payment_status": "paid",
    "items": [
      {
        "sku": "SKU007",
        "qty": 5,
        "unit_price": 7.5
      },
      {
        "sku": "SKU017",
        "qty": 2,
        "unit_price": 9.9
      },
      {
        "sku": "SKU030",
        "qty": 1,
        "unit_price": 5.0
      }
    ]
  },
  {
    "order_id": "O202503180068",
    "customer_id": "C0691",
    "channel": "app",
    "created_at": "2025-03-18 21:53:23",
    "payment_status": "paid",
    "items": [
      {
        "sku": "SKU015",
        "qty": 2,
        "unit_price": 7.5
      },
      {
        "sku": "SKU037",
        "qty": 1,
        "unit_price": 12.5
      }
    ]
  },
  {
    "order_id": "O202503180069",
    "customer_id": "C0315",
    "channel": "app",
    "created_at": "2025-03-18 16:43:00",
    "payment_status": "paid",
    "items": [
      {
        "sku": "SKU018",
        "qty": 5,
        "unit_price": 12.5
      },
      {
        "sku": "SKU005",
        "qty": 1,
        "unit_price": 19.9
      }
    ]
  },
  {
    "order_id": "O202503180070",
    "customer_id": "C0714",
    "channel": "app",
    "created_at": "2025-03-18 18:33:03",
    "payment_status": "paid",
    "items": [
      {
        "sku": "SKU030",
        "qty": 5,
        "unit_price": 24.9
      },
      {
        "sku": "SKU034",
        "qty": 5,
        "unit_price": 8.0
      },
      {
        "sku": "SKU013",
        "qty": 4,
        "unit_price": 15.0
      }
    ]
  },
  {
    "order_id": "O202503180071",
    "customer_id": "C0703",
    "channel": "app",
    "created_at": "2025-03-18 18:53:55",
    "payment_status": "paid",
    "items": [
      {
        "sku": "SKU018",
        "qty": 1,
        "unit_price": 7.5
      },
      {
        "sku": "SKU014",
        "qty": 5,
        "unit_price": 7.5
      }
    ]
  },
  {
    "order_id": "O202503180072",
    "customer_id": "C0118",
    "channel": "web",
    "created_at": "2025-03-18 17:24:56",
    "payment_status": "paid",
    "items": [
      {
        "sku": "SKU034",
        "qty": 5,
        "unit_price": 9.9
      },
      {
        "sku": "SKU045",
        "qty": 2,
        "unit_price": 5.0
      }
    ]
  },
  {
    "order_id": "O202503180073",
    "customer_id": "C0206",
    "channel": "app",
    "created_at": "2025-03-18 10:56:58",
    "payment_status": "paid",
    "items": [
      {
        "sku": "SKU029",
        "qty": 4,
        "unit_price": 2.5
      },
      {
        "sku": "SKU033",
        "qty": 1,
        "unit_price": 4.0
      },
      {
        "sku": "SKU045",
        "qty": 1,
        "unit_price": 24.9
      }
    ]
  },
  {
    "order_id": "O202503180074",
    "customer_id": "C0130",
    "channel": "web",
    "created_at": "2025-03-18 14:18:32",
    "payment_status": "paid",
    "items": [
      {
        "sku": "SKU036",
        "qty": 1,
        "unit_price": 19.9
      },
      {
        "sku": "SKU012",
        "qty": 1,
        "unit_price": 12.5
      },
      {
        "sku": "SKU007",
        "qty": 1,
        "unit_price": 2.5
      }
    ]
  },
  {
    "order_id": "O202503180075",
    "customer_id": "C0668",
    "channel": "app",
    "created_at": "2025-03-18 12:37:35",
    "payment_status": "paid",
    "items": [
      {
        "sku": "SKU016",
        "qty": 4,
        "unit_price": 19.9
      }
    ]
  },
  {
    "order_id": "O202503180076",
    "customer_id": "C0107",
    "channel": "app",
    "created_at": "2025-03-18 13:51:23",
    "payment_status": "paid",
    "items": [
      {
        "sku": "SKU049",
        "qty": 3,
        "unit_price": 8.0
      }
    ]
  },
  {
    "order_id": "O202503180077",
    "customer_id": "C0136",
    "channel": "web",
    "created_at": "2025-03-18 12:32:15",
    "payment_status": "paid",
    "items": [
      {
        "sku": "SKU017",
        "qty": 3,
        "unit_price": 2.5
      },
      {
        "sku": "SKU048",
        "qty": 4,
        "unit_price": 4.0
      }
    ]
  },
  {
    "order_id": "O202503180078",
    "customer_id": "C0563",
    "channel": "web",
    "created_at": "2025-03-18 12:41:40",
    "payment_status": "paid",
    "items": [
      {
        "sku": "SKU014",
        "qty": 5,
        "unit_price": 24.9
      },
      {
        "sku": "SKU019",
        "qty": 4,
        "unit_price": 12.5
      },
      {
        "sku": "SKU044",
        "qty": 2,
        "unit_price": 8.0
      },
      {
        "sku": "SKU048",
        "qty": 5,
        "unit_price": 15.0
      }
    ]
  },
  {
    "order_id": "O202503180079",
    "customer_id": "C0577",
    "channel": "app",
    "created_at": "2025-03-18 09:34:19",
    "payment_status": "paid",
    "items": [
      {
        "sku": "SKU019",
        "qty": 2,
        "unit_price": 8.0
      }
    ]
  },
  {
    "order_id": "O202503180080",
    "customer_id": "C0709",
    "channel": "app",
    "created_at": "2025-03-18 07:11:27",
    "payment_status": "paid",
    "items": [
      {
        "sku": "SKU004",
        "qty": 3,
        "unit_price": 12.5
      }
    ]
  },
  {
    "order_id": "O202503180081",
    "customer_id": "C0518",
    "channel": "web",
    "created_at": "2025-03-18 10:34:50",
    "payment_status": "paid",
    "items": [
      {
        "sku": "SKU030",
        "qty": 2,
        "unit_price": 12.5
      },
      {
        "sku": "SKU004",
        "qty": 5,
        "unit_price": 2.5
      },
      {
        "sku": "SKU018",
        "qty": 2,
        "unit_price": 4.0
      }
    ]
  },
  {
    "order_id": "O202503180082",
    "customer_id": "C0788",
    "channel": "app",
    "created_at": "2025-03-18 13:12:07",
    "payment_status": "paid",
    "items": [
      {
        "sku": "SKU042",
        "qty": 5,
        "unit_price": 2.5
      },
      {
        "sku": "SKU028",
        "qty": 2,
        "unit_price": 12.5
      },
      {
        "sku": "SKU035",
        "qty": 2,
        "unit_price": 7.5
      }
    ]
  },
  {
    "order_id": "O202503180083",
    "customer_id": "C0742",
    "channel": "web",
    "created_at": "2025-03-18 15:26:30",
    "payment_status": "paid",
    "items": [
      {
        "sku": "SKU001",
        "qty": 5,
        "unit_price": 5.0
      }
    ]
  },
  {
    "order_id": "O202503180084",
    "customer_id": "C0666",
    "channel": "app",
    "created_at": "2025-03-18 12:45:51",
    "payment_status": "paid",
    "items": [
      {
        "sku": "SKU027",
        "qty": 3,
        "unit_price": 12.5
      },
      {
        "sku": "SKU039",
        "qty": 2,
        "unit_price": 8.0
      }
    ]
  },
  {
    "order_id": "O202503180085",
    "customer_id": "C0145",
    "channel": "app",
    "created_at": "2025-03-18 17:29:22",
    "payment_status": "paid",
    "items": [
      {
        "sku": "SKU003",
        "qty": 2,
        "unit_price": 4.0
      }
    ]
  },
  {
    "order_id": "O202503180086",
    "customer_id": "C0647",
    "channel": "app",
    "created_at": "2025-03-18 22:09:32",
    "payment_status": "paid",
    "items": [
      {
        "sku": "SKU043",
        "qty": 4,
        "unit_price": 15.0
      },
      {
        "sku": "SKU018",
        "qty": 4,
        "unit_price": 2.5
      },
      {
        "sku": "SKU034",
        "qty": 2,
        "unit_price": 9.9
      }
    ]
  },
  {
    "order_id": "O202503180087",
    "customer_id": "C0792",
    "channel": "app",
    "created_at": "2025-03-18 09:56:53",
    "payment_status": "paid",
    "items": [
      {
        "sku": "SKU017",
        "qty": 1,
        "unit_price": 8.0
      },
      {
        "sku": "SKU004",
        "qty": 3,
        "unit_price": 2.5
      }
    ]
  },
  {
    "order_id": "O202503180088",
    "customer_id": "C0711",
    "channel": "web",
    "created_at": "2025-03-18 16:30:50",
    "payment_status": "paid",
    "items": [
      {
        "sku": "SKU045",
        "qty": 1,
        "unit_price": 19.9
      }
    ]
  },
  {
    "order_id": "O202503180089",
    "customer_id": "C0523",
    "channel": "app",
    "created_at": "2025-03-18 15:58:25",
    "payment_status": "paid",
    "items": [
      {
        "sku": "SKU033",
        "qty": 5,
        "unit_price": 15.0
      },
      {
        "sku": "SKU008",
        "qty": 2,
        "unit_price": 4.0
      },
      {
        "sku": "SKU024",
        "qty": 3,
        "unit_price": 9.9
      },
      {
        "sku": "SKU006",
        "qty": 4,
        "unit_price": 24.9
      }
    ]
  },
  {
    "order_id": "O202503180090",
    "customer_id": "C0284",
    "channel": "app",
    "created_at": "2025-03-18 17:21:18",
    "payment_status": "paid",
    "items": [
      {
        "sku": "SKU043",
        "qty": 2,
        "unit_price": 15.0
      }
    ]
  },
  {
    "order_id": "O202503180091",
    "customer_id": "C0642",
    "channel": "web",
    "created_at": "2025-03-18 22:43:51",
    "payment_status": "paid",
    "items": [
      {
        "sku": "SKU023",
        "qty": 5,
        "unit_price": 12.5
      },
      {
        "sku": "SKU024",
        "qty": 2,
        "unit_price": 8.0
      }
    ]
  },
  {
    "order_id": "O202503180092",
    "customer_id": "C0113",
    "channel": "web",
    "created_at": "2025-03-18 18:41:22",
    "payment_status": "paid",
    "items": [
      {
        "sku": "SKU015",
        "qty": 2,
        "unit_price": 8.0
      },
      {
        "sku": "SKU014",
        "qty": 1,
        "unit_price": 12.5
      },
      {
        "sku": "SKU006",
        "qty": 2,
        "unit_price": 8.0
      },
      {
        "sku": "SKU016",
        "qty": 4,
        "unit_price": 19.9
      }
    ]
  },
  {
    "order_id": "O202503180093",
    "customer_id": "C0525",
    "channel": "web",
    "created_at": "2025-03-18 09:44:02",
    "payment_status": "paid",
    "items": [
      {
        "sku": "SKU044",
        "qty": 2,
        "unit_price": 19.9
      }
    ]
  },
  {
    "order_id": "O202503180094",
    "customer_id": "C0731",
    "channel": "app",
    "created_at": "2025-03-18 15:33:42",
    "payment_status": "paid",
    "items": [
      {
        "sku": "SKU017",
        "qty": 2,
        "unit_price": 9.9
      },
      {
        "sku": "SKU010",
        "qty": 4,
        "unit_price": 15.0
      },
      {
        "sku": "SKU004",
        "qty": 2,
        "unit_price": 9.9
      }
    ]
  },
  {
    "order_id": "O202503180095",
    "customer_id": "C0292",
    "channel": "web",
    "created_at": "2025-03-18 22:24:25",
    "payment_status": "paid",
    "items": [
      {
        "sku": "SKU044",
        "qty": 2,
        "unit_price": 2.5
      },
      {
        "sku": "SKU009",
        "qty": 3,
        "unit_price": 15.0
      }
    ]
  },
  {
    "order_id": "O202503180096",
    "customer_id": "C0029",
    "channel": "app",
    "created_at": "2025-03-18 22:01:33",
    "payment_status": "paid",
    "items": [
      {
        "sku": "SKU049",
        "qty": 1,
        "unit_price": 7.5
      }
    ]
  },
  {
    "order_id": "O202503180097",
    "customer_id": "C0330",
    "channel": "web",
    "created_at": "2025-03-18 13:23:17",
    "payment_status": "paid",
    "items": [
      {
        "sku": "SKU039",
        "qty": 1,
        "unit_price": 9.9
      },
      {
        "sku": "SKU015",
        "qty": 1,
        "unit_price": 24.9
      },
      {
        "sku": "SKU015",
        "qty": 1,
        "unit_price": 9.9
      }
    ]
  },
  {
    "order_id": "O202503180098",
    "customer_id": "C0464",
    "channel": "app",
    "created_at": "2025-03-18 21:15:09",
    "payment_status": "paid",
    "items": [
      {
        "sku": "SKU006",
        "qty": 3,
        "unit_price": 4.0
      }
    ]
  },
  {
    "order_id": "O202503180099",
    "customer_id": "C0115",
    "channel": "web",
    "created_at": "2025-03-18 11:33:02",
    "payment_status": "paid",
    "items": [
      {
        "sku": "SKU048",
        "qty": 3,
        "unit_price": 7.5
      },
      {
        "sku": "SKU032",
        "qty": 2,
        "unit_price": 2.5
      },
      {
        "sku": "SKU033",
        "qty": 3,
        "unit_price": 8.0
      },
      {
        "sku": "SKU005",
        "qty": 3,
        "unit_price": 24.9
      }
    ]
  },
  {
    "order_id": "O202503180100",
    "customer_id": "C0587",
    "channel": "app",
    "created_at": "2025-03-18 19:31:22",
    "payment_status": "paid",
    "items": [
      {
        "sku": "SKU047",
        "qty": 2,
        "unit_price": 15.0
      },
      {
        "sku": "SKU026",
        "qty": 2,
        "unit_price": 2.5
      },
      {
        "sku": "SKU004",
        "qty": 2,
        "unit_price": 7.5
      }
    ]
  },
  {
    "order_id": "O202503180046",
    "customer_id": "C0723",
    "channel": "app",
    "created_at": "2025-03-18 22:42:19",
    "payment_status": "paid",
    "items": [
      {
        "sku": "SKU007",
        "qty": 1,
        "unit_price": 12.5
      },
      {
        "sku": "SKU024",
        "qty": 5,
        "unit_price": 4.0
      },
      {
        "sku": "SKU044",
        "qty": 2,
        "unit_price": 8.0
      }
    ]
  },
  {
    "order_id": "O202503180044",
    "customer_id": "C0077",
    "channel": "app",
    "created_at": "2025-03-18 09:56:51",
    "payment_status": "pending",
    "items": [
      {
        "sku": "SKU028",
        "qty": 2,
        "unit_price": 12.5
      }
    ]
  },
  {
    "order_id": "O202503180063",
    "customer_id": "C0389",
    "channel": "web",
    "created_at": "2025-03-18 13:55:29",
    "payment_status": "paid",
    "items": [
      {
        "sku": "SKU032",
        "qty": 2,
        "unit_price": 15.0
      },
      {
        "sku": "SKU002",
        "qty": 2,
        "unit_price": 4.0
      }
    ]
  }
]