[
  {
    "order_id": "O202503200001",
    "customer_id": "C0057",
    "channel": "app",
    "created_at": "2025-03-20 09:55:55",
    "payment_status": "paid",
    "items": [
      {
        "sku": "SKU018",
        "qty": 4,
        "unit_price": 4.0
      }
    ]
  },
  {
    "order_id": "O202503200002",
    "customer_id": "C0765",
    "channel": "app",
    "created_at": "2025-03-20 09:51:50",
    "payment_status": "paid",
    "items": [
      {
        "sku": "SKU005",
        "qty": 4,
        "unit_price": 2.5
      }
    ]
  },
  {
    "order_id": "O202503200003",
    "customer_id": "C0118",
    "channel": "web",
    "created_at": "2025-03-20 19:37:09",
    "payment_status": "paid",
    "items": [
      {
        "sku": "SKU001",
        "qty": 5,
        "unit_price": 9.9
      }
    ]
  },
  {
    "order_id": "O202503200004",
    "customer_id": "C0649",
    "channel": "app",
    "created_at": "2025-03-20 20:00:10",
    "payment_status": "paid",
    "items": [
      {
        "sku": "SKU011",
        "qty": 3,
        "unit_price": 9.9
      },
      {
        "sku": "SKU017",
        "qty": 3,
        "unit_price": 2.5
      }
    ]
  },
  {
    "order_id": "O202503200005",
    "customer_id": "C0606",
    "channel": "app",
    "created_at": "2025-03-20 22:14:05",
    "payment_status": "paid",
    "items": [
      {
        "sku": "SKU050",
        "qty": 4,
        "unit_price": 15.0
      }
    ]
  },
  {
    "order_id": "O202503200006",
    "customer_id": "C0258",
    "channel": "web",
    "created_at": "2025-03-20 20:03:23",
    "payment_status": "paid",
    "items": [
      {
        "sku": "SKU025",
        "qty": 2,
        "unit_price": 24.9
      },
      {
        "sku": "SKU026",
        "qty": 1,
        "unit_price": 4.0
      },
      {
        "sku": "SKU038",
        "qty": 5,
        "unit_price": 5.0
      },
      {
        "sku": "SKU050",
        "qty": 4,
        "unit_price": 4.0
      }
    ]
  },
  {
    "order_id": "O202503200007",
    "customer_id": "C0604",
    "channel": "app",
    "created_at": "2025-03-20 17:08:40",
    "payment_status": "paid",
    "items": [
      {
        "sku": "SKU024",
        "qty": 2,
        "unit_price": 2.5
      },
      {
        "sku": "SKU036",
        "qty": 2,
        "unit_price": 12.5
      }
    ]
  },
  {
    "order_id": "O202503200008",
    "customer_id": "C0095",
    "channel": "web",
    "created_at": "2025-03-20 20:12:30",
    "payment_status": "paid",
    "items": [
      {
        "sku": "SKU042",
        "qty": 1,
        "unit_price": 15.0
      }
    ]
  },
  {
    "order_id": "O202503200009",
    "customer_id": "C0795",
    "channel": "app",
    "created_at": "2025-03-20 21:02:43",
    "payment_status": "failed",
    "items": [
      {
        "sku": "SKU031",
        "qty": 4,
        "unit_price": 24.9
      },
      {
        "sku": "SKU046",
        "qty": 1,
        "unit_price": 15.0
      },
      {
        "sku": "SKU038",
        "qty": 1,
        "unit_price": 12.5
      }
    ]
  },
  {
    "order_id": "O202503200010",
    "customer_id": "C0273",
    "channel": "web",
    "created_at": "2025-03-20 10:21:23",
    "payment_status": "paid",
    "items": [
      {
        "sku": "SKU013",
        "qty": 5,
        "unit_price": 5.0
      },
      {
        "sku": "SKU028",
        "qty": 3,
        "unit_price": 12.5
      }
    ]
  },
  {
    "order_id": "O202503200011",
    "customer_id": "C0560",
    "channel": "app",
    "created_at": "2025-03-20 17:50:39",
    "payment_status": "paid",
    "items": [
      {
        "sku": "SKU008",
        "qty": 5,
        "unit_price": 4.0
      },
      {
        "sku": "SKU030",
        "qty": 4,
        "unit_price": -2.5
      },
      {
        "sku": "SKU036",
        "qty": 4,
        "unit_price": 24.9
      },
      {
        "sku": "SKU003",
        "qty": 5,
        "unit_price": 8.0
      }
    ]
  },
  {
    "order_id": "O202503200012",
    "customer_id": "C0521",
    "channel": "app",
    "created_at": "2025-03-20 07:14:44",
    "payment_status": "paid",
    "items": [
      {
        "sku": "SKU034",
        "qty": 5,
        "unit_price": 12.5
      },
      {
        "sku": "SKU038",
        "qty": 3,
        "unit_price": 7.5
      },
      {
        "sku": "SKU022",
        "qty": 5,
        "unit_price": 15.0
      },
      {
        "sku": "SKU040",
        "qty": 2,
        "unit_price": 15.0
      }
    ]
  },
  {
    "order_id": "O202503200013",
    "customer_id": "C0486",
    "channel": "app",
    "created_at": "2025-03-20 14:18:19",
    "payment_status": "paid",
    "items": [
      {
        "sku": "SKU025",
        "qty": 5,
        "unit_price": 9.9
      }
    ]
  },
  {
    "order_id": "O202503200014",
    "customer_id": "C0523",
    "channel": "app",
    "created_at": "2025-03-20 19:39:04",
    "payment_status": "paid",
    "items": [
      {
        "sku": "SKU047",
        "qty": 3,
        "unit_price": 19.9
      },
      {
        "sku": "SKU031",
        "qty": 5,
        "unit_price": 4.0
      }
    ]
  },
  {
    "order_id": "O202503200015",
    "customer_id": "C0304",
    "channel": "web",
    "created_at": "2025-03-20 22:08:07",
    "payment_status": "paid",
    "items": [
      {
        "sku": "SKU049",
        "qty": 2,
        "unit_price": 9.9
      },
      {
        "sku": "SKU009",
        "qty": 5,
        "unit_price": 9.9
      },
      {
        "sku": "SKU035",
        "qty": 2,
        "unit_price": 19.9
      },
      {
        "sku": "SKU037",
        "qty": 4,
        "unit_price": 8.0
      }
    ]
  },
  {
    "order_id": "O202503200016",
    "customer_id": "C0527",
    "channel": "app",
    "created_at": "2025-03-20 10:48:16",
    "payment_status": "paid",
    "items": [
      {
        "sku": "SKU049",
        "qty": 1,
        "unit_price": 9.9
      },
      {
        "sku": "SKU049",
        "qty": 5,
        "unit_price": 7.5
      }
    ]
  },
  {
    "order_id": "O202503200017",
    "customer_id": "C0270",
    "channel": "web",
    "created_at": "2025-03-20 07:39:58",
    "payment_status": "paid",
    "items": [
      {
        "sku": "SKU005",
        "qty": 3,
        "unit_price": 8.0
      },
      {
        "sku": "SKU022",
        "qty": 2,
        "unit_price": 9.9
      },
      {
        "sku": "SKU002",
        "qty": 3,
        "unit_price": 12.5
      }
    ]
  },
  {
    "order_id": "O202503200018",
    "customer_id": "C0477",
    "channel": "app",
    "created_at": "2025-03-20 12:10:31",
    "payment_status": "paid",
    "items": [
      {
        "sku": "SKU012",
        "qty": 2,
        "unit_price": 7.5
      },
      {
        "sku": "SKU011",
        "qty": 2,
        "unit_price": 8.0
      },
      {
        "sku": "SKU006",
        "qty": 5,
        "unit_price": 9.9
      }
    ]
  },
  {
    "order_id": "O202503200019",
    "customer_id": "C0717",
    "channel": "web",
    "created_at": "2025-03-20 10:53:31",
    "payment_status": "paid",
    "items": [
      {
        "sku": "SKU012",
        "qty": 3,
        "unit_price": 15.0
      },
      {
        "sku": "SKU023",
        "qty": 1,
        "unit_price": 4.0
      }
    ]
  },
  {
    "order_id": "O202503200020",
    "customer_id": "C0095",
    "channel": "app",
    "created_at": "2025-03-20 10:32:28",
    "payment_status": "paid",
    "items": [
      {
        "sku": "SKU010",
        "qty": 4,
        "unit_price": 9.9
      },
      {
        "sku": "SKU050",
        "qty": 2,
        "unit_price": 7.5
      },
      {
        "sku": "SKU013",
        "qty": 2,
        "unit_price": 12.5
      },
      {
        "sku": "SKU013",
        "qty": 1,
        "unit_price": 24.9
      }
    ]
  },
  {
    "order_id": "O202503200021",
    "customer_id": "C0125",
    "channel": "app",
    "created_at": "2025-03-20 09:53:01",
    "payment_status": "paid",
    "items": [
      {
        "sku": "SKU048",
        "qty": 4,
        "unit_price": 24.9
      },
      {
        "sku": "SKU005",
        "qty": 3,
        "unit_price": 24.9
      }
    ]
  },
  {
    "order_id": "O202503200022",
    "customer_id": "C0668",
    "channel": "app",
    "created_at": "2025-03-20 17:48:29",
    "payment_status": "paid",
    "items": [
      {
        "sku": "SKU032",
        "qty": 4,
        "unit_price": 15.0
      }
    ]
  },
  {
    "order_id": "O202503200023",
    "customer_id": "C0501",
    "channel": "app",
    "created_at": "2025-03-20 13:53:31",
    "payment_status": "paid",
    "items": [
      {
        "sku": "SKU031",
        "qty": 4,
        "unit_price": 24.9
      },
      {
        "sku": "SKU037",
        "qty": 5,
        "unit_price": 8.0
      },
      {
        "sku": "SKU001",
        "qty": 5,
        "unit_price": 4.0
      }
    ]
  },
  {
    "order_id": "O202503200024",
    "customer_id": "C0064",
    "channel": "app",
    "created_at": "2025-03-20 21:58:11",
    "payment_status": "paid",
    "items": [
      {
        "sku": "SKU001",
        "qty": 3,
        "unit_price": 15.0
      },
      {
        "sku": "SKU018",
        "qty": 3,
        "unit_price": 4.0
      }
    ]
  },
  {
    "order_id": "O202503200025",
    "customer_id": "C0370",
    "channel": "app",
    "created_at": "2025-03-20 18:40:40",
    "payment_status": "paid",
    "items": [
      {
        "sku": "SKU025",
        "qty": 1,
        "unit_price": 4.0
      },
      {
        "sku": "SKU010",
        "qty": 3,
        "unit_price": 15.0
      },
      {
        "sku": "SKU040",
        "qty": 1,
        "unit_price": 24.9
      }
    ]
  },
  {
    "order_id": "O202503200026",
    "customer_id": "C0640",
    "channel": "app",
    "created_at": "2025-03-20 10:44:40",
    "payment_status": "paid",
    "items": [
      {
        "sku": "SKU009",
        "qty": 2,
        "unit_price": 8.0
      },
      {
        "sku": "SKU048",
        "qty": 1,
        "unit_price": 2.5
      },
      {
        "sku": "SKU023",
        "qty": 4,
        "unit_price": 12.5
      }
    ]
  },
  {
    "order_id": "O202503200027",
    "customer_id": "C0255",
    "channel": "web",
    "created_at": "2025-03-20 13:58:17",
    "payment_status": "paid",
    "items": [
      {
        "sku": "SKU004",
        "qty": 2,
        "unit_price": 2.5
      }
    ]
  },
  {
    "order_id": "O202503200028",
    "customer_id": "C0798",
    "channel": "app",
    "created_at": "2025-03-20 13:58:07",
    "payment_status": "paid",
    "items": [
      {
        "sku": "SKU009",
        "qty": 5,
        "unit_price": 5.0
      },
      {
        "sku": "SKU010",
        "qty": 2,
        "unit_price": 24.9
      },
      {
        "sku": "SKU021",
        "qty": 2,
        "unit_price": 7.5
      },
      {
        "sku": "SKU024",
        "qty": 4,
        "unit_price": 2.5
      }
    ]
  },
  {
    "order_id": "O202503200029",
    "customer_id": "C0209",
    "channel": "app",
    "created_at": "2025-03-20 16:43:25",
    "payment_status": "paid",
    "items": [
      {
        "sku": "SKU048",
        "qty": 5,
        "unit_price": 8.0
      }
    ]
  },
  {
    "order_id": "O202503200030",
    "customer_id": "C0497",
    "channel": "web",
    "created_at": "2025-03-20 14:46:03",
    "payment_status": "paid",
    "items": [
      {
        "sku": "SKU016",
        "qty": 2,
        "unit_price": 4.0
      },
      {
        "sku": "SKU049",
        "qty": 2,
        "unit_price": 8.0
      },
      {
        "sku": "SKU002",
        "qty": 2,
        "unit_price": 4.0
      }
    ]
  },
  {
    "order_id": "O202503200031",
    "customer_id": "C0293",
    "channel": "app",
    "created_at": "2025-03-20 22:05:39",
    "payment_status": "paid",
    "items": [
      {
        "sku": "SKU038",
        "qty": 5,
        "unit_price": 24.9
      }
    ]
  },
  {
    "order_id": "O202503200032",
    "customer_id": "C0659",
    "channel": "app",
    "created_at": "2025-03-20 20:35:39",
    "payment_status": "paid",
    "items": [
      {
        "sku": "SKU009",
        "qty": 3,
        "unit_price": 15.0
      }
    ]
  },
  {
    "order_id": "O202503200033",
    "customer_id": "C0060",
    "channel": "web",
    "created_at": "2025-03-20 16:19:46",
    "payment_status": "paid",
    "items": [
      {
        "sku": "SKU041",
        "qty": 5,
        "unit_price": 2.5
      },
      {
        "sku": "SKU042",
        "qty": 1,
        "unit_price": 15.0
      },
      {
        "sku": "SKU009",
        "qty": 3,
        "unit_price": 8.0
      },
      {
        "sku": "SKU014",
        "qty": 1,
        "unit_price": 24.9
      }
    ]
  },
  {
    "order_id": "O202503200034",
    "customer_id": "C0178",
    "channel": "app",
    "created_at": "2025-03-20 08:38:40",
    "payment_status": "paid",
    "items": [
      {
        "sku": "SKU009",
        "qty": 1,
        "unit_price": 15.0
      },
      {
        "sku": "SKU047",
        "qty": 2,
        "unit_price": 4.0
      },
      {
        "sku": "SKU021",
        "qty": 4,
        "unit_price": 8.0
      }
    ]
  },
  {
    "order_id": "O202503200035",
    "customer_id": "C0582",
    "channel": "web",
    "created_at": "2025-03-20 12:22:49",
    "payment_status": "paid",
    "items": [
      {
        "sku": "SKU026",
        "qty": 1,
        "unit_price": 4.0
      },
      {
        "sku": "SKU002",
        "qty": 4,
        "unit_price": 8.0
      },
      {
        "sku": "SKU004",
        "qty": 1,
        "unit_price": 2.5
      }
    ]
  },
  {
    "order_id": "O202503200036",
    "customer_id": "C0132",
    "channel": "app",
    "created_at": "2025-03-20 08:40:21",
    "payment_status": "paid",
    "items": [
      {
        "sku": "SKU001",
        "qty": 1,
        "unit_price": 24.9
      },
      {
        "sku": "SKU002",
        "qty": 3,
        "unit_price": 4.0
      },
      {
        "sku": "SKU034",
        "qty": 2,
        "unit_price": 15.0
      }
    ]
  },
  {
    "order_id": "O202503200037",
    "customer_id": "C0246",
    "channel": "app",
    "created_at": "2025-03-20 22:38:12",
    "payment_status": "paid",
    "items": [
      {
        "sku": "SKU029",
        "qty": 3,
        "unit_price": 2.5
      },
      {
        "sku": "SKU029",
        "qty": 2,
        "unit_price": 7.5
      }
    ]
  },
  {
    "order_id": "O202503200038",
    "customer_id": "C0633",
    "channel": "app",
    "created_at": "2025-03-20 07:42:00",
    "payment_status": "paid",
    "items": [
      {
        "sku": "SKU009",
        "qty": 4,
        "unit_price": 9.9
      },
      {
        "sku": "SKU035",
        "qty": 3,
        "unit_price": 19.9
      },
      {
        "sku": "SKU046",
        "qty": 5,
        "unit_price": 19.9
      }
    ]
  },
  {
    "order_id": "O202503200039",
    "customer_id": "C0700",
    "channel": "app",
    "created_at": "2025-03-20 21:41:32",
    "payment_status": "paid",
    "items": [
      {
        "sku": "SKU032",
        "qty": 5,
        "unit_price": 4.0
      },
      {
        "sku": "SKU004",
        "qty": 3,
        "unit_price": 9.9
      },
      {
        "sku": "SKU046",
        "qty": 1,
        "unit_price": 7.5
      },
      {
        "sku": "SKU014",
        "qty": 5,
        "unit_price": 2.5
      }
    ]
  },
  {
    "order_id": "O202503200040",
    "customer_id": "C0263",
    "channel": "app",
    "created_at": "2025-03-20 16:40:18",
    "payment_status": "paid",
    "items": [
      {
        "sku": "SKU027",
        "qty": 2,
        "unit_price": 7.5
      },
      {
        "sku": "SKU044",
        "qty": 1,
        "unit_price": 2.5
      },
      {
        "sku": "SKU032",
        "qty": 1,
        "unit_price": 19.9
      },
      {
        "sku": "SKU041",
        "qty": 5,
        "unit_price": 5.0
      }
    ]
  },
  {
    "order_id": "O202503200041",
    "customer_id": "C0507",
    "channel": "app",
    "created_at": "2025-03-20 12:33:23",
    "payment_status": "paid",
    "items": [
      {
        "sku": "SKU036",
        "qty": 5,
        "unit_price": 2.5
      },
      {
        "sku": "SKU024",
        "qty": 2,
        "unit_price": 19.9
      },
      {
        "sku": "SKU013",
        "qty": 3,
        "unit_price": 4.0
      },
      {
        "sku": "SKU034",
        "qty": 2,
        "unit_price": 2.5
      }
    ]
  },
  {
    "order_id": "O202503200042",
    "customer_id": "C0766",
    "channel": "app",
    "created_at": "2025-03-20 15:15:20",
    "payment_status": "paid",
    "items": [
      {
        "sku": "SKU044",
        "qty": 1,
        "unit_price": 12.5
      }
    ]
  },
  {
    "order_id": "O202503200043",
    "customer_id": "C0193",
    "channel": "web",
    "created_at": "2025-03-20 09:26:14",
    "payment_status": "paid",
    "items": [
      {
        "sku": "SKU025",
        "qty": 3,
        "unit_price": 15.0
      },
      {
        "sku": "SKU040",
        "qty": 5,
        "unit_price": 8.0
      }
    ]
  },
  {
    "order_id": "O202503200044",
    "customer_id": "C0577",
    "channel": "web",
    "created_at": "2025-03-20 10:01:27",
    "payment_status": "paid",
    "items": [
      {
        "sku": "SKU042",
        "qty": 3,
        "unit_price": 12.5
      },
      {
        "sku": "SKU010",
        "qty": 1,
        "unit_price": 24.9
      },
      {
        "sku": "SKU019",
        "qty": 4,
        "unit_price": 9.9
      },
      {
        "sku": "SKU029",
        "qty": 5,
        "unit_price": 15.0
      }
    ]
  },
  {
    "order_id": "O202503200045",
    "customer_id": "C0376",
    "channel": "web",
    "created_at": "2025-03-20 11:34:11",
    "payment_status": "paid",
    "items": [
      {
        "sku": "SKU001",
        "qty": 3,
        "unit_price": 9.9
      },
      {
        "sku": "SKU014",
        "qty": 5,
        "unit_price": 24.9
      },
      {
        "sku": "SKU041",
        "qty": 2,
        "unit_price": 12.5
      }
    ]
  },
  {
    "order_id": "O202503200046",
    "customer_id": "C0337",
    "channel": "web",
    "created_at": "2025-03-20 16:02:24",
    "payment_status": "paid",
    "items": [
      {
        "sku": "SKU036",
        "qty": 4,
        "unit_price": 12.5
      },
      {
        "sku": "SKU007",
        "qty": 4,
        "unit_price": 19.9
      },
      {
        "sku": "SKU009",
        "qty": 2,
        "unit_price": 19.9
      },
      {
        "sku": "SKU046",
        "qty": 2,
        "unit_price": 24.9
      }
    ]
  },
  {
    "order_id": "O202503200047",
    "customer_id": "C0361",
    "channel": "web",
    "created_at": "2025-03-20 12:45:29",
    "payment_status": "paid",
    "items": [
      {
        "sku": "SKU050",
        "qty": 3,
        "unit_price": 2.5
      },
      {
        "sku": "SKU020",
        "qty": 2,
        "unit_price": 12.5
      },
      {
        "sku": "SKU002",
        "qty": 4,
        "unit_price": 5.0
      },
      {
        "sku": "SKU036",
        "qty": 1,
        "unit_price": 7.5
      }
    ]
  },
  {
    "order_id": "O202503200048",
    "customer_id": "C0596",
    "channel": "web",
    "created_at": "2025-03-20 13:39:55",
    "payment_status": "paid",
    "items": [
      {
        "sku": "SKU013",
        "qty": 4,
        "unit_price": 15.0
      }
    ]
  },
  {
    "order_id": "O202503200049",
    "customer_id": "C0411",
    "channel": "web",
    "created_at": "2025-03-20 07:48:14",
    "payment_status": "paid",
    "items": [
      {
        "sku": "SKU022",
        "qty": 5,
        "unit_price": 8.0
      },
      {
        "sku": "SKU045",
        "qty": 3,
        "unit_price": 4.0
      }
    ]
  },
  {
    "order_id": "O202503200050",
    "customer_id": "C0112",
    "channel": "web",
    "created_at": "2025-03-20 14:53:28",
    "payment_status": "paid",
    "items": [
      {
        "sku": "SKU047",
        "qty": 2,
        "unit_price": 5.0
      },
      {
        "sku": "SKU025",
        "qty": 4,
        "unit_price": 8.0
      },
      {
        "sku": "SKU034",
        "qty": 2,
        "unit_price": 24.9
      },
      {
        "sku": "SKU038",
        "qty": 4,
        "unit_price": 19.9
      }
    ]
  },
  {
    "order_id": "O202503200051",
    "customer_id": "C0625",
    "channel": "app",
    "created_at": "2025-03-20 20:30:34",
    "payment_status": "paid",
    "items": [
      {
        "sku": "SKU030",
        "qty": 4,
        "unit_price": 9.9
      },
      {
        "sku": "SKU029",
        "qty": 2,
        "unit_price": 19.9
      },
      {
        "sku": "SKU046",
        "qty": 5,
        "unit_price": 9.9
      },
      {
        "sku": "SKU032",
        "qty": 4,
        "unit_price": 9.9
      }
    ]
  },
  {
    "order_id": "O202503200052",
    "customer_id": "C0646",
    "channel": "web",
    "created_at": "2025-03-20 14:11:06",
    "payment_status": "paid",
    "items": [
      {
        "sku": "SKU045",
        "qty": 3,
        "unit_price": 4.0
      },
      {
        "sku": "SKU022",
        "qty": 5,
        "unit_price": 7.5
      },
      {
        "sku": "SKU045",
        "qty": 3,
        "unit_price": 24.9
      }
    ]
  },
  {
    "order_id": "O202503200053",
    "customer_id": "C0207",
    "channel": "web",
    "created_at": "2025-03-20 12:57:24",
    "payment_status": "paid",
    "items": [
      {
        "sku": "SKU045",
        "qty": 2,
        "unit_price": 2.5
      }
    ]
  },
  {
    "order_id": "O202503200054",
    "customer_id": "C0232",
    "channel": "app",
    "created_at": "2025-03-20 21:09:01",
    "payment_status": "paid",
    "items": [
      {
        "sku": "SKU021",
        "qty": 5,
        "unit_price": 2.5
      },
      {
        "sku": "SKU047",
        "qty": 5,
        "unit_price": 7.5
      },
      {
        "sku": "SKU018",
        "qty": 4,
        "unit_price": 19.9
      },
      {
        "sku": "SKU050",
        "qty": 2,
        "unit_price": 15.0
      }
    ]
  },
  {
    "order_id": "O202503200055",
    "customer_id": "C0445",
    "channel": "web",
    "created_at": "2025-03-20 19:45:28",
    "payment_status": "paid",
    "items": [
      {
        "sku": "SKU048",
        "qty": 4,
        "unit_price": 12.5
      },
      {
        "sku": "SKU018",
        "qty": 1,
        "unit_price": 24.9
      },
      {
        "sku": "SKU019",
        "qty": 4,
        "unit_price": 15.0
      }
    ]
  },
  {
    "order_id": "O202503200056",
    "customer_id": "C0477",
    "channel": "web",
    "created_at": "2025-03-20 11:51:41",
    "payment_status": "paid",
    "items": [
      {
        "sku": "SKU021",
        "qty": 2,
        "unit_price": 12.5
      }
    ]
  },
  {
    "order_id": "O202503200057",
    "customer_id": "C0098",
    "channel": "app",
    "created_at": "2025-03-20 13:02:21",
    "payment_status": "paid",
    "items": [
      {
        "sku": "SKU014",
        "qty": 2,
        "unit_price": 5.0
      },
      {
        "sku": "SKU002",
        "qty": 2,
        "unit_price": 7.5
      },
      {
        "sku": "SKU042",
        "qty": 2,
        "unit_price": 12.5
      }
    ]
  },
  {
    "order_id": "O202503200058",
    "customer_id": "C0188",
    "channel": "web",
    "created_at": "2025-03-20 09:32:52",
    "payment_status": "pending",
    "items": [
      {
        "sku": "SKU037",
        "qty": 5,
        "unit_price": 24.9
      },
      {
        "sku": "SKU025",
        "qty": 1,
        "unit_price": 7.5
      },
      {
        "sku": "SKU026",
        "qty": 5,
        "unit_price": 5.0
      },
      {
        "sku": "SKU024",
        "qty": 4,
        "unit_price": 9.9
      }
    ]
  },
  {
    "order_id": "O202503200059",
    "customer_id": "C0606",
    "channel": "app",
    "created_at": "2025-03-20 20:11:08",
    "payment_status": "paid",
    "items": [
      {
        "sku": "SKU025",
        "qty": 4,
        "unit_price": 4.0
      },
      {
        "sku": "SKU027",
        "qty": 2,
        "unit_price": 12.5
      }
    ]
  },
  {
    "order_id": "O202503200060",
    "customer_id": "C0722",
    "channel": "web",
    "created_at": "2025-03-20 08:00:48",
    "payment_status": "paid",
    "items": [
      {
        "sku": "SKU029",
        "qty": 4,
        "unit_price": 5.0
      },
      {
        "sku": "SKU013",
        "qty": 2,
        "unit_price": 15.0
      }
    ]
  },
  {
    "order_id": "O202503200061",
    "customer_id": "C0475",
    "channel": "web",
    "created_at": "2025-03-20 21:16:31",
    "payment_status": "paid",
    "items": [
      {
        "sku": "SKU016",
        "qty": 1,
        "unit_price": 2.5
      },
      {
        "sku": "SKU047",
        "qty": 1,
        "unit_price": 5.0
      },
      {
        "sku": "SKU031",
        "qty": 5,
        "unit_price": 9.9
      }
    ]
  },
  {
    "order_id": "O202503200062",
    "customer_id": "C0363",
    "channel": "web",
    "created_at": "2025-03-20 19:35:46",
    "payment_status": "paid",
    "items": [
      {
        "sku": "SKU002",
        "qty": 1,
        "unit_price": 9.9
      },
      {
        "sku": "SKU027",
        "qty": 4,
        "unit_price": 2.5
      },
      {
        "sku": "SKU008",
        "qty": 3,
        "unit_price": 24.9
      }
    ]
  },
  {
    "order_id": "O202503200063",
    "customer_id": "C0047",
    "channel": "app",
    "created_at": "2025-03-20 14:32:06",
    "payment_status": "paid",
    "items": [
      {
        "sku": "SKU036",
        "qty": 1,
        "unit_price": 24.9
      }
    ]
  },
  {
    "order_id": "O202503200064",
    "customer_id": "C0678",
    "channel": "web",
    "created_at": "2025-03-20 18:37:42",
    "payment_status": "paid",
    "items": [
      {
        "sku": "SKU003",
        "qty": 5,
        "unit_price": 19.9
      },
      {
        "sku": "SKU049",
        "qty": 2,
        "unit_price": 4.0
      }
    ]
  },
  {
    "order_id": "O202503200065",
    "customer_id": "C0029",
    "channel": "web",
    "created_at": "2025-03-20 18:19:28",
    "payment_status": "paid",
    "items": [
      {
        "sku": "SKU039",
        "qty": 1,
        "unit_price": 7.5
      },
      {
        "sku": "SKU017",
        "qty": 5,
        "unit_price": 24.9
      }
    ]
  },
  {
    "order_id": "O202503200066",
    "customer_id": "C0741",
    "channel": "web",
    "created_at": "2025-03-20 22:54:33",
    "payment_status": "paid",
    "items": [
      {
        "sku": "SKU050",
        "qty": 1,
        "unit_price": 15.0
      },
      {
        "sku": "SKU041",
        "qty": 4,
        "unit_price": 9.9
      }
    ]
  },
  {
    "order_id": "O202503200067",
    "customer_id": "C0155",
    "channel": "web",
    "created_at": "2025-03-20 19:38:33",
    "payment_status": "paid",
    "items": [
      {
        "sku": "SKU027",
        "qty": 1,
        "unit_price": 7.5
      },
      {
        "sku": "SKU038",
        "qty": 2,
        "unit_price": 5.0
      },
      {
        "sku": "SKU020",
        "qty": 4,
        "unit_price": 9.9
      },
      {
        "sku": "SKU018",
        "qty": 2,
        "unit_price": 9.9
      }
    ]
  },
  {
    "order_id": "O202503200068",
    "customer_id": "C0150",
    "channel": "app",
    "created_at": "2025-03-20 10:41:47",
    "payment_status": "paid",
    "items": [
      {
        "sku": "SKU011",
        "qty": 3,
        "unit_price": 9.9
      },
      {
        "sku": "SKU001",
        "qty": 4,
        "unit_price": 15.0
      },
      {
        "sku": "SKU017",
        "qty": 1,
        "unit_price": 15.0
      }
    ]
  },
  {
    "order_id": "O202503200069",
    "customer_id": "C0674",
    "channel": "web",
    "created_at": "2025-03-20 21:01:30",
    "payment_status": "paid",
    "items": [
      {
        "sku": "SKU018",
        "qty": 4,
        "unit_price": 5.0
      },
      {
        "sku": "SKU008",
        "qty": 4,
        "unit_price": 4.0
      }
    ]
  },
  {
    "order_id": "O202503200070",
    "customer_id": "C0735",
    "channel": "web",
    "created_at": "2025-03-20 11:55:04",
    "payment_status": "paid",
    "items": [
      {
        "sku": "SKU029",
        "qty": 5,
        "unit_price": 9.9
      }
    ]
  },
  {
    "order_id": "O202503200071",
    "customer_id": "C0324",
    "channel": "web",
    "created_at": "2025-03-20 13:39:24",
    "payment_status": "failed",
    "items": [
      {
        "sku": "SKU047",
        "qty": 3,
        "unit_price": 5.0
      },
      {
        "sku": "SKU007",
        "qty": 1,
        "unit_price": 24.9
      }
    ]
  },
  {
    "order_id": "O202503200072",
    "customer_id": "C0625",
    "channel": "web",
    "created_at": "2025-03-20 20:52:22",
    "payment_status": "paid",
    "items": [
      {
        "sku": "SKU049",
        "qty": 2,
        "unit_price": 4.0
      },
      {
        "sku": "SKU036",
        "qty": 3,
        "unit_price": 24.9
      }
    ]
  },
  {
    "order_id": "O202503200073",
    "customer_id": "C0492",
    "channel": "web",
    "created_at": "2025-03-20 11:10:10",
    "payment_status": "paid",
    "items": [
      {
        "sku": "SKU003",
        "qty": 4,
        "unit_price": 2.5
      },
      {
        "sku": "SKU016",
        "qty": 4,
        "unit_price": 15.0
      },
      {
        "sku": "SKU050",
        "qty": 1,
        "unit_price": 19.9
      }
    ]
  },
  {
    "order_id": "O202503200074",
    "customer_id": "C0133",
    "channel": "web",
    "created_at": "2025-03-20 18:51:37",
    "payment_status": "paid",
    "items": [
      {
        "sku": "SKU040",
        "qty": 1,
        "unit_price": 15.0
      },
      {
        "sku": "SKU041",
        "qty": 5,
        "unit_price": 4.0
      },
      {
        "sku": "SKU032",
        "qty": 2,
        "unit_price": 15.0
      }
    ]
  },
  {
    "order_id": "O202503200075",
    "customer_id": "C0016",
    "channel": "web",
    "created_at": "2025-03-20 08:16:03",
    "payment_status": "failed",
    "items": [
      {
        "sku": "SKU013",
        "qty": 5,
        "unit_price": 7.5
      },
      {
        "sku": "SKU018",
        "qty": 2,
        "unit_price": 15.0
      }
    ]
  },
  {
    "order_id": "O202503200076",
    "customer_id": "C0553",
    "channel": "web",
    "created_at": "2025-03-20 19:44:34",
    "payment_status": "paid",
    "items": [
      {
        "sku": "SKU035",
        "qty": 3,
        "unit_price": 5.0
      }
    ]
  },
  {
    "order_id": "O202503200077",
    "customer_id": "C0037",
    "channel": "web",
    "created_at": "2025-03-20 10:23:10",
    "payment_status": "paid",
    "items": [
      {
        "sku": "SKU024",
        "qty": 1,
        "unit_price": 4.0
      },
      {
        "sku": "SKU032",
        "qty": 5,
        "unit_price": 4.0
      },
      {
        "sku": "SKU024",
        "qty": 5,
        "unit_price": 15.0
      }
    ]
  },
  {
    "order_id": "O202503200078",
    "customer_id": "C0402",
    "channel": "web",
    "created_at": "2025-03-20 11:10:22",
    "payment_status": "failed",
    "items": [
      {
        "sku": "SKU041",
        "qty": 3,
        "unit_price": 24.9
      }
    ]
  },
  {
    "order_id": "O202503200079",
    "customer_id": "C0046",
    "channel": "app",
    "created_at": "2025-03-20 13:57:14",
    "payment_status": "paid",
    "items": [
      {
        "sku": "SKU027",
        "qty": 1,
        "unit_price": 8.0
      }
    ]
  },
  {
    "order_id": "O202503200080",
    "customer_id": "C0513",
    "channel": "web",
    "created_at": "2025-03-20 10:56:09",
    "payment_status": "paid",
    "items": [
      {
        "sku": "SKU037",
        "qty": 5,
        "unit_price": 15.0
      },
      {
        "sku": "SKU035",
        "qty": 3,
        "unit_price": 9.9
      },
      {
        "sku": "SKU023",
        "qty": 3,
        "unit_price": 24.9
      }
    ]
  },
  {
    "order_id": "O202503200081",
    "customer_id": "C0494",
    "channel": "app",
    "created_at": "2025-03-20 16:43:57",
    "payment_status": "paid",
    "items": [
      {
        "sku": "SKU008",
        "qty": 1,
        "unit_price": 15.0
      },
      {
        "sku": "SKU049",
        "qty": 3,
        "unit_price": 7.5
      },
      {
        "sku": "SKU021",
        "qty": 1,
        "unit_price": 15.0
      }
    ]
  },
  {
    "order_id": "O202503200082",
    "customer_id": "C0269",
    "channel": "app",
    "created_at": "2025-03-20 21:18:09",
    "payment_status": "paid",
    "items": [
      {
        "sku": "SKU038",
        "qty": 3,
        "unit_price": 19.9
      },
      {
        "sku": "SKU016",
        "qty": 5,
        "unit_price": 4.0
      },
      {
        "sku": "SKU044",
        "qty": 3,
        "unit_price": 19.9
      },
      {
        "sku": "SKU001",
        "qty": 1,
        "unit_price": 19.9
      }
    ]
  },
  {
    "order_id": "O202503200083",
    "customer_id": "C0102",
    "channel": "web",
    "created_at": "2025-03-20 10:04:04",
    "payment_status": "paid",
    "items": [
      {
        "sku": "SKU050",
        "qty": 2,
        "unit_price": 4.0
      },
      {
        "sku": "SKU010",
        "qty": 1,
        "unit_price": 8.0
      },
      {
        "sku": "SKU031",
        "qty": 1,
        "unit_price": 2.5
      }
    ]
  },
  {
    "order_id": "O202503200084",
    "customer_id": "C0634",
    "channel": "app",
    "created_at": "2025-03-20 14:48:16",
    "payment_status": "paid",
    "items": [
      {
        "sku": "SKU015",
        "qty": 1,
        "unit_price": 8.0
      },
      {
        "sku": "SKU019",
        "qty": 1,
        "unit_price": 4.0
      }
    ]
  },
  {
    "order_id": "O202503200085",
    "customer_id": "C0369",
    "channel": "app",
    "created_at": "2025-03-20 14:00:05",
    "payment_status": "paid",
    "items": [
      {
        "sku": "SKU038",
        "qty": 2,
        "unit_price": 9.9
      },
      {
        "sku": "SKU046",
        "qty": 5,
        "unit_price": 7.5
      },
      {
        "sku": "SKU043",
        "qty": 3,
        "unit_price": 12.5
      },
      {
        "sku": "SKU042",
        "qty": 3,
        "unit_price": 9.9
      }
    ]
  },
  {
    "order_id": "O202503200086",
    "customer_id": "C0052",
    "channel": "app",
    "created_at": "2025-03-20 12:14:48",
    "payment_status": "paid",
    "items": [
      {
        "sku": "SKU010",
        "qty": 1,
        "unit_price": 15.0
      },
      {
        "sku": "SKU002",
        "qty": 4,
        "unit_price": 15.0
      }
    ]
  },
  {
    "order_id": "O202503200087",
    "customer_id": "C0076",
    "channel": "web",
    "created_at": "2025-03-20 16:44:32",
    "payment_status": "paid",
    "items": [
      {
        "sku": "SKU044",
        "qty": 3,
        "unit_price": 15.0
      },
      {
        "sku": "SKU018",
        "qty": 1,
        "unit_price": 2.5
      }
    ]
  },
  {
    "order_id": "O202503200088",
    "customer_id": "C0262",
    "channel": "app",
    "created_at": "2025-03-20 08:18:06",
    "payment_status": "paid",
    "items": [
      {
        "sku": "SKU031",
        "qty": 3,
        "unit_price": 2.5
      },
      {
        "sku": "SKU045",
        "qty": 2,
        "unit_price": 24.9
      },
      {
        "sku": "SKU010",
        "qty": 4,
        "unit_price": 8.0
      },
      {
        "sku": "SKU037",
        "qty": 5,
        "unit_price": 9.9
      }
    ]
  },
  {
    "order_id": "O202503200089",
    "customer_id": "C0366",
    "channel": "web",
    "created_at": "2025-03-20 13:10:41",
    "payment_status": "paid",
    "items": [
      {
        "sku": "SKU001",
        "qty": 3,
        "unit_price": 2.5
      },
      {
        "sku": "SKU004",
        "qty": 4,
        "unit_price": 4.0
      }
    ]
  },
  {
    "order_id": "O202503200090",
    "customer_id": "C0249",
    "channel": "web",
    "created_at": "2025-03-20 21:09:42",
    "payment_status": "pending",
    "items": [
      {
        "sku": "SKU014",
        "qty": 1,
        "unit_price": 15.0
      },
      {
        "sku": "SKU043",
        "qty": 1,
        "unit_price": 5.0
      },
      {
        "sku": "SKU015",
        "qty": 1,
        "unit_price": 19.9
      }
    ]
  },
  {
    "order_id": "O202503200091",
    "customer_id": "C0438",
    "channel": "web",
    "created_at": "2025-03-20 20:48:28",
    "payment_status": "paid",
    "items": [
      {
        "sku": "SKU015",
        "qty": 2,
        "unit_price": 9.9
      }
    ]
  },
  {
    "order_id": "O202503200092",
    "customer_id": "C0013",
    "channel": "app",
    "created_at": "2025-03-20 09:43:13",
    "payment_status": "paid",
    "items": [
      {
        "sku": "SKU019",
        "qty": 4,
        "unit_price": 15.0
      },
      {
        "sku": "SKU043",
        "qty": 5,
        "unit_price": 12.5
      }
    ]
  },
  {
    "order_id": "O202503200093",
    "customer_id": "C0082",
    "channel": "web",
    "created_at": "2025-03-20 19:17:56",
    "payment_status": "paid",
    "items": [
      {
        "sku": "SKU033",
        "qty": 3,
        "unit_price": 5.0
      },
      {
        "sku": "SKU014",
        "qty": 5,
        "unit_price": 9.9
      },
      {
        "sku": "SKU001",
        "qty": 3,
        "unit_price": 4.0
      },
      {
        "sku": "SKU032",
        "qty": 1,
        "unit_price": 4.0
      }
    ]
  },
  {
    "order_id": "O202503200094",
    "customer_id": "C0595",
    "channel": "app",
    "created_at": "2025-03-20 12:17:43",
    "payment_status": "failed",
    "items": [
      {
        "sku": "SKU018",
        "qty": 3,
        "unit_price": 24.9
      },
      {
        "sku": "SKU025",
        "qty": 5,
        "unit_price": 4.0
      },
      {
        "sku": "SKU046",
        "qty": 4,
        "unit_price": 9.9
      },
      {
        "sku": "SKU010",
        "qty": 4,
        "unit_price": 12.5
      }
    ]
  },
  {
    "order_id": "O202503200095",
    "customer_id": "C0316",
    "channel": "app",
    "created_at": "2025-03-20 16:09:26",
    "payment_status": "paid",
    "items": [
      {
        "sku": "SKU010",
        "qty": 3,
        "unit_price": 12.5
      },
      {
        "sku": "SKU029",
        "qty": 5,
        "unit_price": 12.5
      }
    ]
  },
  {
    "order_id": "O202503200096",
    "customer_id": "C0612",
    "channel": "web",
    "created_at": "2025-03-20 09:55:23",
    "payment_status": "paid",
    "items": [
      {
        "sku": "SKU028",
        "qty": 5,
        "unit_price": 2.5
      },
      {
        "sku": "SKU024",
        "qty": 1,
        "unit_price": 8.0
      },
      {
        "sku": "SKU027",
        "qty": 3,
        "unit_price": 8.0
      }
    ]
  },
  {
    "order_id": "O202503200097",
    "customer_id": "C0336",
    "channel": "web",
    "created_at": "2025-03-20 13:09:07",
    "payment_status": "paid",
    "items": [
      {
        "sku": "SKU039",
        "qty": 1,
        "unit_price": 2.5
      },
      {
        "sku": "SKU006",
        "qty": 4,
        "unit_price": 15.0
      },
      {
        "sku": "SKU004",
        "qty": 1,
        "unit_price": 19.9
      }
    ]
  },
  {
    "order_id": "O202503200098",
    "customer_id": "C0593",
    "channel": "app",
    "created_at": "2025-03-20 12:18:28",
    "payment_status": "paid",
    "items": [
      {
        "sku": "SKU032",
        "qty": 3,
        "unit_price": 12.5
      },
      {
        "sku": "SKU004",
        "qty": 3,
        "unit_price": 8.0
      }
    ]
  },
  {
    "order_id": "O202503200099",
    "customer_id": "C0135",
    "channel": "web",
    "created_at": "2025-03-20 12:25:44",
    "payment_status": "paid",
    "items": [
      {
        "sku": "SKU034",
        "qty": 2,
        "unit_price": -2.5
      },
      {
        "sku": "SKU045",
        "qty": 3,
        "unit_price": 19.9
      },
      {
        "sku": "SKU013",
        "qty": 1,
        "unit_price": 4.0
      },
      {
        "sku": "SKU014",
        "qty": 2,
        "unit_price": 8.0
      }
    ]
  },
  {
    "order_id": "O202503200100",
    "customer_id": "C0692",
    "channel": "app",
    "created_at": "2025-03-20 17:32:44",
    "payment_status": "paid",
    "items": [
      {
        "sku": "SKU048",
        "qty": 5,
        "unit_price": 24.9
      },
      {
        "sku": "SKU015",
        "qty": 1,
        "unit_price": 9.9
      },
      {
        "sku": "SKU017",
        "qty": 1,
        "unit_price": 4.0
      },
      {
        "sku": "SKU028",
        "qty": 5,
        "unit_price": 19.9
      }
    ]
  },
  {
    "order_id": "O202503200026",
    "customer_id": "C0640",
    "channel": "app",
    "created_at": "2025-03-20 10:44:40",
    "payment_status": "paid",
    "items": [
      {
        "sku": "SKU009",
        "qty": 2,
        "unit_price": 8.0
      },
      {
        "sku": "SKU048",
        "qty": 1,
        "unit_price": 2.5
      },
      {
        "sku": "SKU023",
        "qty": 4,
        "unit_price": 12.5
      }
    ]
  },
  {
    "order_id": "O202503200054",
    "customer_id": "C0232",
    "channel": "app",
    "created_at": "2025-03-20 21:09:01",
    "payment_status": "paid",
    "items": [
      {
        "sku": "SKU021",
        "qty": 5,
        "unit_price": 2.5
      },
      {
        "sku": "SKU047",
        "qty": 5,
        "unit_price": 7.5
      },
      {
        "sku": "SKU018",
        "qty": 4,
        "unit_price": 19.9
      },
      {
        "sku": "SKU050",
        "qty": 2,
        "unit_price": 15.0
      }
    ]
  },
  {
    "order_id": "O202503200025",
    "customer_id": "C0370",
    "channel": "app",
    "created_at": "2025-03-20 18:40:40",
    "payment_status": "paid",
    "items": [
      {
        "sku": "SKU025",
        "qty": 1,
        "unit_price": 4.0
      },
      {
        "sku": "SKU010",
        "qty": 3,
        "unit_price": 15.0
      },
      {
        "sku": "SKU040",
        "qty": 1,
        "unit_price": 24.9
      }
    ]
  }
]