[
  {
    "order_id": "O202503090001",
    "customer_id": "C0548",
    "channel": "app",
    "created_at": "2025-03-09 16:09:58",
    "payment_status": "paid",
    "items": [
      {
        "sku": "SKU035",
        "qty": 4,
        "unit_price": 4.0
      },
      {
        "sku": "SKU027",
        "qty": 4,
        "unit_price": 8.0
      },
      {
        "sku": "SKU048",
        "qty": 3,
        "unit_price": 12.5
      }
    ]
  },
  {
    "order_id": "O202503090002",
    "customer_id": "C0229",
    "channel": "app",
    "created_at": "2025-03-09 22:40:48",
    "payment_status": "paid",
    "items": [
      {
        "sku": "SKU033",
        "qty": 1,
        "unit_price": 15.0
      },
      {
        "sku": "SKU022",
        "qty": 4,
        "unit_price": 19.9
      },
      {
        "sku": "SKU050",
        "qty": 5,
        "unit_price": 19.9
      }
    ]
  },
  {
    "order_id": "O202503090003",
    "customer_id": "C0320",
    "channel": "app",
    "created_at": "2025-03-09 08:03:09",
    "payment_status": "failed",
    "items": [
      {
        "sku": "SKU009",
        "qty": 5,
        "unit_price": -5.0
      },
      {
        "sku": "SKU010",
        "qty": 2,
        "unit_price": 7.5
      }
    ]
  },
  {
    "order_id": "O202503090004",
    "customer_id": "C0327",
    "channel": "web",
    "created_at": "2025-03-09 22:02:21",
    "payment_status": "paid",
    "items": [
      {
        "sku": "SKU004",
        "qty": 3,
        "unit_price": 15.0
      },
      {
        "sku": "SKU004",
        "qty": 4,
        "unit_price": 15.0
      },
      {
        "sku": "SKU028",
        "qty": 1,
        "unit_price": 2.5
      }
    ]
  },
  {
    "order_id": "O202503090005",
    "customer_id": "C0048",
    "channel": "web",
    "created_at": "2025-03-09 13:59:44",
    "payment_status": "pending",
    "items": [
      {
        "sku": "SKU016",
        "qty": 4,
        "unit_price": 2.5
      },
      {
        "sku": "SKU012",
        "qty": 5,
        "unit_price": 12.5
      }
    ]
  },
  {
    "order_id": "O202503090006",
    "customer_id": "C0563",
    "channel": "web",
    "created_at": "2025-03-09 17:20:34",
    "payment_status": "paid",
    "items": [
      {
        "sku": "SKU048",
        "qty": 1,
        "unit_price": 12.5
      },
      {
        "sku": "SKU045",
        "qty": 3,
        "unit_price": 2.5
      }
    ]
  },
  {
    "order_id": "O202503090007",
    "customer_id": "C0422",
    "channel": "web",
    "created_at": "2025-03-09 09:50:53",
    "payment_status": "paid",
    "items": [
      {
        "sku": "SKU010",
        "qty": 1,
        "unit_price": 12.5
      },
      {
        "sku": "SKU026",
        "qty": 4,
        "unit_price": 19.9
      },
      {
        "sku": "SKU002",
        "qty": 2,
        "unit_price": 2.5
      },
      {
        "sku": "SKU009",
        "qty": 4,
        "unit_price": 12.5
      }
    ]
  },
  {
    "order_id": "O202503090008",
    "customer_id": "C0684",
    "channel": "app",
    "created_at": "2025-03-09 10:47:44",
    "payment_status": "paid",
    "items": [
      {
        "sku": "SKU004",
        "qty": 4,
        "unit_price": 5.0
      },
      {
        "sku": "SKU050",
        "qty": 2,
        "unit_price": 12.5
      }
    ]
  },
  {
    "order_id": "O202503090009",
    "customer_id": "C0151",
    "channel": "app",
    "created_at": "2025-03-09 07:59:31",
    "payment_status": "paid",
    "items": [
      {
        "sku": "SKU032",
        "qty": 5,
        "unit_price": 8.0
      },
      {
        "sku": "SKU017",
        "qty": 1,
        "unit_price": 12.5
      }
    ]
  },
  {
    "order_id": "O202503090010",
    "customer_id": "C0483",
    "channel": "app",
    "created_at": "2025-03-09 13:21:56",
    "payment_status": "paid",
    "items": [
      {
        "sku": "SKU012",
        "qty": 1,
        "unit_price": 5.0
      },
      {
        "sku": "SKU014",
        "qty": 1,
        "unit_price": 19.9
      },
      {
        "sku": "SKU007",
        "qty": 3,
        "unit_price": 7.5
      }
    ]
  },
  {
    "order_id": "O202503090011",
    "customer_id": "C0732",
    "channel": "web",
    "created_at": "2025-03-09 18:44:24",
    "payment_status": "paid",
    "items": [
      {
        "sku": "SKU031",
        "qty": 2,
        "unit_price": 5.0
      },
      {
        "sku": "SKU017",
        "qty": 5,
        "unit_price": 5.0
      }
    ]
  },
  {
    "order_id": "O202503090012",
    "customer_id": "C0762",
    "channel": "app",
    "created_at": "2025-03-09 17:45:37",
    "payment_status": "paid",
    "items": [
      {
        "sku": "SKU036",
        "qty": 5,
        "unit_price": 5.0
      },
      {
        "sku": "SKU021",
        "qty": 1,
        "unit_price": 7.5
      },
      {
        "sku": "SKU026",
        "qty": 5,
        "unit_price": 19.9
      },
      {
        "sku": "SKU028",
        "qty": 2,
        "unit_price": 9.9
      }
    ]
  },
  {
    "order_id": "O202503090013",
    "customer_id": "C0309",
    "channel": "app",
    "created_at": "2025-03-09 22:24:52",
    "payment_status": "paid",
    "items": [
      {
        "sku": "SKU046",
        "qty": 3,
        "unit_price": 24.9
      },
      {
        "sku": "SKU033",
        "qty": 3,
        "unit_price": 8.0
      }
    ]
  },
  {
    "order_id": "O202503090014",
    "customer_id": "C0473",
    "channel": "web",
    "created_at": "2025-03-09 10:02:35",
    "payment_status": "paid",
    "items": [
      {
        "sku": "SKU049",
        "qty": 3,
        "unit_price": 15.0
      },
      {
        "sku": "SKU042",
        "qty": 4,
        "unit_price": 2.5
      },
      {
        "sku": "SKU015",
        "qty": 3,
        "unit_price": 19.9
      },
      {
        "sku": "SKU042",
        "qty": 1,
        "unit_price": 7.5
      }
    ]
  },
  {
    "order_id": "O202503090015",
    "customer_id": "C0113",
    "channel": "web",
    "created_at": "2025-03-09 09:21:03",
    "payment_status": "paid",
    "items": [
      {
        "sku": "SKU035",
        "qty": 3,
        "unit_price": 15.0
      },
      {
        "sku": "SKU028",
        "qty": 3,
        "unit_price": 7.5
      }
    ]
  },
  {
    "order_id": "O202503090016",
    "customer_id": "C0597",
    "channel": "web",
    "created_at": "2025-03-09 20:41:51",
    "payment_status": "paid",
    "items": [
      {
        "sku": "SKU012",
        "qty": 5,
        "unit_price": 8.0
      }
    ]
  },
  {
    "order_id": "O202503090017",
    "customer_id": "C0550",
    "channel": "app",
    "created_at": "2025-03-09 15:52:45",
    "payment_status": "paid",
    "items": [
      {
        "sku": "SKU013",
        "qty": 2,
        "unit_price": 12.5
      },
      {
        "sku": "SKU038",
        "qty": 4,
        "unit_price": 8.0
      },
      {
        "sku": "SKU044",
        "qty": 4,
        "unit_price": 12.5
      },
      {
        "sku": "SKU038",
        "qty": 4,
        "unit_price": 24.9
      }
    ]
  },
  {
    "order_id": "O202503090018",
    "customer_id": "C0144",
    "channel": "app",
    "created_at": "2025-03-09 08:41:19",
    "payment_status": "paid",
    "items": [
      {
        "sku": "SKU002",
        "qty": 5,
        "unit_price": 8.0
      },
      {
        "sku": "SKU018",
        "qty": 1,
        "unit_price": 19.9
      },
      {
        "sku": "SKU041",
        "qty": 4,
        "unit_price": 8.0
      },
      {
        "sku": "SKU050",
        "qty": 4,
        "unit_price": 24.9
      }
    ]
  },
  {
    "order_id": "O202503090019",
    "customer_id": "C0608",
    "channel": "app",
    "created_at": "2025-03-09 11:34:40",
    "payment_status": "paid",
    "items": [
      {
        "sku": "SKU007",
        "qty": 5,
        "unit_price": 15.0
      }
    ]
  },
  {
    "order_id": "O202503090020",
    "customer_id": "C0304",
    "channel": "web",
    "created_at": "2025-03-09 15:27:30",
    "payment_status": "paid",
    "items": [
      {
        "sku": "SKU048",
        "qty": 1,
        "unit_price": 4.0
      }
    ]
  },
  {
    "order_id": "O202503090021",
    "customer_id": "C0629",
    "channel": "web",
    "created_at": "2025-03-09 09:23:10",
    "payment_status": "paid",
    "items": [
      {
        "sku": "SKU041",
        "qty": 5,
        "unit_price": 15.0
      },
      {
        "sku": "SKU048",
        "qty": 1,
        "unit_price": 19.9
      }
    ]
  },
  {
    "order_id": "O202503090022",
    "customer_id": "C0043",
    "channel": "app",
    "created_at": "2025-03-09 16:29:48",
    "payment_status": "paid",
    "items": [
      {
        "sku": "SKU037",
        "qty": 1,
        "unit_price": 4.0
      },
      {
        "sku": "SKU034",
        "qty": 5,
        "unit_price": 4.0
      },
      {
        "sku": "SKU026",
        "qty": 2,
        "unit_price": 12.5
      }
    ]
  },
  {
    "order_id": "O202503090023",
    "customer_id": "C0519",
    "channel": "web",
    "created_at": "2025-03-09 18:10:46",
    "payment_status": "paid",
    "items": [
      {
        "sku": "SKU012",
        "qty": 5,
        "unit_price": 7.5
      },
      {
        "sku": "SKU005",
        "qty": 2,
        "unit_price": 4.0
      }
    ]
  },
  {
    "order_id": "O202503090024",
    "customer_id": "C0538",
    "channel": "web",
    "created_at": "2025-03-09 09:46:47",
    "payment_status": "paid",
    "items": [
      {
        "sku": "SKU041",
        "qty": 1,
        "unit_price": 24.9
      }
    ]
  },
  {
    "order_id": "O202503090025",
    "customer_id": "C0749",
    "channel": "web",
    "created_at": "2025-03-09 07:00:31",
    "payment_status": "paid",
    "items": [
      {
        "sku": "SKU027",
        "qty": 1,
        "unit_price": 9.9
      }
    ]
  },
  {
    "order_id": "O202503090026",
    "customer_id": "C0179",
    "channel": "web",
    "created_at": "2025-03-09 10:02:40",
    "payment_status": "paid",
    "items": [
      {
        "sku": "SKU009",
        "qty": 2,
        "unit_price": 19.9
      }
    ]
  },
  {
    "order_id": "O202503090027",
    "customer_id": "C0462",
    "channel": "web",
    "created_at": "2025-03-09 11:42:01",
    "payment_status": "failed",
    "items": [
      {
        "sku": "SKU038",
        "qty": 4,
        "unit_price": 12.5
      },
      {
        "sku": "SKU005",
        "qty": 3,
        "unit_price": 19.9
      },
      {
        "sku": "SKU022",
        "qty": 2,
        "unit_price": 2.5
      },
      {
        "sku": "SKU039",
        "qty": 4,
        "unit_price": 12.5
      }
    ]
  },
  {
    "order_id": "O202503090028",
    "customer_id": "C0716",
    "channel": "web",
    "created_at": "2025-03-09 21:29:30",
    "payment_status": "paid",
    "items": [
      {
        "sku": "SKU044",
        "qty": 1,
        "unit_price": 5.0
      }
    ]
  },
  {
    "order_id": "O202503090029",
    "customer_id": "C0072",
    "channel": "app",
    "created_at": "2025-03-09 16:49:54",
    "payment_status": "paid",
    "items": [
      {
        "sku": "SKU044",
        "qty": 1,
        "unit_price": 7.5
      }
    ]
  },
  {
    "order_id": "O202503090030",
    "customer_id": "C0192",
    "channel": "app",
    "created_at": "2025-03-09 20:32:38",
    "payment_status": "paid",
    "items": [
      {
        "sku": "SKU010",
        "qty": 5,
        "unit_price": 4.0
      },
      {
        "sku": "SKU007",
        "qty": 5,
        "unit_price": 12.5
      }
    ]
  },
  {
    "order_id": "O202503090031",
    "customer_id": "C0476",
    "channel": "app",
    "created_at": "2025-03-09 13:57:13",
    "payment_status": "paid",
    "items": [
      {
        "sku": "SKU037",
        "qty": 5,
        "unit_price": 15.0
      },
      {
        "sku": "SKU004",
        "qty": 2,
        "unit_price": 15.0
      },
      {
        "sku": "SKU013",
        "qty": 2,
        "unit_price": 15.0
      },
      {
        "sku": "SKU025",
        "qty": 4,
        "unit_price": 5.0
      }
    ]
  },
  {
    "order_id": "O202503090032",
    "customer_id": "C0191",
    "channel": "app",
    "created_at": "2025-03-09 16:39:19",
    "payment_status": "paid",
    "items": [
      {
        "sku": "SKU035",
        "qty": 1,
        "unit_price": 15.0
      },
      {
        "sku": "SKU042",
        "qty": 4,
        "unit_price": 2.5
      },
      {
        "sku": "SKU009",
        "qty": 5,
        "unit_price": 7.5
      }
    ]
  },
  {
    "order_id": "O202503090033",
    "customer_id": "C0660",
    "channel": "app",
    "created_at": "2025-03-09 08:19:11",
    "payment_status": "paid",
    "items": [
      {
        "sku": "SKU042",
        "qty": 4,
        "unit_price": 2.5
      },
      {
        "sku": "SKU003",
        "qty": 4,
        "unit_price": 9.9
      },
      {
        "sku": "SKU037",
        "qty": 4,
        "unit_price": 9.9
      }
    ]
  },
  {
    "order_id": "O202503090034",
    "customer_id": "C0256",
    "channel": "app",
    "created_at": "2025-03-09 21:30:26",
    "payment_status": "pending",
    "items": [
      {
        "sku": "SKU015",
        "qty": 2,
        "unit_price": 8.0
      },
      {
        "sku": "SKU024",
        "qty": 5,
        "unit_price": 12.5
      }
    ]
  },
  {
    "order_id": "O202503090035",
    "customer_id": "C0793",
    "channel": "web",
    "created_at": "2025-03-09 11:08:25",
    "payment_status": "paid",
    "items": [
      {
        "sku": "SKU029",
        "qty": 4,
        "unit_price": 8.0
      },
      {
        "sku": "SKU025",
        "qty": 2,
        "unit_price": 8.0
      },
      {
        "sku": "SKU037",
        "qty": 4,
        "unit_price": 19.9
      },
      {
        "sku": "SKU004",
        "qty": 1,
        "unit_price": 4.0
      }
    ]
  },
  {
    "order_id": "O202503090036",
    "customer_id": "C0051",
    "channel": "web",
    "created_at": "2025-03-09 22:30:27",
    "payment_status": "paid",
    "items": [
      {
        "sku": "SKU044",
        "qty": 5,
        "unit_price": 12.5
      },
      {
        "sku": "SKU043",
        "qty": 2,
        "unit_price": 19.9
      }
    ]
  },
  {
    "order_id": "O202503090037",
    "customer_id": "C0273",
    "channel": "app",
    "created_at": "2025-03-09 12:31:19",
    "payment_status": "paid",
    "items": [
      {
        "sku": "SKU014",
        "qty": 3,
        "unit_price": 8.0
      },
      {
        "sku": "SKU049",
        "qty": 1,
        "unit_price": 8.0
      }
    ]
  },
  {
    "order_id": "O202503090038",
    "customer_id": "C0196",
    "channel": "app",
    "created_at": "2025-03-09 16:38:35",
    "payment_status": "paid",
    "items": [
      {
        "sku": "SKU020",
        "qty": 2,
        "unit_price": 2.5
      },
      {
        "sku": "SKU043",
        "qty": 3,
        "unit_price": 8.0
      },
      {
        "sku": "SKU047",
        "qty": 1,
        "unit_price": 24.9
      },
      {
        "sku": "SKU013",
        "qty": 4,
        "unit_price": 2.5
      }
    ]
  },
  {
    "order_id": "O202503090039",
    "customer_id": "C0466",
    "channel": "app",
    "created_at": "2025-03-09 07:29:23",
    "payment_status": "paid",
    "items": [
      {
        "sku": "SKU040",
        "qty": 4,
        "unit_price": 8.0
      },
      {
        "sku": "SKU010",
        "qty": 4,
        "unit_price": 4.0
      }
    ]
  },
  {
    "order_id": "O202503090040",
    "customer_id": "C0307",
    "channel": "web",
    "created_at": "2025-03-09 12:53:32",
    "payment_status": "paid",
    "items": [
      {
        "sku": "SKU038",
        "qty": 3,
        "unit_price": 15.0
      },
      {
        "sku": "SKU008",
        "qty": 4,
        "unit_price": 5.0
      }
    ]
  },
  {
    "order_id": "O202503090041",
    "customer_id": "C0002",
    "channel": "web",
    "created_at": "2025-03-09 15:10:41",
    "payment_status": "paid",
    "items": [
      {
        "sku": "SKU033",
        "qty": 2,
        "unit_price": 2.5
      },
      {
        "sku": "SKU007",
        "qty": 1,
        "unit_price": 9.9
      },
      {
        "sku": "SKU043",
        "qty": 2,
        "unit_price": 8.0
      },
      {
        "sku": "SKU012",
        "qty": 4,
        "unit_price": 7.5
      }
    ]
  },
  {
    "order_id": "O202503090042",
    "customer_id": "C0068",
    "channel": "app",
    "created_at": "2025-03-09 08:43:11",
    "payment_status": "paid",
    "items": [
      {
        "sku": "SKU020",
        "qty": 1,
        "unit_price": 8.0
      },
      {
        "sku": "SKU013",
        "qty": 1,
        "unit_price": 12.5
      }
    ]
  },
  {
    "order_id": "O202503090043",
    "customer_id": "C0389",
    "channel": "app",
    "created_at": "2025-03-09 07:17:44",
    "payment_status": "paid",
    "items": [
      {
        "sku": "SKU049",
        "qty": 1,
        "unit_price": 24.9
      },
      {
        "sku": "SKU049",
        "qty": 1,
        "unit_price": 7.5
      },
      {
        "sku": "SKU031",
        "qty": 4,
        "unit_price": 2.5
      },
      {
        "sku": "SKU010",
        "qty": 1,
        "unit_price": 8.0
      }
    ]
  },
  {
    "order_id": "O202503090044",
    "customer_id": "C0195",
    "channel": "app",
    "created_at": "2025-03-09 20:18:44",
    "payment_status": "paid",
    "items": [
      {
        "sku": "SKU041",
        "qty": 2,
        "unit_price": 12.5
      },
      {
        "sku": "SKU038",
        "qty": 5,
        "unit_price": 4.0
      },
      {
        "sku": "SKU001",
        "qty": 4,
        "unit_price": 9.9
      }
    ]
  },
  {
    "order_id": "O202503090045",
    "customer_id": "C0185",
    "channel": "app",
    "created_at": "2025-03-09 16:03:01",
    "payment_status": "paid",
    "items": [
      {
        "sku": "SKU028",
        "qty": 5,
        "unit_price": 15.0
      },
      {
        "sku": "SKU029",
        "qty": 4,
        "unit_price": 9.9
      },
      {
        "sku": "SKU035",
        "qty": 5,
        "unit_price": 15.0
      },
      {
        "sku": "SKU011",
        "qty": 2,
        "unit_price": 12.5
      }
    ]
  },
  {
    "order_id": "O202503090046",
    "customer_id": "C0538",
    "channel": "web",
    "created_at": "2025-03-09 19:23:18",
    "payment_status": "paid",
    "items": [
      {
        "sku": "SKU039",
        "qty": 2,
        "unit_price": 7.5
      },
      {
        "sku": "SKU021",
        "qty": 5,
        "unit_price": 7.5
      }
    ]
  },
  {
    "order_id": "O202503090047",
    "customer_id": "C0399",
    "channel": "web",
    "created_at": "2025-03-09 15:15:32",
    "payment_status": "paid",
    "items": [
      {
        "sku": "SKU050",
        "qty": 3,
        "unit_price": 8.0
      },
      {
        "sku": "SKU041",
        "qty": 2,
        "unit_price": 8.0
      },
      {
        "sku": "SKU024",
        "qty": 2,
        "unit_price": 12.5
      }
    ]
  },
  {
    "order_id": "O202503090048",
    "customer_id": "C0079",
    "channel": "web",
    "created_at": "2025-03-09 22:59:03",
    "payment_status": "paid",
    "items": [
      {
        "sku": "SKU004",
        "qty": 1,
        "unit_price": 15.0
      },
      {
        "sku": "SKU021",
        "qty": 1,
        "unit_price": 8.0
      }
    ]
  },
  {
    "order_id": "O202503090049",
    "customer_id": "C0392",
    "channel": "web",
    "created_at": "2025-03-09 14:40:32",
    "payment_status": "paid",
    "items": [
      {
        "sku": "SKU002",
        "qty": 4,
        "unit_price": 5.0
      },
      {
        "sku": "SKU007",
        "qty": 2,
        "unit_price": 24.9
      },
      {
        "sku": "SKU014",
        "qty": 3,
        "unit_price": 2.5
      }
    ]
  },
  {
    "order_id": "O202503090050",
    "customer_id": "C0731",
    "channel": "app",
    "created_at": "2025-03-09 12:51:02",
    "payment_status": "paid",
    "items": [
      {
        "sku": "SKU023",
        "qty": 2,
        "unit_price": 12.5
      }
    ]
  },
  {
    "order_id": "O202503090051",
    "customer_id": "C0121",
    "channel": "web",
    "created_at": "2025-03-09 09:10:30",
    "payment_status": "pending",
    "items": [
      {
        "sku": "SKU021",
        "qty": 3,
        "unit_price": 2.5
      }
    ]
  },
  {
    "order_id": "O202503090052",
    "customer_id": "C0441",
    "channel": "app",
    "created_at": "2025-03-09 10:44:01",
    "payment_status": "paid",
    "items": [
      {
        "sku": "SKU016",
        "qty": 5,
        "unit_price": 2.5
      },
      {
        "sku": "SKU022",
        "qty": 5,
        "unit_price": 12.5
      },
      {
        "sku": "SKU049",
        "qty": 1,
        "unit_price": 4.0
      }
    ]
  },
  {
    "order_id": "O202503090053",
    "customer_id": "C0332",
    "channel": "app",
    "created_at": "2025-03-09 13:12:01",
    "payment_status": "paid",
    "items": [
      {
        "sku": "SKU044",
        "qty": 2,
        "unit_price": 8.0
      },
      {
        "sku": "SKU021",
        "qty": 3,
        "unit_price": 4.0
      },
      {
        "sku": "SKU018",
        "qty": 5,
        "unit_price": 24.9
      },
      {
        "sku": "SKU023",
        "qty": 2,
        "unit_price": 4.0
      }
    ]
  },
  {
    "order_id": "O202503090054",
    "customer_id": "C0690",
    "channel": "web",
    "created_at": "2025-03-09 19:43:33",
    "payment_status": "paid",
    "items": [
      {
        "sku": "SKU027",
        "qty": 5,
        "unit_price": 19.9
      },
      {
        "sku": "SKU013",
        "qty": 4,
        "unit_price": 2.5
      },
      {
        "sku": "SKU002",
        "qty": 4,
        "unit_price": 15.0
      }
    ]
  },
  {
    "order_id": "O202503090055",
    "customer_id": "C0548",
    "channel": "web",
    "created_at": "2025-03-09 17:22:46",
    "payment_status": "paid",
    "items": [
      {
        "sku": "SKU001",
        "qty": 1,
        "unit_price": 15.0
      },
      {
        "sku": "SKU048",
        "qty": 2,
        "unit_price": 19.9
      },
      {
        "sku": "SKU036",
        "qty": 4,
        "unit_price": 4.0
      },
      {
        "sku": "SKU020",
        "qty": 3,
        "unit_price": 15.0
      }
    ]
  },
  {
    "order_id": "O202503090056",
    "customer_id": "C0276",
    "channel": "web",
    "created_at": "2025-03-09 19:19:18",
    "payment_status": "paid",
    "items": [
      {
        "sku": "SKU039",
        "qty": 2,
        "unit_price": 8.0
      },
      {
        "sku": "SKU007",
        "qty": 4,
        "unit_price": 7.5
      },
      {
        "sku": "SKU021",
        "qty": 3,
        "unit_price": 2.5
      },
      {
        "sku": "SKU048",
        "qty": 1,
        "unit_price": 7.5
      }
    ]
  },
  {
    "order_id": "O202503090057",
    "customer_id": "C0301",
    "channel": "app",
    "created_at": "2025-03-09 14:03:45",
    "payment_status": "paid",
    "items": [
      {
        "sku": "SKU045",
        "qty": 2,
        "unit_price": 8.0
      },
      {
        "sku": "SKU021",
        "qty": 1,
        "unit_price": 4.0
      },
      {
        "sku": "SKU014",
        "qty": 3,
        "unit_price": 24.9
      },
      {
        "sku": "SKU031",
        "qty": 3,
        "unit_price": 24.9
      }
    ]
  },
  {
    "order_id": "O202503090058",
    "customer_id": "C0027",
    "channel": "web",
    "created_at": "2025-03-09 09:15:34",
    "payment_status": "paid",
    "items": [
      {
        "sku": "SKU008",
        "qty": 3,
        "unit_price": 7.5
      },
      {
        "sku": "SKU013",
        "qty": 4,
        "unit_price": 19.9
      },
      {
        "sku": "SKU020",
        "qty": 5,
        "unit_price": 15.0
      }
    ]
  },
  {
    "order_id": "O202503090059",
    "customer_id": "C0729",
    "channel": "app",
    "created_at": "2025-03-09 08:30:08",
    "payment_status": "paid",
    "items": [
      {
        "sku": "SKU010",
        "qty": 2,
        "unit_price": 7.5
      },
      {
        "sku": "SKU011",
        "qty": 5,
        "unit_price": 2.5
      },
      {
        "sku": "SKU005",
        "qty": 5,
        "unit_price": 19.9
      }
    ]
  },
  {
    "order_id": "O202503090060",
    "customer_id": "C0352",
    "channel": "web",
    "created_at": "2025-03-09 20:04:52",
    "payment_status": "paid",
    "items": [
      {
        "sku": "SKU025",
        "qty": 2,
        "unit_price": 24.9
      },
      {
        "sku": "SKU046",
        "qty": 3,
        "unit_price": 7.5
      },
      {
        "sku": "SKU039",
        "qty": 3,
        "unit_price": 24.9
      }
    ]
  },
  {
    "order_id": "O202503090061",
    "customer_id": "C0434",
    "channel": "app",
    "created_at": "2025-03-09 21:09:28",
    "payment_status": "paid",
    "items": [
      {
        "sku": "SKU041",
        "qty": 3,
        "unit_price": 4.0
      }
    ]
  },
  {
    "order_id": "O202503090062",
    "customer_id": "C0610",
    "channel": "web",
    "created_at": "2025-03-09 15:54:35",
    "payment_status": "paid",
    "items": [
      {
        "sku": "SKU006",
        "qty": 1,
        "unit_price": 5.0
      },
      {
        "sku": "SKU039",
        "qty": 4,
        "unit_price": 5.0
      },
      {
        "sku": "SKU015",
        "qty": 4,
        "unit_price": 2.5
      },
      {
        "sku": "SKU032",
        "qty": 3,
        "unit_price": 7.5
      }
    ]
  },
  {
    "order_id": "O202503090063",
    "customer_id": "C0439",
    "channel": "web",
    "created_at": "2025-03-09 15:24:23",
    "payment_status": "paid",
    "items": [
      {
        "sku": "SKU024",
        "qty": 1,
        "unit_price": 2.5
      },
      {
        "sku": "SKU031",
        "qty": 1,
        "unit_price": 2.5
      },
      {
        "sku": "SKU006",
        "qty": 3,
        "unit_price": 24.9
      }
    ]
  },
  {
    "order_id": "O202503090064",
    "customer_id": "C0440",
    "channel": "app",
    "created_at": "2025-03-09 15:18:16",
    "payment_status": "paid",
    "items": [
      {
        "sku": "SKU040",
        "qty": 4,
        "unit_price": 15.0
      },
      {
        "sku": "SKU047",
        "qty": 5,
        "unit_price": 12.5
      }
    ]
  },
  {
    "order_id": "O202503090065",
    "customer_id": "C0402",
    "channel": "web",
    "created_at": "2025-03-09 11:59:19",
    "payment_status": "paid",
    "items": [
      {
        "sku": "SKU039",
        "qty": 5,
        "unit_price": 7.5
      },
      {
        "sku": "SKU037",
        "qty": 4,
        "unit_price": 7.5
      },
      {
        "sku": "SKU003",
        "qty": 3,
        "unit_price": 7.5
      },
      {
        "sku": "SKU018",
        "qty": 5,
        "unit_price": 2.5
      }
    ]
  },
  {
    "order_id": "O202503090066",
    "customer_id": "C0037",
    "channel": "app",
    "created_at": "2025-03-09 07:38:27",
    "payment_status": "paid",
    "items": [
      {
        "sku": "SKU022",
        "qty": 4,
        "unit_price": 15.0
      },
      {
        "sku": "SKU010",
        "qty": 2,
        "unit_price": 12.5
      }
    ]
  },
  {
    "order_id": "O202503090067",
    "customer_id": "C0178",
    "channel": "web",
    "created_at": "2025-03-09 11:32:14",
    "payment_status": "paid",
    "items": [
      {
        "sku": "SKU005",
        "qty": 5,
        "unit_price": 5.0
      }
    ]
  },
  {
    "order_id": "O202503090068",
    "customer_id": "C0032",
    "channel": "web",
    "created_at": "2025-03-09 15:11:41",
    "payment_status": "paid",
    "items": [
      {
        "sku": "SKU030",
        "qty": 3,
        "unit_price": 8.0
      }
    ]
  },
  {
    "order_id": "O202503090069",
    "customer_id": "C0645",
    "channel": "app",
    "created_at": "2025-03-09 11:39:08",
    "payment_status": "paid",
    "items": [
      {
        "sku": "SKU021",
        "qty": 2,
        "unit_price": 24.9
      },
      {
        "sku": "SKU024",
        "qty": 4,
        "unit_price": 2.5
      },
      {
        "sku": "SKU021",
        "qty": 5,
        "unit_price": 12.5
      }
    ]
  },
  {
    "order_id": "O202503090070",
    "customer_id": "C0597",
    "channel": "app",
    "created_at": "2025-03-09 14:03:14",
    "payment_status": "paid",
    "items": [
      {
        "sku": "SKU011",
        "qty": 3,
        "unit_price": 2.5
      },
      {
        "sku": "SKU010",
        "qty": 3,
        "unit_price": 7.5
      },
      {
        "sku": "SKU045",
        "qty": 1,
        "unit_price": 9.9
      }
    ]
  },
  {
    "order_id": "O202503090071",
    "customer_id": "C0329",
    "channel": "app",
    "created_at": "2025-03-09 21:03:46",
    "payment_status": "paid",
    "items": [
      {
        "sku": "SKU023",
        "qty": 3,
        "unit_price": 9.9
      },
      {
        "sku": "SKU030",
        "qty": 5,
        "unit_price": 4.0
      }
    ]
  },
  {
    "order_id": "O202503090072",
    "customer_id": "C0684",
    "channel": "app",
    "created_at": "2025-03-09 20:27:13",
    "payment_status": "paid",
    "items": [
      {
        "sku": "SKU035",
        "qty": 4,
        "unit_price": 19.9
      },
      {
        "sku": "SKU036",
        "qty": 3,
        "unit_price": 8.0
      },
      {
        "sku": "SKU012",
        "qty": 3,
        "unit_price": 24.9
      },
      {
        "sku": "SKU010",
        "qty": 2,
        "unit_price": 4.0
      }
    ]
  },
  {
    "order_id": "O202503090073",
    "customer_id": "C0719",
    "channel": "app",
    "created_at": "2025-03-09 08:16:29",
    "payment_status": "paid",
    "items": [
      {
        "sku": "SKU003",
        "qty": 2,
        "unit_price": 15.0
      }
    ]
  },
  {
    "order_id": "O202503090074",
    "customer_id": "C0304",
    "channel": "app",
    "created_at": "2025-03-09 12:25:12",
    "payment_status": "pending",
    "items": [
      {
        "sku": "SKU042",
        "qty": 2,
        "unit_price": 15.0
      },
      {
        "sku": "SKU005",
        "qty": 5,
        "unit_price": 12.5
      }
    ]
  },
  {
    "order_id": "O202503090075",
    "customer_id": "C0782",
    "channel": "web",
    "created_at": "2025-03-09 21:52:44",
    "payment_status": "paid",
    "items": [
      {
        "sku": "SKU023",
        "qty": 1,
        "unit_price": 2.5
      }
    ]
  },
  {
    "order_id": "O202503090076",
    "customer_id": "C0507",
    "channel": "web",
    "created_at": "2025-03-09 22:25:35",
    "payment_status": "paid",
    "items": [
      {
        "sku": "SKU002",
        "qty": 4,
        "unit_price": 15.0
      },
      {
        "sku": "SKU020",
        "qty": 4,
        "unit_price": 19.9
      },
      {
        "sku": "SKU012",
        "qty": 2,
        "unit_price": 7.5
      }
    ]
  },
  {
    "order_id": "O202503090077",
    "customer_id": "C0044",
    "channel": "app",
    "created_at": "2025-03-09 08:44:19",
    "payment_status": "pending",
    "items": [
      {
        "sku": "SKU005",
        "qty": 3,
        "unit_price": 7.5
      },
      {
        "sku": "SKU036",
        "qty": 5,
        "unit_price": 2.5
      }
    ]
  },
  {
    "order_id": "O202503090078",
    "customer_id": "C0444",
    "channel": "web",
    "created_at": "2025-03-09 14:24:16",
    "payment_status": "paid",
    "items": [
      {
        "sku": "SKU036",
        "qty": 3,
        "unit_price": 7.5
      }
    ]
  },
  {
    "order_id": "O202503090079",
    "customer_id": "C0445",
    "channel": "app",
    "created_at": "2025-03-09 19:15:47",
    "payment_status": "paid",
    "items": [
      {
        "sku": "SKU002",
        "qty": 5,
        "unit_price": 8.0
      },
      {
        "sku": "SKU035",
        "qty": 3,
        "unit_price": 9.9
      }
    ]
  },
  {
    "order_id": "O202503090080",
    "customer_id": "C0714",
    "channel": "app",
    "created_at": "2025-03-09 15:16:26",
    "payment_status": "paid",
    "items": [
      {
        "sku": "SKU026",
        "qty": 4,
        "unit_price": 9.9
      },
      {
        "sku": "SKU028",
        "qty": 3,
        "unit_price": 4.0
      },
      {
        "sku": "SKU020",
        "qty": 1,
        "unit_price": 2.5
      }
    ]
  },
  {
    "order_id": "O202503090081",
    "customer_id": "C0752",
    "channel": "app",
    "created_at": "2025-03-09 08:39:15",
    "payment_status": "paid",
    "items": [
      {
        "sku": "SKU027",
        "qty": 3,
        "unit_price": 2.5
      }
    ]
  },
  {
    "order_id": "O202503090082",
    "customer_id": "C0558",
    "channel": "app",
    "created_at": "2025-03-09 21:01:39",
    "payment_status": "paid",
    "items": [
      {
        "sku": "SKU014",
        "qty": 2,
        "unit_price": 12.5
      },
      {
        "sku": "SKU026",
        "qty": 4,
        "unit_price": 24.9
      },
      {
        "sku": "SKU014",
        "qty": 5,
        "unit_price": 8.0
      },
      {
        "sku": "SKU019",
        "qty": 4,
        "unit_price": 9.9
      }
    ]
  },
  {
    "order_id": "O202503090083",
    "customer_id": "C0068",
    "channel": "app",
    "created_at": "2025-03-09 16:56:50",
    "payment_status": "paid",
    "items": [
      {
        "sku": "SKU008",
        "qty": 3,
        "unit_price": 24.9
      },
      {
        "sku": "SKU017",
        "qty": 2,
        "unit_price": 4.0
      },
      {
        "sku": "SKU031",
        "qty": 4,
        "unit_price": 12.5
      },
      {
        "sku": "SKU020",
        "qty": 2,
        "unit_price": 15.0
      }
    ]
  },
  {
    "order_id": "O202503090084",
    "customer_id": "C0196",
    "channel": "web",
    "created_at": "2025-03-09 09:48:53",
    "payment_status": "paid",
    "items": [
      {
        "sku": "SKU022",
        "qty": 1,
        "unit_price": 15.0
      },
      {
        "sku": "SKU001",
        "qty": 4,
        "unit_price": 5.0
      },
      {
        "sku": "SKU034",
        "qty": 5,
        "unit_price": 12.5
      },
      {
        "sku": "SKU025",
        "qty": 5,
        "unit_price": 2.5
      }
    ]
  },
  {
    "order_id": "O202503090085",
    "customer_id": "C0082",
    "channel": "app",
    "created_at": "2025-03-09 17:02:22",
    "payment_status": "paid",
    "items": [
      {
        "sku": "SKU048",
        "qty": 2,
        "unit_price": 7.5
      },
      {
        "sku": "SKU009",
        "qty": 3,
        "unit_price": 4.0
      },
      {
        "sku": "SKU025",
        "qty": 5,
        "unit_price": 8.0
      },
      {
        "sku": "SKU008",
        "qty": 3,
        "unit_price": 24.9
      }
    ]
  },
  {
    "order_id": "O202503090086",
    "customer_id": "C0344",
    "channel": "web",
    "created_at": "2025-03-09 17:19:05",
    "payment_status": "paid",
    "items": [
      {
        "sku": "SKU050",
        "qty": 5,
        "unit_price": 4.0
      }
    ]
  },
  {
    "order_id": "O202503090087",
    "customer_id": "C0559",
    "channel": "app",
    "created_at": "2025-03-09 15:10:02",
    "payment_status": "paid",
    "items": [
      {
        "sku": "SKU034",
        "qty": 4,
        "unit_price": 8.0
      },
      {
        "sku": "SKU001",
        "qty": 3,
        "unit_price": 24.9
      }
    ]
  },
  {
    "order_id": "O202503090088",
    "customer_id": "C0765",
    "channel": "app",
    "created_at": "2025-03-09 15:23:59",
    "payment_status": "paid",
    "items": [
      {
        "sku": "SKU013",
        "qty": 4,
        "unit_price": 4.0
      },
      {
        "sku": "SKU010",
        "qty": 5,
        "unit_price": 24.9
      }
    ]
  },
  {
    "order_id": "O202503090089",
    "customer_id": "C0118",
    "channel": "app",
    "created_at": "2025-03-09 12:18:33",
    "payment_status": "paid",
    "items": [
      {
        "sku": "SKU043",
        "qty": 2,
        "unit_price": 12.5
      },
      {
        "sku": "SKU005",
        "qty": 2,
        "unit_price": 5.0
      },
      {
        "sku": "SKU025",
        "qty": 3,
        "unit_price": 5.0
      },
      {
        "sku": "SKU046",
        "qty": 1,
        "unit_price": 2.5
      }
    ]
  },
  {
    "order_id": "O202503090090",
    "customer_id": "C0547",
    "channel": "web",
    "created_at": "2025-03-09 21:45:55",
    "payment_status": "paid",
    "items": [
      {
        "sku": "SKU043",
        "qty": 2,
        "unit_price": 4.0
      },
      {
        "sku": "SKU027",
        "qty": 2,
        "unit_price": 24.9
      }
    ]
  },
  {
    "order_id": "O202503090091",
    "customer_id": "C0289",
    "channel": "app",
    "created_at": "2025-03-09 09:28:05",
    "payment_status": "paid",
    "items": [
      {
        "sku": "SKU026",
        "qty": 4,
        "unit_price": 12.5
      },
      {
        "sku": "SKU045",
        "qty": 2,
        "unit_price": 12.5
      },
      {
        "sku": "SKU031",
        "qty": 1,
        "unit_price": 15.0
      }
    ]
  },
  {
    "order_id": "O202503090092",
    "customer_id": "C0196",
    "channel": "app",
    "created_at": "2025-03-09 09:38:46",
    "payment_status": "paid",
    "items": [
      {
        "sku": "SKU033",
        "qty": 5,
        "unit_price": 5.0
      }
    ]
  },
  {
    "order_id": "O202503090093",
    "customer_id": "C0076",
    "channel": "app",
    "created_at": "2025-03-09 11:46:17",
    "payment_status": "paid",
    "items": [
      {
        "sku": "SKU013",
        "qty": 1,
        "unit_price": 24.9
      }
    ]
  },
  {
    "order_id": "O202503090094",
    "customer_id": "C0528",
    "channel": "web",
    "created_at": "2025-03-09 10:12:25",
    "payment_status": "paid",
    "items": [
      {
        "sku": "SKU004",
        "qty": 4,
        "unit_price": 12.5
      }
    ]
  },
  {
    "order_id": "O202503090095",
    "customer_id": "C0783",
    "channel": "app",
    "created_at": "2025-03-09 20:02:16",
    "payment_status": "paid",
    "items": [
      {
        "sku": "SKU017",
        "qty": 3,
        "unit_price": 4.0
      },
      {
        "sku": "SKU025",
        "qty": 5,
        "unit_price": 9.9
      },
      {
        "sku": "SKU002",
        "qty": 3,
        "unit_price": 8.0
      },
      {
        "sku": "SKU034",
        "qty": 4,
        "unit_price": 12.5
      }
    ]
  },
  {
    "order_id": "O202503090096",
    "customer_id": "C0037",
    "channel": "web",
    "created_at": "2025-03-09 07:04:58",
    "payment_status": "paid",
    "items": [
      {
        "sku": "SKU001",
        "qty": 2,
        "unit_price": 9.9
      }
    ]
  },
  {
    "order_id": "O202503090097",
    "customer_id": "C0076",
    "channel": "app",
    "created_at": "2025-03-09 08:55:34",
    "payment_status": "paid",
    "items": [
      {
        "sku": "SKU049",
        "qty": 2,
        "unit_price": 12.5
      },
      {
        "sku": "SKU048",
        "qty": 2,
        "unit_price": 15.0
      }
    ]
  },
  {
    "order_id": "O202503090098",
    "customer_id": "C0769",
    "channel": "app",
    "created_at": "2025-03-09 19:18:36",
    "payment_status": "paid",
    "items": [
      {
        "sku": "SKU026",
        "qty": 4,
        "unit_price": 4.0
      },
      {
        "sku": "SKU050",
        "qty": 2,
        "unit_price": 4.0
      },
      {
        "sku": "SKU025",
        "qty": 5,
        "unit_price": 7.5
      }
    ]
  },
  {
    "order_id": "O202503090099",
    "customer_id": "C0737",
    "channel": "web",
    "created_at": "2025-03-09 16:29:35",
    "payment_status": "paid",
    "items": [
      {
        "sku": "SKU041",
        "qty": 5,
        "unit_price": 8.0
      },
      {
        "sku": "SKU009",
        "qty": 4,
        "unit_price": 2.5
      },
      {
        "sku": "SKU012",
        "qty": 1,
        "unit_price": 8.0
      },
      {
        "sku": "SKU001",
        "qty": 2,
        "unit_price": 24.9
      }
    ]
  },
  {
    "order_id": "O202503090100",
    "customer_id": "C0091",
    "channel": "app",
    "created_at": "2025-03-09 18:29:29",
    "payment_status": "paid",
    "items": [
      {
        "sku": "SKU025",
        "qty": 5,
        "unit_price": 12.5
      },
      {
        "sku": "SKU020",
        "qty": 2,
        "unit_price": 15.0
      }
    ]
  },
  {
    "order_id": "O202503090033",
    "customer_id": "C0660",
    "channel": "app",
    "created_at": "2025-03-09 08:19:11",
    "payment_status": "paid",
    "items": [
      {
        "sku": "SKU042",
        "qty": 4,
        "unit_price": 2.5
      },
      {
        "sku": "SKU003",
        "qty": 4,
        "unit_price": 9.9
      },
      {
        "sku": "SKU037",
        "qty": 4,
        "unit_price": 9.9
      }
    ]
  },
  {
    "order_id": "O202503090037",
    "customer_id": "C0273",
    "channel": "app",
    "created_at": "2025-03-09 12:31:19",
    "payment_status": "paid",
    "items": [
      {
        "sku": "SKU014",
        "qty": 3,
        "unit_price": 8.0
      },
      {
        "sku": "SKU049",
        "qty": 1,
        "unit_price": 8.0
      }
    ]
  },
  {
    "order_id": "O202503090037",
    "customer_id": "C0273",
    "channel": "app",
    "created_at": "2025-03-09 12:31:19",
    "payment_status": "paid",
    "items": [
      {
        "sku": "SKU014",
        "qty": 3,
        "unit_price": 8.0
      },
      {
        "sku": "SKU049",
        "qty": 1,
        "unit_price": 8.0
      }
    ]
  }
]