[
  {
    "order_id": "O202503160001",
    "customer_id": "C0075",
    "channel": "web",
    "created_at": "2025-03-16 18:30:35",
    "payment_status": "failed",
    "items": [
      {
        "sku": "SKU018",
        "qty": 3,
        "unit_price": 8.0
      },
      {
        "sku": "SKU007",
        "qty": 5,
        "unit_price": 12.5
      },
      {
        "sku": "SKU046",
        "qty": 3,
        "unit_price": 24.9
      }
    ]
  },
  {
    "order_id": "O202503160002",
    "customer_id": "C0329",
    "channel": "web",
    "created_at": "2025-03-16 17:10:29",
    "payment_status": "paid",
    "items": [
      {
        "sku": "SKU002",
        "qty": 2,
        "unit_price": 15.0
      },
      {
        "sku": "SKU044",
        "qty": 3,
        "unit_price": 24.9
      },
      {
        "sku": "SKU037",
        "qty": 2,
        "unit_price": 2.5
      }
    ]
  },
  {
    "order_id": "O202503160003",
    "customer_id": "C0564",
    "channel": "app",
    "created_at": "2025-03-16 22:20:37",
    "payment_status": "paid",
    "items": [
      {
        "sku": "SKU046",
        "qty": 2,
        "unit_price": 5.0
      },
      {
        "sku": "SKU037",
        "qty": 4,
        "unit_price": 19.9
      }
    ]
  },
  {
    "order_id": "O202503160004",
    "customer_id": "C0172",
    "channel": "app",
    "created_at": "2025-03-16 15:06:14",
    "payment_status": "paid",
    "items": [
      {
        "sku": "SKU016",
        "qty": 4,
        "unit_price": 9.9
      },
      {
        "sku": "SKU031",
        "qty": 2,
        "unit_price": 12.5
      }
    ]
  },
  {
    "order_id": "O202503160005",
    "customer_id": "C0287",
    "channel": "web",
    "created_at": "2025-03-16 21:37:05",
    "payment_status": "paid",
    "items": [
      {
        "sku": "SKU033",
        "qty": 4,
        "unit_price": 24.9
      },
      {
        "sku": "SKU014",
        "qty": 1,
        "unit_price": 2.5
      },
      {
        "sku": "SKU030",
        "qty": 5,
        "unit_price": 19.9
      },
      {
        "sku": "SKU046",
        "qty": 1,
        "unit_price": 7.5
      }
    ]
  },
  {
    "order_id": "O202503160006",
    "customer_id": "C0325",
    "channel": "app",
    "created_at": "2025-03-16 22:40:52",
    "payment_status": "paid",
    "items": [
      {
        "sku": "SKU024",
        "qty": 3,
        "unit_price": 4.0
      },
      {
        "sku": "SKU043",
        "qty": 1,
        "unit_price": 2.5
      },
      {
        "sku": "SKU027",
        "qty": 3,
        "unit_price": 7.5
      },
      {
        "sku": "SKU005",
        "qty": 1,
        "unit_price": 2.5
      }
    ]
  },
  {
    "order_id": "O202503160007",
    "customer_id": "C0561",
    "channel": "web",
    "created_at": "2025-03-16 15:53:32",
    "payment_status": "paid",
    "items": [
      {
        "sku": "SKU044",
        "qty": 2,
        "unit_price": 15.0
      },
      {
        "sku": "SKU022",
        "qty": 4,
        "unit_price": 19.9
      },
      {
        "sku": "SKU011",
        "qty": 2,
        "unit_price": 8.0
      },
      {
        "sku": "SKU022",
        "qty": 2,
        "unit_price": 5.0
      }
    ]
  },
  {
    "order_id": "O202503160008",
    "customer_id": "C0024",
    "channel": "app",
    "created_at": "2025-03-16 12:24:10",
    "payment_status": "paid",
    "items": [
      {
        "sku": "SKU034",
        "qty": 1,
        "unit_price": 19.9
      }
    ]
  },
  {
    "order_id": "O202503160009",
    "customer_id": "C0781",
    "channel": "web",
    "created_at": "2025-03-16 11:44:08",
    "payment_status": "paid",
    "items": [
      {
        "sku": "SKU012",
        "qty": 1,
        "unit_price": 19.9
      },
      {
        "sku": "SKU014",
        "qty": 5,
        "unit_price": 4.0
      },
      {
        "sku": "SKU026",
        "qty": 4,
        "unit_price": 9.9
      }
    ]
  },
  {
    "order_id": "O202503160010",
    "customer_id": "C0781",
    "channel": "web",
    "created_at": "2025-03-16 21:19:00",
    "payment_status": "paid",
    "items": [
      {
        "sku": "SKU021",
        "qty": 5,
        "unit_price": 9.9
      },
      {
        "sku": "SKU037",
        "qty": 5,
        "unit_price": 9.9
      },
      {
        "sku": "SKU002",
        "qty": 4,
        "unit_price": 5.0
      }
    ]
  },
  {
    "order_id": "O202503160011",
    "customer_id": "C0589",
    "channel": "web",
    "created_at": "2025-03-16 18:19:23",
    "payment_status": "paid",
    "items": [
      {
        "sku": "SKU016",
        "qty": 2,
        "unit_price": 7.5
      },
      {
        "sku": "SKU029",
        "qty": 5,
        "unit_price": 2.5
      },
      {
        "sku": "SKU036",
        "qty": 1,
        "unit_price": 4.0
      },
      {
        "sku": "SKU050",
        "qty": 4,
        "unit_price": 2.5
      }
    ]
  },
  {
    "order_id": "O202503160012",
    "customer_id": "C0560",
    "channel": "web",
    "created_at": "2025-03-16 10:01:29",
    "payment_status": "paid",
    "items": [
      {
        "sku": "SKU008",
        "qty": 4,
        "unit_price": 7.5
      }
    ]
  },
  {
    "order_id": "O202503160013",
    "customer_id": "C0451",
    "channel": "web",
    "created_at": "2025-03-16 17:55:19",
    "payment_status": "paid",
    "items": [
      {
        "sku": "SKU016",
        "qty": 4,
        "unit_price": 24.9
      },
      {
        "sku": "SKU005",
        "qty": 5,
        "unit_price": 7.5
      }
    ]
  },
  {
    "order_id": "O202503160014",
    "customer_id": "C0169",
    "channel": "app",
    "created_at": "2025-03-16 22:23:52",
    "payment_status": "paid",
    "items": [
      {
        "sku": "SKU042",
        "qty": 5,
        "unit_price": 9.9
      },
      {
        "sku": "SKU004",
        "qty": 1,
        "unit_price": 7.5
      },
      {
        "sku": "SKU039",
        "qty": 4,
        "unit_price": 2.5
      },
      {
        "sku": "SKU036",
        "qty": 1,
        "unit_price": 2.5
      }
    ]
  },
  {
    "order_id": "O202503160015",
    "customer_id": "C0490",
    "channel": "web",
    "created_at": "2025-03-16 16:54:29",
    "payment_status": "paid",
    "items": [
      {
        "sku": "SKU043",
        "qty": 5,
        "unit_price": 4.0
      },
      {
        "sku": "SKU043",
        "qty": 3,
        "unit_price": 19.9
      },
      {
        "sku": "SKU042",
        "qty": 2,
        "unit_price": 7.5
      },
      {
        "sku": "SKU010",
        "qty": 1,
        "unit_price": 7.5
      }
    ]
  },
  {
    "order_id": "O202503160016",
    "customer_id": "C0145",
    "channel": "web",
    "created_at": "2025-03-16 21:47:03",
    "payment_status": "paid",
    "items": [
      {
        "sku": "SKU021",
        "qty": 5,
        "unit_price": 24.9
      },
      {
        "sku": "SKU050",
        "qty": 4,
        "unit_price": 24.9
      },
      {
        "sku": "SKU024",
        "qty": 4,
        "unit_price": 19.9
      }
    ]
  },
  {
    "order_id": "O202503160017",
    "customer_id": "C0191",
    "channel": "web",
    "created_at": "2025-03-16 13:36:57",
    "payment_status": "paid",
    "items": [
      {
        "sku": "SKU016",
        "qty": 2,
        "unit_price": 24.9
      },
      {
        "sku": "SKU002",
        "qty": 1,
        "unit_price": 2.5
      },
      {
        "sku": "SKU027",
        "qty": 1,
        "unit_price": 15.0
      }
    ]
  },
  {
    "order_id": "O202503160018",
    "customer_id": "C0353",
    "channel": "app",
    "created_at": "2025-03-16 13:48:44",
    "payment_status": "paid",
    "items": [
      {
        "sku": "SKU032",
        "qty": 5,
        "unit_price": 8.0
      },
      {
        "sku": "SKU038",
        "qty": 1,
        "unit_price": 2.5
      }
    ]
  },
  {
    "order_id": "O202503160019",
    "customer_id": "C0509",
    "channel": "web",
    "created_at": "2025-03-16 14:03:35",
    "payment_status": "paid",
    "items": [
      {
        "sku": "SKU016",
        "qty": 5,
        "unit_price": 24.9
      }
    ]
  },
  {
    "order_id": "O202503160020",
    "customer_id": "C0238",
    "channel": "web",
    "created_at": "2025-03-16 14:58:50",
    "payment_status": "paid",
    "items": [
      {
        "sku": "SKU028",
        "qty": 5,
        "unit_price": 5.0
      },
      {
        "sku": "SKU004",
        "qty": 3,
        "unit_price": 12.5
      },
      {
        "sku": "SKU033",
        "qty": 4,
        "unit_price": 9.9
      }
    ]
  },
  {
    "order_id": "O202503160021",
    "customer_id": "C0643",
    "channel": "web",
    "created_at": "2025-03-16 20:08:10",
    "payment_status": "paid",
    "items": [
      {
        "sku": "SKU028",
        "qty": 2,
        "unit_price": 5.0
      },
      {
        "sku": "SKU008",
        "qty": 5,
        "unit_price": 5.0
      },
      {
        "sku": "SKU025",
        "qty": 3,
        "unit_price": 19.9
      }
    ]
  },
  {
    "order_id": "O202503160022",
    "customer_id": "C0366",
    "channel": "app",
    "created_at": "2025-03-16 19:46:09",
    "payment_status": "pending",
    "items": [
      {
        "sku": "SKU050",
        "qty": 3,
        "unit_price": 9.9
      },
      {
        "sku": "SKU033",
        "qty": 5,
        "unit_price": 2.5
      }
    ]
  },
  {
    "order_id": "O202503160023",
    "customer_id": "C0157",
    "channel": "web",
    "created_at": "2025-03-16 10:08:43",
    "payment_status": "paid",
    "items": [
      {
        "sku": "SKU032",
        "qty": 5,
        "unit_price": 19.9
      },
      {
        "sku": "SKU038",
        "qty": 3,
        "unit_price": 24.9
      }
    ]
  },
  {
    "order_id": "O202503160024",
    "customer_id": "C0017",
    "channel": "app",
    "created_at": "2025-03-16 18:48:55",
    "payment_status": "paid",
    "items": [
      {
        "sku": "SKU049",
        "qty": 5,
        "unit_price": 9.9
      },
      {
        "sku": "SKU046",
        "qty": 4,
        "unit_price": 8.0
      },
      {
        "sku": "SKU032",
        "qty": 2,
        "unit_price": 15.0
      },
      {
        "sku": "SKU020",
        "qty": 2,
        "unit_price": 2.5
      }
    ]
  },
  {
    "order_id": "O202503160025",
    "customer_id": "C0455",
    "channel": "web",
    "created_at": "2025-03-16 12:08:14",
    "payment_status": "paid",
    "items": [
      {
        "sku": "SKU018",
        "qty": 2,
        "unit_price": 15.0
      },
      {
        "sku": "SKU050",
        "qty": 2,
        "unit_price": 9.9
      }
    ]
  },
  {
    "order_id": "O202503160026",
    "customer_id": "C0112",
    "channel": "web",
    "created_at": "2025-03-16 14:20:56",
    "payment_status": "paid",
    "items": [
      {
        "sku": "SKU001",
        "qty": 2,
        "unit_price": 4.0
      },
      {
        "sku": "SKU021",
        "qty": 5,
        "unit_price": 8.0
      },
      {
        "sku": "SKU033",
        "qty": 1,
        "unit_price": 12.5
      },
      {
        "sku": "SKU032",
        "qty": 1,
        "unit_price": 9.9
      }
    ]
  },
  {
    "order_id": "O202503160027",
    "customer_id": "C0518",
    "channel": "app",
    "created_at": "2025-03-16 11:04:33",
    "payment_status": "paid",
    "items": [
      {
        "sku": "SKU006",
        "qty": 2,
        "unit_price": 12.5
      },
      {
        "sku": "SKU002",
        "qty": 3,
        "unit_price": 2.5
      },
      {
        "sku": "SKU009",
        "qty": 4,
        "unit_price": 2.5
      }
    ]
  },
  {
    "order_id": "O202503160028",
    "customer_id": "C0627",
    "channel": "app",
    "created_at": "2025-03-16 15:52:40",
    "payment_status": "paid",
    "items": [
      {
        "sku": "SKU050",
        "qty": 4,
        "unit_price": 15.0
      },
      {
        "sku": "SKU032",
        "qty": 1,
        "unit_price": 2.5
      }
    ]
  },
  {
    "order_id": "O202503160029",
    "customer_id": "C0275",
    "channel": "web",
    "created_at": "2025-03-16 12:28:03",
    "payment_status": "paid",
    "items": [
      {
        "sku": "SKU039",
        "qty": 2,
        "unit_price": 24.9
      }
    ]
  },
  {
    "order_id": "O202503160030",
    "customer_id": "C0569",
    "channel": "web",
    "created_at": "2025-03-16 19:30:29",
    "payment_status": "pending",
    "items": [
      {
        "sku": "SKU029",
        "qty": 3,
        "unit_price": 24.9
      },
      {
        "sku": "SKU026",
        "qty": 5,
        "unit_price": 8.0
      },
      {
        "sku": "SKU006",
        "qty": 3,
        "unit_price": 7.5
      }
    ]
  },
  {
    "order_id": "O202503160031",
    "customer_id": "C0217",
    "channel": "web",
    "created_at": "2025-03-16 14:28:32",
    "payment_status": "paid",
    "items": [
      {
        "sku": "SKU043",
        "qty": 2,
        "unit_price": 9.9
      },
      {
        "sku": "SKU050",
        "qty": 5,
        "unit_price": 4.0
      },
      {
        "sku": "SKU014",
        "qty": 1,
        "unit_price": 4.0
      },
      {
        "sku": "SKU019",
        "qty": 5,
        "unit_price": 19.9
      }
    ]
  },
  {
    "order_id": "O202503160032",
    "customer_id": "C0794",
    "channel": "app",
    "created_at": "2025-03-16 15:44:02",
    "payment_status": "paid",
    "items": [
      {
        "sku": "SKU022",
        "qty": 1,
        "unit_price": 5.0
      },
      {
        "sku": "SKU029",
        "qty": 3,
        "unit_price": 5.0
      },
      {
        "sku": "SKU008",
        "qty": 5,
        "unit_price": 15.0
      },
      {
        "sku": "SKU038",
        "qty": 5,
        "unit_price": 8.0
      }
    ]
  },
  {
    "order_id": "O202503160033",
    "customer_id": "C0355",
    "channel": "app",
    "created_at": "2025-03-16 20:50:17",
    "payment_status": "pending",
    "items": [
      {
        "sku": "SKU025",
        "qty": 1,
        "unit_price": 12.5
      },
      {
        "sku": "SKU029",
        "qty": 1,
        "unit_price": 7.5
      },
      {
        "sku": "SKU020",
        "qty": 2,
        "unit_price": 7.5
      }
    ]
  },
  {
    "order_id": "O202503160034",
    "customer_id": "C0641",
    "channel": "app",
    "created_at": "2025-03-16 17:51:18",
    "payment_status": "paid",
    "items": [
      {
        "sku": "SKU006",
        "qty": 5,
        "unit_price": -24.9
      }
    ]
  },
  {
    "order_id": "O202503160035",
    "customer_id": "C0318",
    "channel": "app",
    "created_at": "2025-03-16 19:47:53",
    "payment_status": "paid",
    "items": [
      {
        "sku": "SKU021",
        "qty": 2,
        "unit_price": 5.0
      }
    ]
  },
  {
    "order_id": "O202503160036",
    "customer_id": "C0544",
    "channel": "web",
    "created_at": "2025-03-16 09:32:30",
    "payment_status": "paid",
    "items": [
      {
        "sku": "SKU003",
        "qty": 2,
        "unit_price": 12.5
      }
    ]
  },
  {
    "order_id": "O202503160037",
    "customer_id": "C0790",
    "channel": "app",
    "created_at": "2025-03-16 15:26:25",
    "payment_status": "pending",
    "items": [
      {
        "sku": "SKU016",
        "qty": 5,
        "unit_price": 2.5
      },
      {
        "sku": "SKU014",
        "qty": 1,
        "unit_price": 12.5
      },
      {
        "sku": "SKU048",
        "qty": 1,
        "unit_price": 7.5
      },
      {
        "sku": "SKU004",
        "qty": 4,
        "unit_price": 15.0
      }
    ]
  },
  {
    "order_id": "O202503160038",
    "customer_id": "C0514",
    "channel": "web",
    "created_at": "2025-03-16 16:05:20",
    "payment_status": "paid",
    "items": [
      {
        "sku": "SKU008",
        "qty": 5,
        "unit_price": 5.0
      }
    ]
  },
  {
    "order_id": "O202503160039",
    "customer_id": "C0599",
    "channel": "web",
    "created_at": "2025-03-16 14:42:42",
    "payment_status": "paid",
    "items": [
      {
        "sku": "SKU008",
        "qty": 3,
        "unit_price": 4.0
      },
      {
        "sku": "SKU033",
        "qty": 5,
        "unit_price": 12.5
      }
    ]
  },
  {
    "order_id": "O202503160040",
    "customer_id": "C0408",
    "channel": "app",
    "created_at": "2025-03-16 09:55:40",
    "payment_status": "paid",
    "items": [
      {
        "sku": "SKU033",
        "qty": 1,
        "unit_price": 19.9
      },
      {
        "sku": "SKU014",
        "qty": 3,
        "unit_price": 24.9
      }
    ]
  },
  {
    "order_id": "O202503160041",
    "customer_id": "C0561",
    "channel": "app",
    "created_at": "2025-03-16 08:26:50",
    "payment_status": "paid",
    "items": [
      {
        "sku": "SKU045",
        "qty": 3,
        "unit_price": 7.5
      },
      {
        "sku": "SKU001",
        "qty": 2,
        "unit_price": 24.9
      }
    ]
  },
  {
    "order_id": "O202503160042",
    "customer_id": "C0192",
    "channel": "web",
    "created_at": "2025-03-16 22:11:03",
    "payment_status": "paid",
    "items": [
      {
        "sku": "SKU015",
        "qty": 3,
        "unit_price": 7.5
      },
      {
        "sku": "SKU041",
        "qty": 3,
        "unit_price": 2.5
      },
      {
        "sku": "SKU037",
        "qty": 2,
        "unit_price": 7.5
      }
    ]
  },
  {
    "order_id": "O202503160043",
    "customer_id": "C0256",
    "channel": "app",
    "created_at": "2025-03-16 19:23:40",
    "payment_status": "paid",
    "items": [
      {
        "sku": "SKU005",
        "qty": 1,
        "unit_price": 19.9
      },
      {
        "sku": "SKU010",
        "qty": 4,
        "unit_price": 9.9
      }
    ]
  },
  {
    "order_id": "O202503160044",
    "customer_id": "C0504",
    "channel": "web",
    "created_at": "2025-03-16 22:32:23",
    "payment_status": "paid",
    "items": [
      {
        "sku": "SKU014",
        "qty": 1,
        "unit_price": 7.5
      },
      {
        "sku": "SKU009",
        "qty": 1,
        "unit_price": 24.9
      },
      {
        "sku": "SKU012",
        "qty": 4,
        "unit_price": 5.0
      },
      {
        "sku": "SKU014",
        "qty": 3,
        "unit_price": 2.5
      }
    ]
  },
  {
    "order_id": "O202503160045",
    "customer_id": "C0575",
    "channel": "web",
    "created_at": "2025-03-16 16:05:54",
    "payment_status": "paid",
    "items": [
      {
        "sku": "SKU015",
        "qty": 1,
        "unit_price": 7.5
      },
      {
        "sku": "SKU046",
        "qty": 1,
        "unit_price": 4.0
      },
      {
        "sku": "SKU040",
        "qty": 5,
        "unit_price": 2.5
      },
      {
        "sku": "SKU045",
        "qty": 3,
        "unit_price": 19.9
      }
    ]
  },
  {
    "order_id": "O202503160046",
    "customer_id": "C0208",
    "channel": "web",
    "created_at": "2025-03-16 11:43:16",
    "payment_status": "paid",
    "items": [
      {
        "sku": "SKU012",
        "qty": 1,
        "unit_price": 5.0
      },
      {
        "sku": "SKU003",
        "qty": 3,
        "unit_price": 8.0
      }
    ]
  },
  {
    "order_id": "O202503160047",
    "customer_id": "C0489",
    "channel": "app",
    "created_at": "2025-03-16 13:07:18",
    "payment_status": "paid",
    "items": [
      {
        "sku": "SKU001",
        "qty": 3,
        "unit_price": 15.0
      },
      {
        "sku": "SKU029",
        "qty": 1,
        "unit_price": 5.0
      },
      {
        "sku": "SKU002",
        "qty": 2,
        "unit_price": 12.5
      }
    ]
  },
  {
    "order_id": "O202503160048",
    "customer_id": "C0049",
    "channel": "app",
    "created_at": "2025-03-16 22:28:52",
    "payment_status": "pending",
    "items": [
      {
        "sku": "SKU042",
        "qty": 4,
        "unit_price": 5.0
      },
      {
        "sku": "SKU028",
        "qty": 3,
        "unit_price": 24.9
      },
      {
        "sku": "SKU037",
        "qty": 4,
        "unit_price": 2.5
      }
    ]
  },
  {
    "order_id": "O202503160049",
    "customer_id": "C0171",
    "channel": "web",
    "created_at": "2025-03-16 08:23:37",
    "payment_status": "paid",
    "items": [
      {
        "sku": "SKU037",
        "qty": 4,
        "unit_price": 19.9
      },
      {
        "sku": "SKU018",
        "qty": 5,
        "unit_price": 7.5
      }
    ]
  },
  {
    "order_id": "O202503160050",
    "customer_id": "C0062",
    "channel": "web",
    "created_at": "2025-03-16 08:45:34",
    "payment_status": "paid",
    "items": [
      {
        "sku": "SKU049",
        "qty": 1,
        "unit_price": 5.0
      },
      {
        "sku": "SKU033",
        "qty": 2,
        "unit_price": 2.5
      }
    ]
  },
  {
    "order_id": "O202503160051",
    "customer_id": "C0619",
    "channel": "app",
    "created_at": "2025-03-16 10:16:52",
    "payment_status": "paid",
    "items": [
      {
        "sku": "SKU012",
        "qty": 1,
        "unit_price": 7.5
      },
      {
        "sku": "SKU042",
        "qty": 3,
        "unit_price": 7.5
      }
    ]
  },
  {
    "order_id": "O202503160052",
    "customer_id": "C0673",
    "channel": "app",
    "created_at": "2025-03-16 11:56:39",
    "payment_status": "pending",
    "items": [
      {
        "sku": "SKU032",
        "qty": 5,
        "unit_price": 4.0
      }
    ]
  },
  {
    "order_id": "O202503160053",
    "customer_id": "C0361",
    "channel": "app",
    "created_at": "2025-03-16 22:51:00",
    "payment_status": "paid",
    "items": [
      {
        "sku": "SKU031",
        "qty": 5,
        "unit_price": 7.5
      }
    ]
  },
  {
    "order_id": "O202503160054",
    "customer_id": "C0485",
    "channel": "app",
    "created_at": "2025-03-16 09:34:23",
    "payment_status": "paid",
    "items": [
      {
        "sku": "SKU010",
        "qty": 2,
        "unit_price": 19.9
      },
      {
        "sku": "SKU042",
        "qty": 1,
        "unit_price": 4.0
      }
    ]
  },
  {
    "order_id": "O202503160055",
    "customer_id": "C0531",
    "channel": "app",
    "created_at": "2025-03-16 11:26:28",
    "payment_status": "paid",
    "items": [
      {
        "sku": "SKU038",
        "qty": 3,
        "unit_price": 4.0
      }
    ]
  },
  {
    "order_id": "O202503160056",
    "customer_id": "C0175",
    "channel": "app",
    "created_at": "2025-03-16 14:20:14",
    "payment_status": "paid",
    "items": [
      {
        "sku": "SKU011",
        "qty": 4,
        "unit_price": 5.0
      },
      {
        "sku": "SKU023",
        "qty": 5,
        "unit_price": 12.5
      },
      {
        "sku": "SKU012",
        "qty": 5,
        "unit_price": 15.0
      },
      {
        "sku": "SKU038",
        "qty": 3,
        "unit_price": 8.0
      }
    ]
  },
  {
    "order_id": "O202503160057",
    "customer_id": "C0679",
    "channel": "web",
    "created_at": "2025-03-16 16:43:52",
    "payment_status": "paid",
    "items": [
      {
        "sku": "SKU005",
        "qty": 3,
        "unit_price": 24.9
      },
      {
        "sku": "SKU014",
        "qty": 4,
        "unit_price": 7.5
      },
      {
        "sku": "SKU002",
        "qty": 3,
        "unit_price": 9.9
      }
    ]
  },
  {
    "order_id": "O202503160058",
    "customer_id": "C0566",
    "channel": "web",
    "created_at": "2025-03-16 10:08:43",
    "payment_status": "failed",
    "items": [
      {
        "sku": "SKU049",
        "qty": 3,
        "unit_price": 12.5
      }
    ]
  },
  {
    "order_id": "O202503160059",
    "customer_id": "C0309",
    "channel": "web",
    "created_at": "2025-03-16 20:29:47",
    "payment_status": "paid",
    "items": [
      {
        "sku": "SKU048",
        "qty": 1,
        "unit_price": 24.9
      },
      {
        "sku": "SKU030",
        "qty": 3,
        "unit_price": 12.5
      },
      {
        "sku": "SKU040",
        "qty": 3,
        "unit_price": 5.0
      }
    ]
  },
  {
    "order_id": "O202503160060",
    "customer_id": "C0711",
    "channel": "web",
    "created_at": "2025-03-16 10:37:37",
    "payment_status": "paid",
    "items": [
      {
        "sku": "SKU045",
        "qty": 5,
        "unit_price": 24.9
      }
    ]
  },
  {
    "order_id": "O202503160061",
    "customer_id": "C0736",
    "channel": "app",
    "created_at": "2025-03-16 21:13:24",
    "payment_status": "paid",
    "items": [
      {
        "sku": "SKU048",
        "qty": 2,
        "unit_price": 15.0
      },
      {
        "sku": "SKU038",
        "qty": 5,
        "unit_price": 19.9
      },
      {
        "sku": "SKU020",
        "qty": 2,
        "unit_price": 4.0
      },
      {
        "sku": "SKU041",
        "qty": 4,
        "unit_price": 15.0
      }
    ]
  },
  {
    "order_id": "O202503160062",
    "customer_id": "C0259",
    "channel": "app",
    "created_at": "2025-03-16 21:22:09",
    "payment_status": "paid",
    "items": [
      {
        "sku": "SKU027",
        "qty": 2,
        "unit_price": 4.0
      },
      {
        "sku": "SKU011",
        "qty": 4,
        "unit_price": 8.0
      },
      {
        "sku": "SKU030",
        "qty": 4,
        "unit_price": 12.5
      }
    ]
  },
  {
    "order_id": "O202503160063",
    "customer_id": "C0245",
    "channel": "app",
    "created_at": "2025-03-16 08:41:35",
    "payment_status": "paid",
    "items": [
      {
        "sku": "SKU008",
        "qty": 4,
        "unit_price": 5.0
      },
      {
        "sku": "SKU047",
        "qty": 5,
        "unit_price": 7.5
      }
    ]
  },
  {
    "order_id": "O202503160064",
    "customer_id": "C0484",
    "channel": "app",
    "created_at": "2025-03-16 12:51:47",
    "payment_status": "paid",
    "items": [
      {
        "sku": "SKU001",
        "qty": 2,
        "unit_price": 7.5
      },
      {
        "sku": "SKU008",
        "qty": 3,
        "unit_price": 7.5
      },
      {
        "sku": "SKU026",
        "qty": 4,
        "unit_price": 19.9
      }
    ]
  },
  {
    "order_id": "O202503160065",
    "customer_id": "C0116",
    "channel": "app",
    "created_at": "2025-03-16 11:29:12",
    "payment_status": "paid",
    "items": [
      {
        "sku": "SKU027",
        "qty": 5,
        "unit_price": 2.5
      },
      {
        "sku": "SKU038",
        "qty": 2,
        "unit_price": 5.0
      },
      {
        "sku": "SKU024",
        "qty": 1,
        "unit_price": 12.5
      }
    ]
  },
  {
    "order_id": "O202503160066",
    "customer_id": "C0340",
    "channel": "web",
    "created_at": "2025-03-16 15:51:44",
    "payment_status": "paid",
    "items": [
      {
        "sku": "SKU038",
        "qty": 3,
        "unit_price": 24.9
      },
      {
        "sku": "SKU034",
        "qty": 2,
        "unit_price": 9.9
      },
      {
        "sku": "SKU018",
        "qty": 1,
        "unit_price": 7.5
      }
    ]
  },
  {
    "order_id": "O202503160067",
    "customer_id": "C0700",
    "channel": "web",
    "created_at": "2025-03-16 14:44:18",
    "payment_status": "paid",
    "items": [
      {
        "sku": "SKU033",
        "qty": 3,
        "unit_price": 2.5
      }
    ]
  },
  {
    "order_id": "O202503160068",
    "customer_id": "C0084",
    "channel": "app",
    "created_at": "2025-03-16 10:32:06",
    "payment_status": "paid",
    "items": [
      {
        "sku": "SKU039",
        "qty": 2,
        "unit_price": 19.9
      },
      {
        "sku": "SKU036",
        "qty": 2,
        "unit_price": 9.9
      },
      {
        "sku": "SKU006",
        "qty": 3,
        "unit_price": 4.0
      }
    ]
  },
  {
    "order_id": "O202503160069",
    "customer_id": "C0743",
    "channel": "web",
    "created_at": "2025-03-16 19:01:28",
    "payment_status": "pending",
    "items": [
      {
        "sku": "SKU050",
        "qty": 3,
        "unit_price": 24.9
      },
      {
        "sku": "SKU026",
        "qty": 1,
        "unit_price": 19.9
      },
      {
        "sku": "SKU010",
        "qty": 1,
        "unit_price": 2.5
      },
      {
        "sku": "SKU010",
        "qty": 2,
        "unit_price": 5.0
      }
    ]
  },
  {
    "order_id": "O202503160070",
    "customer_id": "C0065",
    "channel": "web",
    "created_at": "2025-03-16 15:54:28",
    "payment_status": "paid",
    "items": [
      {
        "sku": "SKU036",
        "qty": 2,
        "unit_price": 15.0
      },
      {
        "sku": "SKU033",
        "qty": 3,
        "unit_price": 24.9
      },
      {
        "sku": "SKU011",
        "qty": 3,
        "unit_price": 5.0
      }
    ]
  },
  {
    "order_id": "O202503160071",
    "customer_id": "C0067",
    "channel": "web",
    "created_at": "2025-03-16 10:47:11",
    "payment_status": "pending",
    "items": [
      {
        "sku": "SKU017",
        "qty": 4,
        "unit_price": 24.9
      },
      {
        "sku": "SKU044",
        "qty": 2,
        "unit_price": 19.9
      },
      {
        "sku": "SKU042",
        "qty": 4,
        "unit_price": 9.9
      },
      {
        "sku": "SKU044",
        "qty": 1,
        "unit_price": 19.9
      }
    ]
  },
  {
    "order_id": "O202503160072",
    "customer_id": "C0387",
    "channel": "web",
    "created_at": "2025-03-16 19:41:09",
    "payment_status": "paid",
    "items": [
      {
        "sku": "SKU016",
        "qty": 2,
        "unit_price": 15.0
      },
      {
        "sku": "SKU023",
        "qty": 1,
        "unit_price": 4.0
      },
      {
        "sku": "SKU005",
        "qty": 5,
        "unit_price": 19.9
      }
    ]
  },
  {
    "order_id": "O202503160073",
    "customer_id": "C0461",
    "channel": "web",
    "created_at": "2025-03-16 11:06:07",
    "payment_status": "paid",
    "items": [
      {
        "sku": "SKU045",
        "qty": 4,
        "unit_price": 2.5
      },
      {
        "sku": "SKU014",
        "qty": 2,
        "unit_price": 7.5
      },
      {
        "sku": "SKU033",
        "qty": 3,
        "unit_price": 24.9
      },
      {
        "sku": "SKU045",
        "qty": 1,
        "unit_price": 7.5
      }
    ]
  },
  {
    "order_id": "O202503160074",
    "customer_id": "C0067",
    "channel": "app",
    "created_at": "2025-03-16 08:47:51",
    "payment_status": "paid",
    "items": [
      {
        "sku": "SKU035",
        "qty": 5,
        "unit_price": 12.5
      }
    ]
  },
  {
    "order_id": "O202503160075",
    "customer_id": "C0053",
    "channel": "app",
    "created_at": "2025-03-16 15:50:23",
    "payment_status": "paid",
    "items": [
      {
        "sku": "SKU043",
        "qty": 3,
        "unit_price": 9.9
      },
      {
        "sku": "SKU031",
        "qty": 2,
        "unit_price": 9.9
      },
      {
        "sku": "SKU009",
        "qty": 1,
        "unit_price": 24.9
      },
      {
        "sku": "SKU024",
        "qty": 2,
        "unit_price": 8.0
      }
    ]
  },
  {
    "order_id": "O202503160076",
    "customer_id": "C0668",
    "channel": "web",
    "created_at": "2025-03-16 20:17:38",
    "payment_status": "failed",
    "items": [
      {
        "sku": "SKU018",
        "qty": 3,
        "unit_price": 5.0
      },
      {
        "sku": "SKU005",
        "qty": 4,
        "unit_price": 19.9
      },
      {
        "sku": "SKU037",
        "qty": 3,
        "unit_price": 15.0
      },
      {
        "sku": "SKU037",
        "qty": 4,
        "unit_price": 4.0
      }
    ]
  },
  {
    "order_id": "O202503160077",
    "customer_id": "C0289",
    "channel": "app",
    "created_at": "2025-03-16 07:35:33",
    "payment_status": "paid",
    "items": [
      {
        "sku": "SKU032",
        "qty": 3,
        "unit_price": 5.0
      },
      {
        "sku": "SKU039",
        "qty": 4,
        "unit_price": 2.5
      },
      {
        "sku": "SKU017",
        "qty": 2,
        "unit_price": 15.0
      },
      {
        "sku": "SKU021",
        "qty": 4,
        "unit_price": 7.5
      }
    ]
  },
  {
    "order_id": "O202503160078",
    "customer_id": "C0608",
    "channel": "web",
    "created_at": "2025-03-16 20:09:26",
    "payment_status": "paid",
    "items": [
      {
        "sku": "SKU031",
        "qty": 3,
        "unit_price": 15.0
      },
      {
        "sku": "SKU045",
        "qty": 5,
        "unit_price": 12.5
      }
    ]
  },
  {
    "order_id": "O202503160079",
    "customer_id": "C0504",
    "channel": "app",
    "created_at": "2025-03-16 17:13:03",
    "payment_status": "paid",
    "items": [
      {
        "sku": "SKU006",
        "qty": 1,
        "unit_price": 24.9
      },
      {
        "sku": "SKU017",
        "qty": 5,
        "unit_price": 4.0
      }
    ]
  },
  {
    "order_id": "O202503160080",
    "customer_id": "C0681",
    "channel": "web",
    "created_at": "2025-03-16 09:27:01",
    "payment_status": "paid",
    "items": [
      {
        "sku": "SKU012",
        "qty": 1,
        "unit_price": 9.9
      },
      {
        "sku": "SKU020",
        "qty": 5,
        "unit_price": 5.0
      }
    ]
  },
  {
    "order_id": "O202503160081",
    "customer_id": "C0654",
    "channel": "web",
    "created_at": "2025-03-16 15:58:52",
    "payment_status": "paid",
    "items": [
      {
        "sku": "SKU030",
        "qty": 4,
        "unit_price": 7.5
      }
    ]
  },
  {
    "order_id": "O202503160082",
    "customer_id": "C0789",
    "channel": "web",
    "created_at": "2025-03-16 09:52:25",
    "payment_status": "pending",
    "items": [
      {
        "sku": "SKU003",
        "qty": 5,
        "unit_price": 9.9
      },
      {
        "sku": "SKU036",
        "qty": 3,
        "unit_price": 24.9
      },
      {
        "sku": "SKU005",
        "qty": 4,
        "unit_price": 8.0
      },
      {
        "sku": "SKU035",
        "qty": 2,
        "unit_price": 24.9
      }
    ]
  },
  {
    "order_id": "O202503160083",
    "customer_id": "C0445",
    "channel": "web",
    "created_at": "2025-03-16 16:51:46",
    "payment_status": "paid",
    "items": [
      {
        "sku": "SKU026",
        "qty": 5,
        "unit_price": 12.5
      },
      {
        "sku": "SKU003",
        "qty": 3,
        "unit_price": 15.0
      },
      {
        "sku": "SKU035",
        "qty": 5,
        "unit_price": 2.5
      }
    ]
  },
  {
    "order_id": "O202503160084",
    "customer_id": "C0566",
    "channel": "app",
    "created_at": "2025-03-16 09:16:57",
    "payment_status": "paid",
    "items": [
      {
        "sku": "SKU014",
        "qty": 1,
        "unit_price": 12.5
      },
      {
        "sku": "SKU028",
        "qty": 3,
        "unit_price": 19.9
      }
    ]
  },
  {
    "order_id": "O202503160085",
    "customer_id": "C0030",
    "channel": "web",
    "created_at": "2025-03-16 13:25:41",
    "payment_status": "paid",
    "items": [
      {
        "sku": "SKU047",
        "qty": 4,
        "unit_price": 2.5
      },
      {
        "sku": "SKU001",
        "qty": 4,
        "unit_price": 24.9
      }
    ]
  },
  {
    "order_id": "O202503160086",
    "customer_id": "C0282",
    "channel": "app",
    "created_at": "2025-03-16 16:41:00",
    "payment_status": "paid",
    "items": [
      {
        "sku": "SKU006",
        "qty": 5,
        "unit_price": 7.5
      },
      {
        "sku": "SKU022",
        "qty": 1,
        "unit_price": 7.5
      },
      {
        "sku": "SKU035",
        "qty": 1,
        "unit_price": 7.5
      }
    ]
  },
  {
    "order_id": "O202503160087",
    "customer_id": "C0091",
    "channel": "app",
    "created_at": "2025-03-16 12:12:19",
    "payment_status": "failed",
    "items": [
      {
        "sku": "SKU040",
        "qty": 3,
        "unit_price": 2.5
      },
      {
        "sku": "SKU045",
        "qty": 4,
        "unit_price": 2.5
      },
      {
        "sku": "SKU029",
        "qty": 1,
        "unit_price": 12.5
      },
      {
        "sku": "SKU041",
        "qty": 4,
        "unit_price": 4.0
      }
    ]
  },
  {
    "order_id": "O202503160088",
    "customer_id": "C0467",
    "channel": "app",
    "created_at": "2025-03-16 21:12:02",
    "payment_status": "paid",
    "items": [
      {
        "sku": "SKU030",
        "qty": 5,
        "unit_price": 9.9
      },
      {
        "sku": "SKU007",
        "qty": 4,
        "unit_price": 12.5
      },
      {
        "sku": "SKU014",
        "qty": 1,
        "unit_price": 2.5
      },
      {
        "sku": "SKU019",
        "qty": 4,
        "unit_price": 24.9
      }
    ]
  },
  {
    "order_id": "O202503160089",
    "customer_id": "C0377",
    "channel": "web",
    "created_at": "2025-03-16 09:42:04",
    "payment_status": "failed",
    "items": [
      {
        "sku": "SKU038",
        "qty": 2,
        "unit_price": 15.0
      },
      {
        "sku": "SKU018",
        "qty": 4,
        "unit_price": 5.0
      }
    ]
  },
  {
    "order_id": "O202503160090",
    "customer_id": "C0497",
    "channel": "app",
    "created_at": "2025-03-16 12:37:56",
    "payment_status": "paid",
    "items": [
      {
        "sku": "SKU043",
        "qty": 4,
        "unit_price": 7.5
      },
      {
        "sku": "SKU049",
        "qty": 4,
        "unit_price": 24.9
      }
    ]
  },
  {
    "order_id": "O202503160091",
    "customer_id": "C0187",
    "channel": "web",
    "created_at": "2025-03-16 20:29:15",
    "payment_status": "paid",
    "items": [
      {
        "sku": "SKU036",
        "qty": 5,
        "unit_price": 24.9
      },
      {
        "sku": "SKU015",
        "qty": 5,
        "unit_price": 15.0
      },
      {
        "sku": "SKU006",
        "qty": 1,
        "unit_price": 8.0
      },
      {
        "sku": "SKU034",
        "qty": 4,
        "unit_price": 24.9
      }
    ]
  },
  {
    "order_id": "O202503160092",
    "customer_id": "C0204",
    "channel": "web",
    "created_at": "2025-03-16 14:31:59",
    "payment_status": "paid",
    "items": [
      {
        "sku": "SKU025",
        "qty": 3,
        "unit_price": 5.0
      },
      {
        "sku": "SKU008",
        "qty": 4,
        "unit_price": 19.9
      },
      {
        "sku": "SKU004",
        "qty": 4,
        "unit_price": 19.9
      },
      {
        "sku": "SKU010",
        "qty": 3,
        "unit_price": 2.5
      }
    ]
  },
  {
    "order_id": "O202503160093",
    "customer_id": "C0044",
    "channel": "app",
    "created_at": "2025-03-16 20:32:07",
    "payment_status": "pending",
    "items": [
      {
        "sku": "SKU040",
        "qty": 1,
        "unit_price": 4.0
      },
      {
        "sku": "SKU014",
        "qty": 4,
        "unit_price": 2.5
      },
      {
        "sku": "SKU021",
        "qty": 5,
        "unit_price": 8.0
      },
      {
        "sku": "SKU041",
        "qty": 1,
        "unit_price": 19.9
      }
    ]
  },
  {
    "order_id": "O202503160094",
    "customer_id": "C0479",
    "channel": "app",
    "created_at": "2025-03-16 07:00:18",
    "payment_status": "paid",
    "items": [
      {
        "sku": "SKU037",
        "qty": 4,
        "unit_price": 5.0
      },
      {
        "sku": "SKU049",
        "qty": 2,
        "unit_price": 24.9
      },
      {
        "sku": "SKU012",
        "qty": 5,
        "unit_price": 2.5
      },
      {
        "sku": "SKU032",
        "qty": 2,
        "unit_price": 9.9
      }
    ]
  },
  {
    "order_id": "O202503160095",
    "customer_id": "C0312",
    "channel": "app",
    "created_at": "2025-03-16 13:10:07",
    "payment_status": "paid",
    "items": [
      {
        "sku": "SKU039",
        "qty": 1,
        "unit_price": 24.9
      },
      {
        "sku": "SKU023",
        "qty": 3,
        "unit_price": 24.9
      },
      {
        "sku": "SKU045",
        "qty": 1,
        "unit_price": -24.9
      },
      {
        "sku": "SKU013",
        "qty": 5,
        "unit_price": 9.9
      }
    ]
  },
  {
    "order_id": "O202503160096",
    "customer_id": "C0168",
    "channel": "web",
    "created_at": "2025-03-16 20:46:25",
    "payment_status": "paid",
    "items": [
      {
        "sku": "SKU038",
        "qty": 2,
        "unit_price": 5.0
      },
      {
        "sku": "SKU032",
        "qty": 4,
        "unit_price": 4.0
      },
      {
        "sku": "SKU027",
        "qty": 1,
        "unit_price": 12.5
      }
    ]
  },
  {
    "order_id": "O202503160097",
    "customer_id": "C0508",
    "channel": "web",
    "created_at": "2025-03-16 18:21:38",
    "payment_status": "paid",
    "items": [
      {
        "sku": "SKU047",
        "qty": 3,
        "unit_price": 4.0
      }
    ]
  },
  {
    "order_id": "O202503160098",
    "customer_id": "C0159",
    "channel": "app",
    "created_at": "2025-03-16 13:23:05",
    "payment_status": "paid",
    "items": [
      {
        "sku": "SKU023",
        "qty": 4,
        "unit_price": 4.0
      }
    ]
  },
  {
    "order_id": "O202503160099",
    "customer_id": "C0231",
    "channel": "app",
    "created_at": "2025-03-16 13:28:15",
    "payment_status": "paid",
    "items": [
      {
        "sku": "SKU015",
        "qty": 5,
        "unit_price": 24.9
      }
    ]
  },
  {
    "order_id": "O202503160100",
    "customer_id": "C0297",
    "channel": "app",
    "created_at": "2025-03-16 14:30:44",
    "payment_status": "pending",
    "items": [
      {
        "sku": "SKU008",
        "qty": 1,
        "unit_price": 9.9
      },
      {
        "sku": "SKU046",
        "qty": 5,
        "unit_price": 8.0
      }
    ]
  },
  {
    "order_id": "O202503160037",
    "customer_id": "C0790",
    "channel": "app",
    "created_at": "2025-03-16 15:26:25",
    "payment_status": "pending",
    "items": [
      {
        "sku": "SKU016",
        "qty": 5,
        "unit_price": 2.5
      },
      {
        "sku": "SKU014",
        "qty": 1,
        "unit_price": 12.5
      },
      {
        "sku": "SKU048",
        "qty": 1,
        "unit_price": 7.5
      },
      {
        "sku": "SKU004",
        "qty": 4,
        "unit_price": 15.0
      }
    ]
  },
  {
    "order_id": "O202503160021",
    "customer_id": "C0643",
    "channel": "web",
    "created_at": "2025-03-16 20:08:10",
    "payment_status": "paid",
    "items": [
      {
        "sku": "SKU028",
        "qty": 2,
        "unit_price": 5.0
      },
      {
        "sku": "SKU008",
        "qty": 5,
        "unit_price": 5.0
      },
      {
        "sku": "SKU025",
        "qty": 3,
        "unit_price": 19.9
      }
    ]
  },
  {
    "order_id": "O202503160098",
    "customer_id": "C0159",
    "channel": "app",
    "created_at": "2025-03-16 13:23:05",
    "payment_status": "paid",
    "items": [
      {
        "sku": "SKU023",
        "qty": 4,
        "unit_price": 4.0
      }
    ]
  }
]